{
"type": "FeatureCollection",
"name": "Aldea Rio Blanco",
"crs": { "type": "name", "properties": { "name": "urn:ogc:def:crs:OGC:1.3:CRS84" } },
"features": [
{ "type": "Feature", "properties": { "GEOCODIGO": "100613", "NOMBRE": "Río Blanco", "COD_ALDEA": "100613", "COD_MUNI": "1006", "COD_DEPTO": "10", "Km2": 37.2951, "Densidad": 37.592, "Shape_Leng": 28291.700384899999, "Shape_Area": 37295146.820299998, "Area_Has": null }, "geometry": { "type": "MultiPolygon", "coordinates": [ [ [ [ -88.187475254459457, 14.609471911802265 ], [ -88.187474117627374, 14.609477153376828 ], [ -88.187454833519894, 14.609558632271883 ], [ -88.18744546696017, 14.609598207408331 ], [ -88.187444023642769, 14.609603656651984 ], [ -88.187434377774338, 14.609640073043295 ], [ -88.18742354614642, 14.609678935654498 ], [ -88.187422708285141, 14.609681941686452 ], [ -88.18741045819219, 14.60972381325792 ], [ -88.187397332206956, 14.609764559309516 ], [ -88.187377909055328, 14.609821158022399 ], [ -88.187293852434067, 14.61005097157855 ], [ -88.187281556103343, 14.61008262115041 ], [ -88.187181681250692, 14.610339688020085 ], [ -88.187154843369555, 14.610403994447326 ], [ -88.187153325628017, 14.610407631060884 ], [ -88.187123809186403, 14.610475580015637 ], [ -88.187107855226799, 14.610510922522163 ], [ -88.1870931330063, 14.610543535410477 ], [ -88.187061290048646, 14.610610366395779 ], [ -88.187060461454593, 14.610612015754556 ], [ -88.187028280182361, 14.610676073355284 ], [ -88.186993826428662, 14.610742917447952 ], [ -88.186948433886585, 14.610825636908762 ], [ -88.18693620436882, 14.610846561340969 ], [ -88.186933198364287, 14.610851704387004 ], [ -88.186917672573159, 14.610877772976707 ], [ -88.186901566583288, 14.610903844518136 ], [ -88.186889300441152, 14.610923012073524 ], [ -88.186884879976404, 14.610929919286292 ], [ -88.186876618721826, 14.610942054892867 ], [ -88.18686789804012, 14.610954865028607 ], [ -88.186858213195237, 14.610968623102467 ], [ -88.186850335179969, 14.610979814146077 ], [ -88.186832482582147, 14.611004764526971 ], [ -88.186814049786392, 14.611029717859271 ], [ -88.186807233256957, 14.611038389289588 ], [ -88.186795320956776, 14.611053542755901 ], [ -88.186782395883313, 14.611069492493366 ], [ -88.186776011666566, 14.61107737052957 ], [ -88.186749201961334, 14.611109146356862 ], [ -88.186729306998842, 14.611131847166579 ], [ -88.186709121470997, 14.611154549453369 ], [ -88.186688349681077, 14.611176124743093 ], [ -88.186667287325719, 14.611197701509685 ], [ -88.186645645700054, 14.611219281222061 ], [ -88.186639829286634, 14.611224775779728 ], [ -88.186623997142362, 14.611239731482886 ], [ -88.186605927251151, 14.611257281253454 ], [ -88.186601774326505, 14.611261314559234 ], [ -88.186579249805931, 14.611280638800997 ], [ -88.18655615129417, 14.611301095812543 ], [ -88.186516287662613, 14.611332937970369 ], [ -88.18647411518549, 14.611367051967839 ], [ -88.186466292014515, 14.611372840730935 ], [ -88.186431059870813, 14.611398910521864 ], [ -88.186399597426515, 14.611421884006841 ], [ -88.186387425157633, 14.611430771943878 ], [ -88.186343493866204, 14.611461504921301 ], [ -88.186326752233072, 14.611472990991286 ], [ -88.186298692255178, 14.61149224214107 ], [ -88.186253588555374, 14.61152072103928 ], [ -88.1862079107093, 14.611550332828662 ], [ -88.186160486202795, 14.61157882351495 ], [ -88.186094542979248, 14.611616448209002 ], [ -88.186059031670467, 14.611636014921737 ], [ -88.186028304647905, 14.6116529449376 ], [ -88.185961195658194, 14.611689445624895 ], [ -88.185893494328923, 14.611723689342204 ], [ -88.185777171485526, 14.611779649912235 ], [ -88.185725667169621, 14.611804771376434 ], [ -88.185674743039286, 14.611829889880406 ], [ -88.185624115053756, 14.611856136850609 ], [ -88.185622784825, 14.611856864515968 ], [ -88.185574073099374, 14.611883510703631 ], [ -88.185524321588602, 14.611910883121441 ], [ -88.185447113236563, 14.611957604745362 ], [ -88.185374428433377, 14.612002656938275 ], [ -88.185292709321516, 14.61205330830021 ], [ -88.185140353827435, 14.612152391026745 ], [ -88.184968936387108, 14.612267390269174 ], [ -88.184937146523083, 14.612290151437662 ], [ -88.184928541881007, 14.612296368594555 ], [ -88.184905646662443, 14.612312910962014 ], [ -88.184874732767085, 14.612336797599024 ], [ -88.184844109428042, 14.612360682756087 ], [ -88.184814066280254, 14.612384564961779 ], [ -88.184761220797114, 14.612430032617537 ], [ -88.184682682213307, 14.6124993612578 ], [ -88.184648186084814, 14.612531829012337 ], [ -88.184576458430882, 14.612599338989202 ], [ -88.184566786419978, 14.61260867059227 ], [ -88.184398670238053, 14.612770868979826 ], [ -88.184269739362477, 14.612897317784249 ], [ -88.184222629223527, 14.612943520673614 ], [ -88.184160880505132, 14.613005983265264 ], [ -88.184139200624287, 14.613028523464282 ], [ -88.184099717599594, 14.613069572675515 ], [ -88.184020671911782, 14.613152462543839 ], [ -88.183942502056709, 14.61323647882559 ], [ -88.183938943980408, 14.613240656322189 ], [ -88.183926069526748, 14.613255771634087 ], [ -88.183914112857096, 14.613270871392681 ], [ -88.183910796742609, 14.613275059100618 ], [ -88.183907180460139, 14.613280291995505 ], [ -88.183896690965824, 14.61329547017324 ], [ -88.18388694536722, 14.6133108315399 ], [ -88.183883745122841, 14.613315875704176 ], [ -88.183871675861127, 14.613337406589642 ], [ -88.183858476445806, 14.613364593109701 ], [ -88.183846443479098, 14.613392903686769 ], [ -88.183844107011353, 14.613398536545541 ], [ -88.183834700630598, 14.613421212942173 ], [ -88.183830111429685, 14.613433643905942 ], [ -88.183823833625297, 14.613450647426772 ], [ -88.183813251617025, 14.613478950636333 ], [ -88.183803254928904, 14.613508380853528 ], [ -88.183793542758238, 14.613536680550496 ], [ -88.183789934547264, 14.613548696941768 ], [ -88.183784707226749, 14.613566104502386 ], [ -88.183776161466085, 14.61359552743105 ], [ -88.183768156595775, 14.613625968025632 ], [ -88.183763366808549, 14.613644181794276 ], [ -88.183760777137067, 14.613655763428708 ], [ -88.183756283859282, 14.613675857100013 ], [ -88.183751237459006, 14.613708652212173 ], [ -88.183748795593033, 14.613730917416401 ], [ -88.183747641431665, 14.61374143986121 ], [ -88.18374709462617, 14.613751103226631 ], [ -88.183745786282714, 14.613774218874285 ], [ -88.183745961711608, 14.613806987478974 ], [ -88.183747290201111, 14.613833755386882 ], [ -88.183747587548623, 14.613839748349651 ], [ -88.183751244206604, 14.613872500095024 ], [ -88.183753034174131, 14.613883592198528 ], [ -88.183756345415858, 14.613904113270683 ], [ -88.183763483294342, 14.613936846531082 ], [ -88.183768907277852, 14.613956814962233 ], [ -88.183772065515328, 14.613968442646629 ], [ -88.183775926712642, 14.613979840992469 ], [ -88.183782382542446, 14.613998899631868 ], [ -88.183791798898113, 14.614023711446116 ], [ -88.183798641100893, 14.614038726633632 ], [ -88.183802073286429, 14.614046258884882 ], [ -88.183814378542081, 14.614068796000891 ], [ -88.183818024272284, 14.614074469956394 ], [ -88.183828128490006, 14.614090195985447 ], [ -88.183843322698934, 14.614110458534203 ], [ -88.183859671269374, 14.614129585238713 ], [ -88.183877754405842, 14.614147573153074 ], [ -88.183896997954108, 14.614165555174392 ], [ -88.183907591911733, 14.614173135269004 ], [ -88.183917383785115, 14.614180141890103 ], [ -88.183938929952063, 14.614194722222082 ], [ -88.183961334788535, 14.614207038233134 ], [ -88.184002921703936, 14.614226036716001 ], [ -88.184038386701744, 14.614239416381155 ], [ -88.184073845651994, 14.614251666091993 ], [ -88.184109589119785, 14.614262784372981 ], [ -88.184145622228172, 14.614273901177306 ], [ -88.184178629876953, 14.614284001770329 ], [ -88.184181945644724, 14.614285016434675 ], [ -88.184183882123463, 14.614285548868558 ], [ -88.184218262605484, 14.614295001873169 ], [ -88.184254863821621, 14.614303855816038 ], [ -88.184295342954428, 14.614313084084788 ], [ -88.184317895112002, 14.614318225477232 ], [ -88.184420416254852, 14.614339174427569 ], [ -88.184523511565033, 14.614358990432507 ], [ -88.184626884884608, 14.614376545013711 ], [ -88.184730246107932, 14.614391839644977 ], [ -88.184794975477146, 14.614400672117172 ], [ -88.184857988370325, 14.61440927071431 ], [ -88.185249294646638, 14.614453611087004 ], [ -88.185491891907134, 14.614475077749548 ], [ -88.185985944111508, 14.614518794339432 ], [ -88.186080269841071, 14.614526224443757 ], [ -88.186174317595487, 14.614535915886789 ], [ -88.186268371417711, 14.614546737242032 ], [ -88.186315581375752, 14.614552755054131 ], [ -88.186362141170264, 14.614558690383495 ], [ -88.186536940975088, 14.61458718037054 ], [ -88.186778844988908, 14.614629942734773 ], [ -88.186928380837216, 14.614656376778095 ], [ -88.187319259315558, 14.61472896557418 ], [ -88.187675727891275, 14.614795824298652 ], [ -88.187794358672463, 14.614818074523846 ], [ -88.18795441791508, 14.614846935537068 ], [ -88.188269730526088, 14.614903790921979 ], [ -88.188648416270709, 14.614969000646182 ], [ -88.188887948245139, 14.615010247909485 ], [ -88.18909677919072, 14.615043077461397 ], [ -88.189507568895422, 14.61510765596743 ], [ -88.189565213641444, 14.61511705213552 ], [ -88.189642008128246, 14.615129570158357 ], [ -88.189776162989361, 14.615152615145286 ], [ -88.190001532507807, 14.615197794068312 ], [ -88.190121748528696, 14.61522482067484 ], [ -88.19012439812856, 14.615225416352374 ], [ -88.190343149824059, 14.615280798732453 ], [ -88.191151989667617, 14.615498144227237 ], [ -88.191959984953385, 14.615720011033661 ], [ -88.192083695224795, 14.61575473931272 ], [ -88.192351357802352, 14.61582987825234 ], [ -88.192595037430323, 14.615898335504932 ], [ -88.192742440345185, 14.615939745612694 ], [ -88.192914449949427, 14.615988584711094 ], [ -88.192977999077286, 14.616005794628073 ], [ -88.193086447615016, 14.616035164202298 ], [ -88.1932569824491, 14.616079490488501 ], [ -88.193428091448183, 14.616122683730035 ], [ -88.193443462744568, 14.616126405026202 ], [ -88.193807473186936, 14.616214529718158 ], [ -88.194005495085264, 14.616261254756033 ], [ -88.194187132899117, 14.616304113970312 ], [ -88.19442403379017, 14.616357920499139 ], [ -88.194517976837645, 14.616379257526594 ], [ -88.19484966644373, 14.616449876567851 ], [ -88.195327945886874, 14.616550479871124 ], [ -88.195410800789546, 14.616567907883534 ], [ -88.195970800448393, 14.616690463928686 ], [ -88.196383274190907, 14.616785525423404 ], [ -88.196398855916613, 14.616789300546172 ], [ -88.196794322557764, 14.616885113822274 ], [ -88.197251885667526, 14.617002542216655 ], [ -88.197321365585509, 14.61702130272826 ], [ -88.197707738719316, 14.617125628742977 ], [ -88.197831229253964, 14.617161153446171 ], [ -88.197954151863158, 14.617198940947436 ], [ -88.198060642852113, 14.61723281684921 ], [ -88.198076500464566, 14.617237861342238 ], [ -88.198197990858418, 14.617279046144914 ], [ -88.198318623229213, 14.617322495245078 ], [ -88.198390452388765, 14.617350169383126 ], [ -88.198448866245542, 14.617372675108626 ], [ -88.19848201162992, 14.617386064399223 ], [ -88.198514866449699, 14.61739945517861 ], [ -88.198547437760041, 14.617413977384469 ], [ -88.19857972556143, 14.617429631016877 ], [ -88.198611716671593, 14.61744415619612 ], [ -88.198643720040408, 14.617460941255176 ], [ -88.198675143205421, 14.617477729292746 ], [ -88.198688396614401, 14.617484876520676 ], [ -88.198706276548165, 14.617494518867108 ], [ -88.198737125719944, 14.617512439880432 ], [ -88.198767974896555, 14.617530360889262 ], [ -88.198814551031347, 14.617559500792963 ], [ -88.198842094395843, 14.617577454353192 ], [ -88.198926349373437, 14.617632374778903 ], [ -88.19903316849053, 14.617702367888949 ], [ -88.199037568304078, 14.617705250886246 ], [ -88.199162483190946, 14.617789356654331 ], [ -88.199286527853744, 14.61787346682474 ], [ -88.199423947820549, 14.617968174949581 ], [ -88.199515995062882, 14.618031612980227 ], [ -88.199745173754081, 14.618189760753937 ], [ -88.199820044967211, 14.618241925983023 ], [ -88.200001151731115, 14.618368109113703 ], [ -88.20010768625761, 14.618442888982115 ], [ -88.200256846089047, 14.618547589142031 ], [ -88.200353251921399, 14.618617151065829 ], [ -88.200448212957951, 14.618687850358427 ], [ -88.20054231648129, 14.618760814873864 ], [ -88.200634685564225, 14.618834917348856 ], [ -88.200726190065041, 14.618910154208757 ], [ -88.200884177390193, 14.619047197943578 ], [ -88.200927321833504, 14.619085394744584 ], [ -88.200970749793612, 14.619122460102918 ], [ -88.201015048550772, 14.619159520965349 ], [ -88.20103612877395, 14.61917587015054 ], [ -88.201059915795483, 14.619194319038508 ], [ -88.201105652944719, 14.619229112635621 ], [ -88.20115168021519, 14.619263904727758 ], [ -88.201198565539485, 14.61929643243664 ], [ -88.20122286962804, 14.61931318945604 ], [ -88.201245740913578, 14.619328959016469 ], [ -88.201329592498624, 14.619383895538471 ], [ -88.201408233350577, 14.619432621017788 ], [ -88.201465243411647, 14.619467944405901 ], [ -88.201610189865789, 14.619554205418648 ], [ -88.201890157995535, 14.619715478564848 ], [ -88.201992948322939, 14.619773498674251 ], [ -88.202171855246547, 14.61987448284688 ], [ -88.202282364782931, 14.619935572253299 ], [ -88.202422980144348, 14.620013304164289 ], [ -88.202488525349992, 14.620049411075561 ], [ -88.20267497560576, 14.620152121409667 ], [ -88.20270639421156, 14.620167778902298 ], [ -88.202740719115965, 14.62018455136562 ], [ -88.20281400450736, 14.620216942382365 ], [ -88.202832199813685, 14.620224952291892 ], [ -88.202887580083598, 14.620249331873238 ], [ -88.203007156068225, 14.620299126687936 ], [ -88.203281580840454, 14.620413404966349 ], [ -88.203561140558435, 14.620529560566858 ], [ -88.203676452756568, 14.620577472203371 ], [ -88.203749946545798, 14.620607634880264 ], [ -88.203877663503377, 14.620660051555824 ], [ -88.204079453913849, 14.62074262708536 ], [ -88.204144685530764, 14.620769083524143 ], [ -88.204222507911609, 14.62080064669056 ], [ -88.204365567781281, 14.620859796199609 ], [ -88.204404221773913, 14.620876450556301 ], [ -88.204453680205773, 14.620897760444725 ], [ -88.204541218765797, 14.620936857052877 ], [ -88.20462789272554, 14.620977088065725 ], [ -88.204663135448911, 14.620994150850533 ], [ -88.204741046847516, 14.621031871858181 ], [ -88.204832973863887, 14.621077725649279 ], [ -88.204925758922201, 14.621121315017076 ], [ -88.204978195085886, 14.621145086395765 ], [ -88.205019408193181, 14.621163770288899 ], [ -88.20512990818051, 14.62121065774134 ], [ -88.205213941016225, 14.621245252321156 ], [ -88.205298837574475, 14.621278712431007 ], [ -88.205341993457608, 14.621294164485871 ], [ -88.205445052469798, 14.621331065097309 ], [ -88.205512856493954, 14.621355106309244 ], [ -88.205655504860474, 14.621405685260751 ], [ -88.205940700003367, 14.621513816934051 ], [ -88.205959367230363, 14.621521203936387 ], [ -88.206143640537192, 14.621594124939692 ], [ -88.206245361459082, 14.621636317586759 ], [ -88.206345439029135, 14.621677828938138 ], [ -88.20638615297544, 14.621695697726205 ], [ -88.206426286709998, 14.621713569510069 ], [ -88.206466136975038, 14.621732572724477 ], [ -88.206490684977624, 14.6217452928631 ], [ -88.206507159690048, 14.621753829734223 ], [ -88.206528103116483, 14.621763891083324 ], [ -88.206538026911261, 14.62176926754598 ], [ -88.20654876236479, 14.62177508387143 ], [ -88.206569137862587, 14.62178740806292 ], [ -88.206589507192675, 14.621798602313895 ], [ -88.206598316031616, 14.621804007858689 ], [ -88.206609592979234, 14.621810928124177 ], [ -88.206646566494825, 14.621834466157825 ], [ -88.206679472309503, 14.621856895270872 ], [ -88.206712088020723, 14.621879325880714 ], [ -88.206793777116047, 14.621934988708468 ], [ -88.206896418582517, 14.62200492863998 ], [ -88.206963353863472, 14.622052702850789 ], [ -88.207078743622247, 14.622135061215802 ], [ -88.207149234230016, 14.622186674906981 ], [ -88.207191837524945, 14.622218815774776 ], [ -88.207219150774321, 14.622239421821805 ], [ -88.207342700525274, 14.622338219177944 ], [ -88.207378560751124, 14.622367665486127 ], [ -88.207396031871426, 14.622382011872961 ], [ -88.207450517154356, 14.62242466858997 ], [ -88.207505286394039, 14.622466193848217 ], [ -88.2075511971737, 14.622499709348773 ], [ -88.207577524042449, 14.622518928630438 ], [ -88.207615545519403, 14.622544890146237 ], [ -88.207618584022839, 14.622546964897033 ], [ -88.207659934124706, 14.622574999967213 ], [ -88.207701858282732, 14.622601902081461 ], [ -88.207744362672187, 14.622628801180582 ], [ -88.207787144830434, 14.622653438885539 ], [ -88.207830513395734, 14.622679203515967 ], [ -88.207911114989642, 14.622722854738331 ], [ -88.207933805407507, 14.622734036867826 ], [ -88.207956785938421, 14.622745217491277 ], [ -88.207973636548715, 14.622753312452332 ], [ -88.207980056960807, 14.622756397036436 ], [ -88.208003321369716, 14.622766446175099 ], [ -88.208026875426569, 14.622776493809841 ], [ -88.208050720059774, 14.622786539935779 ], [ -88.208074558517055, 14.622795456121272 ], [ -88.208098687550461, 14.622804370797853 ], [ -88.208122815657276, 14.622813285476589 ], [ -88.208170770801715, 14.622828856447331 ], [ -88.208280031430576, 14.622861059109832 ], [ -88.208380671168882, 14.622888420166175 ], [ -88.208390150756458, 14.622890997405737 ], [ -88.208512756838658, 14.622923130884608 ], [ -88.208635936993431, 14.622954131346448 ], [ -88.208706358233144, 14.622970720999264 ], [ -88.208786122354923, 14.622989511987155 ], [ -88.208936887928317, 14.62302488894931 ], [ -88.209055111711024, 14.623051394887803 ], [ -88.20917390862634, 14.623076767821001 ], [ -88.209286891915099, 14.623099910920608 ], [ -88.209288403945351, 14.623100188958057 ], [ -88.209400443201915, 14.623120791225935 ], [ -88.209616193796776, 14.623155830645853 ], [ -88.209642612480465, 14.623159083442019 ], [ -88.20966903116468, 14.623162336235124 ], [ -88.209695739960694, 14.623165587519324 ], [ -88.209722442571149, 14.623167708860194 ], [ -88.209748848884288, 14.62316870176368 ], [ -88.209775551495127, 14.623170823098391 ], [ -88.209802247919654, 14.623171814489828 ], [ -88.209831839270322, 14.623171660877869 ], [ -88.209875456112684, 14.623171996947617 ], [ -88.209919459394797, 14.623172336420287 ], [ -88.210007362403545, 14.62317188002233 ], [ -88.21025890193674, 14.623172833768095 ], [ -88.210510428140665, 14.623171527373399 ], [ -88.210651138342058, 14.623171926393216 ], [ -88.210791551770541, 14.623171196901062 ], [ -88.211026831743112, 14.623169974357593 ], [ -88.211234372753125, 14.623169893702338 ], [ -88.21126182833197, 14.62316988302805 ], [ -88.211371206417496, 14.623170444502176 ], [ -88.211480300583489, 14.623172137372451 ], [ -88.211589413334067, 14.623177220009794 ], [ -88.211803885984153, 14.623190794558235 ], [ -88.211828280103461, 14.623195187602397 ], [ -88.211869606018524, 14.623218702116427 ], [ -88.211886809335908, 14.623234432260979 ], [ -88.211903148411253, 14.623251296757292 ], [ -88.211918907027837, 14.623268164896702 ], [ -88.211931725462293, 14.623283359220931 ], [ -88.211934092424798, 14.623286165072548 ], [ -88.211948697146255, 14.623304168668019 ], [ -88.211962727845233, 14.623323305218978 ], [ -88.211979690648306, 14.623348076378061 ], [ -88.212005607868335, 14.623386908132742 ], [ -88.212028541864598, 14.623421270412203 ], [ -88.212048443151019, 14.623449947820049 ], [ -88.212078547839511, 14.623493328570273 ], [ -88.212104837963423, 14.623530140721948 ], [ -88.212130004169268, 14.623565379530422 ], [ -88.212182614659397, 14.623636293872684 ], [ -88.212219726947055, 14.623683943255854 ], [ -88.212251860978313, 14.623725201216679 ], [ -88.212344138185259, 14.623840964976912 ], [ -88.212468037672068, 14.623996399713127 ], [ -88.212656912337238, 14.624233345687044 ], [ -88.212684215517839, 14.624267597918317 ], [ -88.212760468243701, 14.624364378618781 ], [ -88.212826023193614, 14.62444693218718 ], [ -88.2128364249713, 14.624460031286524 ], [ -88.212892517254957, 14.624530927309488 ], [ -88.212897865595224, 14.624537722399468 ], [ -88.212948319471849, 14.624601824825353 ], [ -88.213017810714788, 14.624690559825611 ], [ -88.213108720186185, 14.62480664487974 ], [ -88.213200216660098, 14.624923690351297 ], [ -88.213268831834867, 14.625011465730154 ], [ -88.213289288692366, 14.625038478520368 ], [ -88.213297387214283, 14.625049326868215 ], [ -88.213309455078772, 14.625065493231762 ], [ -88.213346300942789, 14.62511840985324 ], [ -88.213460067589011, 14.625283922663506 ], [ -88.213480275839601, 14.625312805094422 ], [ -88.213575865233963, 14.625449425560694 ], [ -88.213598667910873, 14.625480945982877 ], [ -88.213622050822323, 14.625512463380312 ], [ -88.213646007761369, 14.625542847814451 ], [ -88.213665913501302, 14.625567790819142 ], [ -88.213670254579384, 14.625573230532291 ], [ -88.213695371929887, 14.625603608824273 ], [ -88.213721063305982, 14.62563285415535 ], [ -88.213747045271418, 14.625662098873308 ], [ -88.213766666643195, 14.625682869087797 ], [ -88.213773600808111, 14.625690209384654 ], [ -88.213780841084201, 14.625697709032616 ], [ -88.213800736548336, 14.625718317557547 ], [ -88.21381978566599, 14.625737633581604 ], [ -88.213828452683117, 14.625746422188728 ], [ -88.213856452651186, 14.62577339562421 ], [ -88.213885032854719, 14.625800366033085 ], [ -88.213914187085109, 14.625826203476917 ], [ -88.213927425835138, 14.625837819811297 ], [ -88.213943631012299, 14.625852039248494 ], [ -88.213958546233059, 14.625864871971235 ], [ -88.21397365602374, 14.625877872306134 ], [ -88.214003964523016, 14.625902573753036 ], [ -88.21403484704841, 14.62592614223424 ], [ -88.214050344441034, 14.62593797439456 ], [ -88.21406718656732, 14.625950833521566 ], [ -88.214121365069474, 14.625990100070837 ], [ -88.214160115009037, 14.626017737106189 ], [ -88.214176413998302, 14.626029361891556 ], [ -88.214231740710332, 14.626066362614626 ], [ -88.214288227898905, 14.626103357275566 ], [ -88.214344999009413, 14.626139220471318 ], [ -88.214402634270471, 14.62617394917773 ], [ -88.214460553452, 14.626207546418371 ], [ -88.214498422834083, 14.626228459565912 ], [ -88.214519337248575, 14.626240009553328 ], [ -88.214578700674352, 14.626272469154385 ], [ -88.214638631918817, 14.626302665844609 ], [ -88.21469885282869, 14.626332861008008 ], [ -88.214843468201991, 14.62640828604629 ], [ -88.2146289, 14.6268455 ], [ -88.2144821, 14.6270324 ], [ -88.2143739, 14.6270922 ], [ -88.2142271, 14.6271147 ], [ -88.2141151, 14.6271894 ], [ -88.2140455, 14.6274922 ], [ -88.2139953, 14.6275184 ], [ -88.2139142, 14.6275184 ], [ -88.2138446, 14.6274586 ], [ -88.2137133, 14.6274698 ], [ -88.2136553, 14.6275371 ], [ -88.2136553, 14.6276717 ], [ -88.2135819, 14.627709 ], [ -88.2135162, 14.6278361 ], [ -88.2135047, 14.628266 ], [ -88.213411900000011, 14.628823 ], [ -88.2132072, 14.6293052 ], [ -88.2128092, 14.629765 ], [ -88.2123456, 14.6305426 ], [ -88.2121679, 14.6309799 ], [ -88.2119245, 14.631264 ], [ -88.211488, 14.6316416 ], [ -88.210831200000015, 14.6323256 ], [ -88.2106767, 14.6327256 ], [ -88.2106689, 14.6329536 ], [ -88.210699800000015, 14.6331069 ], [ -88.2107694, 14.6332228 ], [ -88.2109316, 14.6333835 ], [ -88.2110475, 14.6338096 ], [ -88.2110823, 14.6345498 ], [ -88.2109973, 14.634804 ], [ -88.2106689, 14.6349871 ], [ -88.2102555, 14.6350544 ], [ -88.2099233, 14.6350021 ], [ -88.2092742, 14.6346096 ], [ -88.2090734, 14.6344638 ], [ -88.2088609, 14.6344414 ], [ -88.2085016, 14.634561 ], [ -88.2082002, 14.63486 ], [ -88.2080186, 14.6352189 ], [ -88.207968400000013, 14.635488 ], [ -88.2084552, 14.6366954 ], [ -88.2084745, 14.6370617 ], [ -88.2082466, 14.6375065 ], [ -88.2080071, 14.6376635 ], [ -88.2077134, 14.6377121 ], [ -88.2073619, 14.6376598 ], [ -88.2064926, 14.6371552 ], [ -88.2059556, 14.6369645 ], [ -88.2053606, 14.6370131 ], [ -88.2050709, 14.6371327 ], [ -88.2050052, 14.6373234 ], [ -88.2050477, 14.6376 ], [ -88.2054147, 14.6382168 ], [ -88.2061526, 14.638998 ], [ -88.2063072, 14.6394204 ], [ -88.2063072, 14.6397082 ], [ -88.2061835, 14.6400671 ], [ -88.2059401, 14.6402913 ], [ -88.2056581, 14.6403997 ], [ -88.20526790000001, 14.6404184 ], [ -88.2049434, 14.6403138 ], [ -88.204333, 14.6398166 ], [ -88.2039119, 14.6397306 ], [ -88.2036067, 14.6398278 ], [ -88.2033285, 14.6400035 ], [ -88.2028842, 14.640553 ], [ -88.202324, 14.6413903 ], [ -88.2018063, 14.6418351 ], [ -88.2012191, 14.6421528 ], [ -88.2009409, 14.6424556 ], [ -88.2008714, 14.6427883 ], [ -88.2008907, 14.6430499 ], [ -88.2012307, 14.6438872 ], [ -88.2012461, 14.6442797 ], [ -88.2011843, 14.644504 ], [ -88.2009525, 14.6447208 ], [ -88.199565600000014, 14.6451431 ], [ -88.19897450000002, 14.6455319 ], [ -88.1987465, 14.6458197 ], [ -88.1986924, 14.6459841 ], [ -88.1987002, 14.6463392 ], [ -88.1988972, 14.6468326 ], [ -88.1989011, 14.6471728 ], [ -88.198762, 14.6486305 ], [ -88.1985534, 14.649266 ], [ -88.1982984, 14.6496248 ], [ -88.1975875, 14.6501107 ], [ -88.1969655, 14.6506863 ], [ -88.1964478, 14.6514077 ], [ -88.1954627, 14.6529925 ], [ -88.1952656, 14.6534522 ], [ -88.1948831, 14.6547829 ], [ -88.1946822, 14.6551417 ], [ -88.1944504, 14.6552725 ], [ -88.1941491, 14.6553286 ], [ -88.19367, 14.6552239 ], [ -88.1930751, 14.6552015 ], [ -88.1926694, 14.6552987 ], [ -88.1923681, 14.6555117 ], [ -88.192223248851533, 14.655726346635751 ], [ -88.1921749, 14.6557995 ], [ -88.1921537, 14.6565113 ], [ -88.192127681950268, 14.656641224897907 ], [ -88.191872442399585, 14.656629036968406 ], [ -88.164903731796372, 14.658468817314635 ], [ -88.163297264690044, 14.658578309805979 ], [ -88.143652933374128, 14.653819041117998 ], [ -88.135749459017561, 14.651903848464217 ], [ -88.128834606326663, 14.650227968861834 ], [ -88.12890022816886, 14.65018019088363 ], [ -88.128935471752897, 14.650156108165231 ], [ -88.128941866353429, 14.650151738686468 ], [ -88.128953497168297, 14.650143845608886 ], [ -88.128983793793736, 14.65012328549374 ], [ -88.129019572434188, 14.650100288435407 ], [ -88.129026307957844, 14.650095959157053 ], [ -88.129031700663859, 14.650092681071515 ], [ -88.129069407814043, 14.650069760131267 ], [ -88.129112872855032, 14.650043687355566 ], [ -88.129113088108056, 14.650043558235936 ], [ -88.129120626764788, 14.650039260017358 ], [ -88.129157064446559, 14.650018484823603 ], [ -88.129201626812474, 14.64999453859326 ], [ -88.129206418585838, 14.649991980170917 ], [ -88.129246479342626, 14.649970591140388 ], [ -88.129291633439692, 14.649948902063912 ], [ -88.129337362048886, 14.649926080195344 ], [ -88.129383392839841, 14.64990551684178 ], [ -88.129430003929571, 14.649884950662605 ], [ -88.129476619868754, 14.649865514446198 ], [ -88.12952381703542, 14.649846075399193 ], [ -88.129549861024998, 14.649836033802845 ], [ -88.129571309654366, 14.649827764420554 ], [ -88.129619098358503, 14.649810582441358 ], [ -88.129667182996982, 14.649794529014155 ], [ -88.12971555778239, 14.649778474168693 ], [ -88.129764234291187, 14.64976467784483 ], [ -88.129813195159201, 14.649749750132278 ], [ -88.129862457751955, 14.649737080940847 ], [ -88.129911720338342, 14.649724411739388 ], [ -88.129961278862055, 14.649712871088731 ], [ -88.130011133323777, 14.649702458988632 ], [ -88.13006128372426, 14.649693175438859 ], [ -88.130111143965337, 14.649683893287854 ], [ -88.130161590300474, 14.649675738277635 ], [ -88.130212042421661, 14.649668713226578 ], [ -88.130311797616642, 14.649656928670092 ], [ -88.130398797590189, 14.649647466035649 ], [ -88.130535680926613, 14.649633241008253 ], [ -88.130672268292201, 14.649617887341842 ], [ -88.130835805214247, 14.649595622633603 ], [ -88.130925677697689, 14.649580495855693 ], [ -88.131015254217473, 14.649564240484766 ], [ -88.131104534772319, 14.649546856521283 ], [ -88.131193223411415, 14.649527215406783 ], [ -88.131281912032264, 14.649507574259582 ], [ -88.131281912197622, 14.649507574216354 ], [ -88.13128191238053, 14.649507574175848 ], [ -88.131304749463894, 14.649501604220545 ], [ -88.131370002937629, 14.649484545993101 ], [ -88.131407664994441, 14.649473062887315 ], [ -88.131432560271534, 14.649461641856194 ], [ -88.131456283336377, 14.649447966527577 ], [ -88.131478839985405, 14.649433166871239 ], [ -88.131499644113703, 14.649416115740118 ], [ -88.131519281826044, 14.649397940282048 ], [ -88.13153627553244, 14.649378990650549 ], [ -88.131555922683901, 14.649357082427965 ], [ -88.131581299611895, 14.649326449157741 ], [ -88.131605510123222, 14.649294691563721 ], [ -88.131622044120277, 14.649271625935786 ], [ -88.131628270073904, 14.649262940542773 ], [ -88.13165015362101, 14.649230064184767 ], [ -88.131656329885615, 14.649220682598502 ], [ -88.131706873703607, 14.649143908386776 ], [ -88.131742525935991, 14.649092246400127 ], [ -88.131753820376915, 14.649075880318875 ], [ -88.131802218249518, 14.649007845062062 ], [ -88.13181860862494, 14.648985588501164 ], [ -88.131851492352624, 14.648940935921161 ], [ -88.131872292992668, 14.648913495172728 ], [ -88.131902217190174, 14.648874018936137 ], [ -88.132019555598021, 14.648726548449721 ], [ -88.132138930721226, 14.648580198000751 ], [ -88.132261485765639, 14.648431572031411 ], [ -88.132381702025569, 14.648279567395985 ], [ -88.132402453765195, 14.648252346473109 ], [ -88.132420884281757, 14.648225136844911 ], [ -88.132427140778731, 14.648215443797792 ], [ -88.132438444346846, 14.648197931886498 ], [ -88.13245484419555, 14.64817073130394 ], [ -88.132470367324871, 14.648142405897177 ], [ -88.132476373026975, 14.648130797510419 ], [ -88.132485019681127, 14.648114084981383 ], [ -88.132492917999429, 14.648096840050334 ], [ -88.132498506257406, 14.648084639237172 ], [ -88.132503626213833, 14.648071934379221 ], [ -88.132510825882378, 14.648054069528669 ], [ -88.132522281119009, 14.64802463384674 ], [ -88.132532569943322, 14.647994073843865 ], [ -88.132541698157468, 14.647963519489297 ], [ -88.132549659960105, 14.647931840814 ], [ -88.132554863192084, 14.647908599885337 ], [ -88.132556751356475, 14.647900166685552 ], [ -88.13256239191557, 14.647868499392539 ], [ -88.132563053277593, 14.647864108840137 ], [ -88.132567162018034, 14.647836835854889 ], [ -88.132569008101115, 14.647819230171555 ], [ -88.132570481829603, 14.647805179434837 ], [ -88.132572633327399, 14.647777366253893 ], [ -88.132572930299744, 14.647773527929219 ], [ -88.13257565195849, 14.647738484765053 ], [ -88.132576161819259, 14.64773434553476 ], [ -88.13257871637623, 14.647713609820666 ], [ -88.132582080686731, 14.647693793873717 ], [ -88.132582940617326, 14.64768872940749 ], [ -88.132583958781353, 14.647683456639049 ], [ -88.13258774590247, 14.647663846123859 ], [ -88.132593427069324, 14.647640088592279 ], [ -88.132598360889688, 14.647621325453743 ], [ -88.132599972583094, 14.647615196683899 ], [ -88.13260739467934, 14.647591430615389 ], [ -88.132615977379658, 14.647567658897858 ], [ -88.132625140380938, 14.647543884355672 ], [ -88.13262718225694, 14.647539277833074 ], [ -88.132635179812041, 14.647521235966902 ], [ -88.132644382753355, 14.647502126083911 ], [ -88.132646089343893, 14.647498582498558 ], [ -88.132657579351729, 14.647475926626582 ], [ -88.132669945613245, 14.647454396486472 ], [ -88.132683176523727, 14.647431732139896 ], [ -88.132697289489769, 14.647411323494026 ], [ -88.132703043588791, 14.64740333006217 ], [ -88.13271198313943, 14.647390911872513 ], [ -88.13272754680689, 14.647370496214918 ], [ -88.132743696574991, 14.647351207697566 ], [ -88.132752329394009, 14.647341421959176 ], [ -88.132760716559076, 14.647331914944953 ], [ -88.132776946904144, 14.647315208167862 ], [ -88.132791600380941, 14.647300124760568 ], [ -88.132800478736826, 14.647291784546052 ], [ -88.132810947514756, 14.647281950548827 ], [ -88.132821749493814, 14.647272712711253 ], [ -88.132830880906894, 14.647264903714506 ], [ -88.1328513949815, 14.64724785393234 ], [ -88.132872494228153, 14.647231931293856 ], [ -88.132894180503996, 14.647217135789857 ], [ -88.132916446148514, 14.64720233746328 ], [ -88.132939298822365, 14.647188666270845 ], [ -88.133024359157574, 14.647140792365741 ], [ -88.1330496733936, 14.647127576185644 ], [ -88.133068055925989, 14.64711797922793 ], [ -88.133112338706226, 14.647096293665637 ], [ -88.133157201778644, 14.647074605269822 ], [ -88.133202360797156, 14.647054045421994 ], [ -88.13324751980673, 14.647033485565977 ], [ -88.133293555064327, 14.647014051431654 ], [ -88.133339596118731, 14.646995747257643 ], [ -88.133363632169704, 14.646986590221625 ], [ -88.133388834626345, 14.646978557499658 ], [ -88.133414333037322, 14.646971653330796 ], [ -88.133439831446452, 14.646964749159244 ], [ -88.133465915960926, 14.646958972127438 ], [ -88.133492006280008, 14.646954325061619 ], [ -88.133518386748278, 14.646949676579673 ], [ -88.133544778828195, 14.646947288032434 ], [ -88.133571170907302, 14.646944899482238 ], [ -88.133597858942807, 14.646943639484507 ], [ -88.133624546977828, 14.646942379483743 ], [ -88.133651246626371, 14.646943379417456 ], [ -88.133677656124433, 14.646944380761578 ], [ -88.133710164589289, 14.646946482387683 ], [ -88.133740926344245, 14.646947462521808 ], [ -88.133771386333407, 14.646946184128 ], [ -88.13380213647234, 14.646944904316596 ], [ -88.133832880802643, 14.646942494532459 ], [ -88.133863329173451, 14.646938956189326 ], [ -88.133893771734691, 14.646934287873609 ], [ -88.133923918335483, 14.646928490999111 ], [ -88.133953768975459, 14.646921565565995 ], [ -88.133983613804588, 14.646913510160532 ], [ -88.134012878330523, 14.646905457579171 ], [ -88.134012878663839, 14.646905457460505 ], [ -88.134012878717741, 14.646905457445675 ], [ -88.134025778849448, 14.646900864831355 ], [ -88.134041841085661, 14.646895146470966 ], [ -88.134041841317043, 14.646895146383169 ], [ -88.134041841390555, 14.646895146357 ], [ -88.134042176359941, 14.646895019245388 ], [ -88.134078040168561, 14.646881410104449 ], [ -88.134102650662314, 14.646871120198554 ], [ -88.1341269651939, 14.64685970173565 ], [ -88.13415069361271, 14.646847156129905 ], [ -88.134152466701096, 14.646846121432755 ], [ -88.134174126457069, 14.64683348198043 ], [ -88.134193810680202, 14.646821705617718 ], [ -88.134196978221311, 14.646819810631008 ], [ -88.134200651866237, 14.646817369049474 ], [ -88.134219244516672, 14.646805012229754 ], [ -88.134241220337998, 14.646790215197198 ], [ -88.134256299040032, 14.646778835824714 ], [ -88.13426231976905, 14.646774292291315 ], [ -88.134283123428048, 14.646757240940872 ], [ -88.134290832212372, 14.64675064829923 ], [ -88.134303056639936, 14.646740194061604 ], [ -88.134322693822284, 14.646722018440402 ], [ -88.134341455206965, 14.646702717093165 ], [ -88.134359345676415, 14.646683419990032 ], [ -88.134376650033346, 14.646662995749125 ], [ -88.134389649806039, 14.646647121277216 ], [ -88.134393373895719, 14.646642573867398 ], [ -88.134409221739631, 14.646621026676778 ], [ -88.134424489280647, 14.646599482314011 ], [ -88.134438886369125, 14.646577942193582 ], [ -88.134452407194317, 14.64655527634714 ], [ -88.134460370343419, 14.646540293160676 ], [ -88.13446505217766, 14.646531484620553 ], [ -88.134473652568701, 14.646514108484572 ], [ -88.134476825866301, 14.646507697445298 ], [ -88.134487729524665, 14.646483914358612 ], [ -88.134498052881355, 14.646460134100428 ], [ -88.134509157833691, 14.646430477614057 ], [ -88.134531541493132, 14.646370701365031 ], [ -88.134540765983118, 14.646344142057355 ], [ -88.13454726707802, 14.646325424561748 ], [ -88.134562406735071, 14.646279020885443 ], [ -88.134576391600206, 14.646233752835002 ], [ -88.134589790349992, 14.646187357644562 ], [ -88.134602318646955, 14.646140966697226 ], [ -88.134613686342334, 14.646094581407679 ], [ -88.134624467923629, 14.646047068978389 ], [ -88.13463467501451, 14.646000689346382 ], [ -88.134643715693869, 14.645953185403926 ], [ -88.134649810083403, 14.645917754127089 ], [ -88.134651886089046, 14.645905685402745 ], [ -88.134659185833627, 14.645858190075613 ], [ -88.134665905279704, 14.645810697577652 ], [ -88.134671464131628, 14.645763210738261 ], [ -88.134676442686043, 14.645715726728096 ], [ -88.134676921037567, 14.645710057912259 ], [ -88.134680544972042, 14.645667116652055 ], [ -88.134683492512465, 14.645619642414914 ], [ -88.134683690197164, 14.645615573802372 ], [ -88.134685854369081, 14.645571040738821 ], [ -88.134687351146923, 14.645523573704331 ], [ -88.134687687334406, 14.645476112328417 ], [ -88.134687437415337, 14.64542752381627 ], [ -88.134686569909491, 14.64539060327489 ], [ -88.134686322503583, 14.645380069288372 ], [ -88.134684331712037, 14.645331489129715 ], [ -88.134683570565812, 14.645318841862593 ], [ -88.134681476630263, 14.645284042769248 ], [ -88.134675580304432, 14.64521664359517 ], [ -88.134673769282855, 14.645195941001722 ], [ -88.134672475425774, 14.645184085031484 ], [ -88.134668593015164, 14.645148506332889 ], [ -88.13466413549709, 14.645114384319479 ], [ -88.134662249681881, 14.645099947428157 ], [ -88.134660025338079, 14.645084697364098 ], [ -88.134655332538742, 14.645052521513147 ], [ -88.134650290108269, 14.645022239307703 ], [ -88.134647248320448, 14.645003970826538 ], [ -88.134644593557638, 14.644989431974295 ], [ -88.134638590308967, 14.644956552761924 ], [ -88.134629061521267, 14.644909139478113 ], [ -88.134618372151095, 14.64486173185157 ], [ -88.134607102492737, 14.644814327053048 ], [ -88.134600543639621, 14.644790228101435 ], [ -88.134599117033787, 14.644784986063641 ], [ -88.1345974565007, 14.64477972938233 ], [ -88.134590563709011, 14.644757907990313 ], [ -88.134581139545318, 14.644730834081594 ], [ -88.134573672736082, 14.644711200985384 ], [ -88.134570844491819, 14.644703764105625 ], [ -88.134559395095351, 14.64467782998755 ], [ -88.134547075259718, 14.644651900111704 ], [ -88.134541023615441, 14.644640005537337 ], [ -88.134533885044775, 14.644625974111143 ], [ -88.134519830172621, 14.644601182760249 ], [ -88.134511459434677, 14.644587281545926 ], [ -88.134504904741632, 14.644576395873081 ], [ -88.134495309386736, 14.644563158603077 ], [ -88.134481234492355, 14.644543741212393 ], [ -88.134464893324008, 14.644525740965307 ], [ -88.13445426542367, 14.644514993114015 ], [ -88.134447101167865, 14.644507747803896 ], [ -88.134439155805964, 14.644500678516204 ], [ -88.13442815475679, 14.644490890232344 ], [ -88.134417507083668, 14.644483158855593 ], [ -88.134408058769949, 14.6444762981801 ], [ -88.134387098459101, 14.644462840373478 ], [ -88.134364983372024, 14.64445051818989 ], [ -88.134342293802646, 14.644439328800871 ], [ -88.134318745413069, 14.644430403589073 ], [ -88.134294622540367, 14.644422611171526 ], [ -88.134269930993398, 14.644417081516828 ], [ -88.134244955109409, 14.644412683242159 ], [ -88.134219700697031, 14.644410546316207 ], [ -88.134194452093638, 14.644409539356284 ], [ -88.13416921510759, 14.644410792331234 ], [ -88.134143983929519, 14.644413175272277 ], [ -88.134119054514557, 14.644417816734491 ], [ -88.134094426861964, 14.644424716718035 ], [ -88.134070669648992, 14.644431612457886 ], [ -88.134047220005584, 14.644441896688297 ], [ -88.134024048891106, 14.644449919565094 ], [ -88.133999717186242, 14.644457948094269 ], [ -88.133975077909227, 14.644462588127984 ], [ -88.133949852529142, 14.644466101017434 ], [ -88.133924319578639, 14.644466225411055 ], [ -88.133899070967814, 14.644465218419448 ], [ -88.133874100889884, 14.64446195007376 ], [ -88.133849409345558, 14.644456420374031 ], [ -88.133825286482846, 14.644448627906845 ], [ -88.133801732302445, 14.644438572672362 ], [ -88.133779332905874, 14.644427381812903 ], [ -88.133768829649597, 14.644420730811575 ], [ -88.133758082734985, 14.644413924916213 ], [ -88.133738271490188, 14.644398201505716 ], [ -88.133719615026621, 14.644381342473951 ], [ -88.133702693636906, 14.644363344994499 ], [ -88.133687501514387, 14.644343079101848 ], [ -88.133674050272006, 14.644322804728134 ], [ -88.133662617978558, 14.644300260530837 ], [ -88.133653217174867, 14.644277706437592 ], [ -88.133637299616097, 14.644229194219115 ], [ -88.133636810982097, 14.644227553228319 ], [ -88.133627556346667, 14.644196471648446 ], [ -88.133619258063263, 14.644162612145141 ], [ -88.133612120369776, 14.64412874698875 ], [ -88.133606137460092, 14.64409374621037 ], [ -88.133602974123249, 14.644070070028116 ], [ -88.13360161118473, 14.644059868010011 ], [ -88.13360072946999, 14.64405071280607 ], [ -88.133598239505829, 14.644024854838127 ], [ -88.133596496400699, 14.643998066971763 ], [ -88.133596034399659, 14.643990965523498 ], [ -88.133595834810833, 14.643984313465007 ], [ -88.133594983902555, 14.643955940855486 ], [ -88.133595419057926, 14.643927688802297 ], [ -88.133597060317783, 14.643906243551857 ], [ -88.133597322416804, 14.643902819698541 ], [ -88.133600676435904, 14.643877943488969 ], [ -88.133601401687272, 14.643874187126261 ], [ -88.1336054811661, 14.64385305997155 ], [ -88.13361058131494, 14.643831780829391 ], [ -88.133611446510372, 14.64382817128517 ], [ -88.133618578689422, 14.643804406667725 ], [ -88.133627161130406, 14.643780634986401 ], [ -88.133636904146925, 14.643756856748057 ], [ -88.133640628490809, 14.643749322840884 ], [ -88.133648103377851, 14.643734202663932 ], [ -88.133670519969272, 14.643692283582633 ], [ -88.133690069926715, 14.643657158445848 ], [ -88.13370686461964, 14.643628266387465 ], [ -88.133710490431767, 14.643622029006794 ], [ -88.13373120669992, 14.643588028270663 ], [ -88.133752788055261, 14.643552893324843 ], [ -88.133774954572402, 14.643518885521161 ], [ -88.133797708108318, 14.643486004850423 ], [ -88.133815278745686, 14.643461059385194 ], [ -88.133832861921391, 14.643438373846196 ], [ -88.133845301691125, 14.643423843745431 ], [ -88.133851320741925, 14.643416813576481 ], [ -88.133870360037065, 14.643395250882593 ], [ -88.133890565718232, 14.643374812502801 ], [ -88.133906061474548, 14.643359359106936 ], [ -88.133911061947188, 14.643354372412723 ], [ -88.133963049924176, 14.643307789373491 ], [ -88.133965608682004, 14.643305506390552 ], [ -88.133991066042242, 14.643282793128915 ], [ -88.134019384163182, 14.643260055222681 ], [ -88.134034232873717, 14.643247787403851 ], [ -88.134048277219293, 14.643236184502758 ], [ -88.134074998063099, 14.643215364708876 ], [ -88.134077465307186, 14.64321344236394 ], [ -88.134106949799801, 14.643191828762669 ], [ -88.134137014577362, 14.643170212330661 ], [ -88.134141862335312, 14.643166759905327 ], [ -88.134167369598643, 14.643148594671471 ], [ -88.134198020372892, 14.64312810542082 ], [ -88.134229251430384, 14.643107613338731 ], [ -88.134260778899588, 14.643088249802453 ], [ -88.134300691043762, 14.643063195430656 ], [ -88.134324116763338, 14.643048391345189 ], [ -88.134328471540741, 14.643045391502129 ], [ -88.134347247414183, 14.64303245824901 ], [ -88.134370081751499, 14.643015397013654 ], [ -88.134392631749208, 14.642999467159139 ], [ -88.134414885789127, 14.642982408747818 ], [ -88.134436553725848, 14.642964223193824 ], [ -88.1344582274685, 14.642947167606897 ], [ -88.134479605252977, 14.642928983463428 ], [ -88.134500396934101, 14.642909672177629 ], [ -88.134506863913259, 14.6429039391552 ], [ -88.134520904721029, 14.642891492151582 ], [ -88.134534547108899, 14.642878642432583 ], [ -88.134541405805265, 14.642872182398301 ], [ -88.134548336856327, 14.642865465037527 ], [ -88.134561327362576, 14.642852875322488 ], [ -88.134600725315423, 14.642812965979164 ], [ -88.134628582200278, 14.642784747707188 ], [ -88.134644361954571, 14.642768554658335 ], [ -88.134694967261751, 14.642716624594136 ], [ -88.13481403891538, 14.642592131697899 ], [ -88.134868704203413, 14.642534977796792 ], [ -88.135016503510784, 14.642378703956904 ], [ -88.135041564766993, 14.642352205760565 ], [ -88.1351674314608, 14.6422143834242 ], [ -88.135382602721108, 14.641978773337353 ], [ -88.135556245865814, 14.641779046905313 ], [ -88.135556817060731, 14.641777948242984 ], [ -88.135568025911056, 14.641756389457969 ], [ -88.135569070180665, 14.641733784488034 ], [ -88.135563116138158, 14.641704433695624 ], [ -88.135516023569721, 14.641518213541747 ], [ -88.135504666660282, 14.641474115712857 ], [ -88.135468356966257, 14.641333126823895 ], [ -88.135439726248805, 14.641224651621634 ], [ -88.135423081602255, 14.641161587935587 ], [ -88.135376349675951, 14.640988926801375 ], [ -88.135333761196208, 14.640832064453772 ], [ -88.13529232754135, 14.64067406737038 ], [ -88.13528459784834, 14.640637945259604 ], [ -88.135280885317556, 14.640609135516408 ], [ -88.13528066866337, 14.640607454094987 ], [ -88.135278770867714, 14.640576953428111 ], [ -88.135279194207882, 14.640546441442197 ], [ -88.135279787347343, 14.640539355071205 ], [ -88.135281654712969, 14.640517049352137 ], [ -88.135285007961926, 14.640495607344002 ], [ -88.135286429821093, 14.640486516311848 ], [ -88.135293236279637, 14.640455973198588 ], [ -88.135296297938908, 14.640446184178975 ], [ -88.135302085628823, 14.640427680189182 ], [ -88.135309187469929, 14.64040895574375 ], [ -88.13531324974727, 14.64039824575031 ], [ -88.135317756826069, 14.640388760821455 ], [ -88.13532616680402, 14.640371063048715 ], [ -88.135336242641756, 14.640353080810806 ], [ -88.135341404609107, 14.640343868589255 ], [ -88.135358099122229, 14.640317797241998 ], [ -88.135362100530102, 14.640312710080392 ], [ -88.135376836276137, 14.64029397634194 ], [ -88.13539731464347, 14.640270145688294 ], [ -88.135399538963156, 14.640267615250309 ], [ -88.135421256444388, 14.640242909425282 ], [ -88.135436813628786, 14.640221363608308 ], [ -88.135447866813706, 14.640203594125534 ], [ -88.135450914544066, 14.640198694645582 ], [ -88.135454151203874, 14.640192461545913 ], [ -88.135463268286145, 14.64017490470667 ], [ -88.135471092601207, 14.640157372156674 ], [ -88.135473881608405, 14.640151122878613 ], [ -88.135476339358618, 14.640144219458959 ], [ -88.135482747914423, 14.640126219827266 ], [ -88.135489577592452, 14.640100196584955 ], [ -88.135493655147826, 14.640080474900346 ], [ -88.135494956657041, 14.640074180495354 ], [ -88.135498304620597, 14.640048174304368 ], [ -88.135498539057792, 14.640043545044461 ], [ -88.135499621536269, 14.640022177800653 ], [ -88.135499246765832, 14.639999199436568 ], [ -88.135499197739279, 14.639996190225791 ], [ -88.13549904050349, 14.639994226806561 ], [ -88.135497027167361, 14.639969080591671 ], [ -88.135492831479937, 14.639943111122188 ], [ -88.135488091118006, 14.639924190704914 ], [ -88.135486610682321, 14.639918281131196 ], [ -88.135478933318197, 14.6398923287156 ], [ -88.135464222827267, 14.63985285067486 ], [ -88.135458952890772, 14.639839090756084 ], [ -88.13545040007466, 14.639816758389777 ], [ -88.13544100919232, 14.639793227493755 ], [ -88.135435997304086, 14.639780668722697 ], [ -88.1354207298034, 14.639745713370546 ], [ -88.135416086749572, 14.639735281956094 ], [ -88.135405171949728, 14.639710759232308 ], [ -88.135388743866059, 14.639675809436188 ], [ -88.135371735506624, 14.63964086246823 ], [ -88.135356388214319, 14.639610371306416 ], [ -88.135354146726655, 14.639605917929918 ], [ -88.13533598366773, 14.63957210668511 ], [ -88.135317240335155, 14.639538298268189 ], [ -88.135312783809937, 14.639530740361549 ], [ -88.135275384129443, 14.639467312747199 ], [ -88.135234119790752, 14.639398584123391 ], [ -88.135191706541278, 14.639332121086412 ], [ -88.135169585990411, 14.639298383512278 ], [ -88.13514813306152, 14.639265663393385 ], [ -88.13510339838102, 14.639199211850986 ], [ -88.135078569415185, 14.639164697595945 ], [ -88.135057225072714, 14.639135027215307 ], [ -88.135010181312808, 14.639070846705456 ], [ -88.134810644630903, 14.638805139945939 ], [ -88.134609953692021, 14.638540568599474 ], [ -88.134483681353359, 14.638374899349994 ], [ -88.134417741272088, 14.63828838560933 ], [ -88.134224090085269, 14.638038469372022 ], [ -88.13405987228154, 14.637829335634867 ], [ -88.134024323144232, 14.637784063143364 ], [ -88.133821086719763, 14.637531933342427 ], [ -88.133631609103944, 14.637303466301962 ], [ -88.133438951977936, 14.63707727454906 ], [ -88.133424385829457, 14.637060511381032 ], [ -88.133419396838093, 14.637054769763598 ], [ -88.133401309729749, 14.637035647891551 ], [ -88.133397312421337, 14.637031489028388 ], [ -88.133382932292463, 14.637016527322688 ], [ -88.133364264872341, 14.636997408213521 ], [ -88.133347974556258, 14.636980980284777 ], [ -88.133345307604088, 14.636978290738673 ], [ -88.133326065763811, 14.636960304475306 ], [ -88.133306243653564, 14.636942321034402 ], [ -88.133305956136297, 14.636942063975878 ], [ -88.133286130979599, 14.636924338613424 ], [ -88.133265728552786, 14.636906357937169 ], [ -88.133255755963305, 14.636898119064069 ], [ -88.133245331992015, 14.636889506825463 ], [ -88.133224355149821, 14.636872658991637 ], [ -88.133203093511028, 14.636856942536751 ], [ -88.133181536402191, 14.636840097522594 ], [ -88.133159695425093, 14.636824383882709 ], [ -88.133137569650998, 14.636809801621572 ], [ -88.133115153279135, 14.63679522077226 ], [ -88.133092447238027, 14.636780641330171 ], [ -88.133069741199805, 14.636766061885638 ], [ -88.133046460691929, 14.63675261522916 ], [ -88.133023180186768, 14.636739168570141 ], [ -88.133022365449321, 14.636738703833934 ], [ -88.132999609331378, 14.636725723196477 ], [ -88.132955398308695, 14.636704468334893 ], [ -88.132927197022781, 14.63669330555879 ], [ -88.13289871140141, 14.636683274160653 ], [ -88.132869366968862, 14.63667550693348 ], [ -88.132840028336759, 14.636668869672532 ], [ -88.132810115230569, 14.636663365200707 ], [ -88.132780207923915, 14.636658990695036 ], [ -88.132749731940464, 14.63665687894837 ], [ -88.132719551892336, 14.636655895756505 ], [ -88.132689093302872, 14.636657173912262 ], [ -88.132658930647423, 14.636659580622982 ], [ -88.132631385021966, 14.636663104599211 ], [ -88.132587603315429, 14.636668967537414 ], [ -88.132544123337183, 14.636677088996855 ], [ -88.13250093349231, 14.636685209037349 ], [ -88.132417176618134, 14.636703696337046 ], [ -88.132360657842241, 14.636715271165832 ], [ -88.132304127467634, 14.636724586040726 ], [ -88.132247306950077, 14.636733902312967 ], [ -88.131996506321812, 14.636767891600652 ], [ -88.131849777984542, 14.636784424813536 ], [ -88.131702747895346, 14.636798699404519 ], [ -88.131542359878267, 14.636810778816722 ], [ -88.131517680828253, 14.636807508741628 ], [ -88.131493558886291, 14.636799715961876 ], [ -88.131471740669454, 14.636788521989532 ], [ -88.131451705814413, 14.63676920874985 ], [ -88.13144491466015, 14.636762661974629 ], [ -88.131432630466577, 14.636743511738789 ], [ -88.13124954114906, 14.63634551191301 ], [ -88.131125342500738, 14.636059095418062 ], [ -88.131068332489605, 14.635918122858714 ], [ -88.131064063426251, 14.635906750345137 ], [ -88.131040387353366, 14.635843678409596 ], [ -88.131031629703429, 14.635818971602834 ], [ -88.131013597320333, 14.635768098358836 ], [ -88.130998876564362, 14.63572367836783 ], [ -88.130988547698408, 14.635692510312849 ], [ -88.130977471448631, 14.635657460612606 ], [ -88.130964659148702, 14.635616916592886 ], [ -88.130953617230233, 14.635579649947594 ], [ -88.130941924776209, 14.635540186864821 ], [ -88.130934419201068, 14.635512751248219 ], [ -88.130920931896441, 14.635463448607563 ], [ -88.130907348362086, 14.635417184741186 ], [ -88.130896922483046, 14.635386473386017 ], [ -88.130895859044088, 14.635383340699162 ], [ -88.130882919438406, 14.635349503561933 ], [ -88.130881196196086, 14.635345281819472 ], [ -88.130869109888636, 14.635315670802163 ], [ -88.130862850564256, 14.635302255987526 ], [ -88.130853854538401, 14.635282974752586 ], [ -88.130837735032642, 14.635251413051057 ], [ -88.130820164855123, 14.635219858392038 ], [ -88.130801724277021, 14.6351883079576 ], [ -88.13077312318336, 14.63515567685649 ], [ -88.130773123130226, 14.635155676818464 ], [ -88.130773122919479, 14.635155676578 ], [ -88.130752738268143, 14.635141085611894 ], [ -88.130730049906717, 14.635129895817832 ], [ -88.130705934489285, 14.635123232934683 ], [ -88.130580479754926, 14.635101242121717 ], [ -88.130511666287873, 14.635091406231249 ], [ -88.130447440152565, 14.635082226142249 ], [ -88.13044285174621, 14.635081570296931 ], [ -88.130374049210005, 14.635073994261671 ], [ -88.130304956541821, 14.63506641961388 ], [ -88.130235875446118, 14.635061104887765 ], [ -88.130166510001288, 14.635056921520185 ], [ -88.130097144557553, 14.635052738131746 ], [ -88.130043759684312, 14.635052997177924 ], [ -88.130007782921325, 14.635053171745611 ], [ -88.129971817724382, 14.635055606250489 ], [ -88.129936148444585, 14.635059169313543 ], [ -88.129900484946148, 14.635063862342614 ], [ -88.129865117363721, 14.635069683930126 ], [ -88.12982975556163, 14.635076635483811 ], [ -88.129794979809773, 14.635084714188668 ], [ -88.129760215619456, 14.635095052831408 ], [ -88.129726031696094, 14.635105388654296 ], [ -88.129692143686356, 14.635116853036466 ], [ -88.12965884172516, 14.635129444570721 ], [ -88.129625841458264, 14.635144294636143 ], [ -88.129593421457415, 14.635159141882628 ], [ -88.129561587503943, 14.635175116281923 ], [ -88.129530339597522, 14.635192217834305 ], [ -88.129499677737883, 14.635210446540036 ], [ -88.12947254814587, 14.635228075093107 ], [ -88.129469892131922, 14.635229800920042 ], [ -88.1294406921226, 14.635250282480873 ], [ -88.129413121680841, 14.635271103815763 ], [ -88.129412078843345, 14.635271891358505 ], [ -88.129411221031134, 14.63527254627774 ], [ -88.129392714744384, 14.635286675058133 ], [ -88.129370739650795, 14.635301471588381 ], [ -88.129347888833422, 14.635315142367221 ], [ -88.129324445254184, 14.635326556025623 ], [ -88.129300421402718, 14.635337972495861 ], [ -88.129275812427139, 14.635348261804738 ], [ -88.129250901289893, 14.635356292583362 ], [ -88.129225409880902, 14.635364326173285 ], [ -88.129199326640446, 14.635370102637262 ], [ -88.129173236690335, 14.635374749134385 ], [ -88.12914685221709, 14.63537826706019 ], [ -88.129120165584851, 14.635379526454981 ], [ -88.129093768622781, 14.635380784442233 ], [ -88.129067070431219, 14.635379783893832 ], [ -88.12904065705979, 14.635377651964829 ], [ -88.129014236981376, 14.635374390068685 ], [ -88.12898810172392, 14.635369996792006 ], [ -88.128962244580805, 14.635363342170733 ], [ -88.128936672259698, 14.635355556169037 ], [ -88.128911680209995, 14.635347767351336 ], [ -88.128872135192736, 14.635331009105904 ], [ -88.128843046591754, 14.635316460159071 ], [ -88.128815112755959, 14.63530077561402 ], [ -88.128787753415921, 14.635283958283877 ], [ -88.128761548841624, 14.635266005356167 ], [ -88.128756630837032, 14.635262300975585 ], [ -88.128736208673033, 14.635246918125963 ], [ -88.128716490207694, 14.635229513173089 ], [ -88.128712017943982, 14.635225565553306 ], [ -88.128707101086462, 14.635220765739223 ], [ -88.12868898141555, 14.635203077026063 ], [ -88.128671303684769, 14.63518489966458 ], [ -88.128667106111507, 14.635180583364187 ], [ -88.128646669591049, 14.635155822485046 ], [ -88.128636112934814, 14.635141644499601 ], [ -88.128627387351543, 14.635129925544133 ], [ -88.128602802252473, 14.63508823469258 ], [ -88.128592804796298, 14.635062293143815 ], [ -88.128587825880828, 14.635044797929444 ], [ -88.128585418661956, 14.635036338774885 ], [ -88.128584196187674, 14.63502896270554 ], [ -88.128580927903172, 14.635009240704541 ], [ -88.128579693168049, 14.63498817707403 ], [ -88.128579338700433, 14.634982128394064 ], [ -88.128579616407436, 14.634976384787056 ], [ -88.128580650648715, 14.6349550020526 ], [ -88.128584039450558, 14.634933173250362 ], [ -88.128584864117798, 14.634927861769668 ], [ -88.12858644405074, 14.63492208695917 ], [ -88.128591984576701, 14.634901837132459 ], [ -88.128607134684501, 14.63485887932935 ], [ -88.128611146341555, 14.634847504623631 ], [ -88.12862719167741, 14.634807876973007 ], [ -88.128632068082922, 14.634797009740332 ], [ -88.128644977959652, 14.63476824033083 ], [ -88.128663930466487, 14.634729728485478 ], [ -88.128684043506453, 14.634691211014536 ], [ -88.128705903125194, 14.634653815077394 ], [ -88.128737557996629, 14.63460281166676 ], [ -88.128750255872689, 14.634582911880628 ], [ -88.128765766279727, 14.634558605143676 ], [ -88.128794560125613, 14.634515525701589 ], [ -88.128824229675189, 14.63447357200859 ], [ -88.128827095054305, 14.634469597761239 ], [ -88.128854480312484, 14.634431614987335 ], [ -88.12888560107082, 14.634389654147752 ], [ -88.128902467724217, 14.634368128604747 ], [ -88.128917598356196, 14.634348818867791 ], [ -88.128931534211148, 14.634331348987816 ], [ -88.128950175182908, 14.634307981150734 ], [ -88.129008429853855, 14.63423876877089 ], [ -88.129021622201236, 14.634223828063842 ], [ -88.129046508419492, 14.634195644376664 ], [ -88.129085172477005, 14.634153647049271 ], [ -88.129124706455485, 14.634111645498578 ], [ -88.129129594364144, 14.63410670121189 ], [ -88.129165117469171, 14.634070769188135 ], [ -88.129202355927063, 14.63403363270784 ], [ -88.129206108843363, 14.634029890150018 ], [ -88.129247685731542, 14.633990138668903 ], [ -88.129250528359819, 14.633987552287435 ], [ -88.129290138646738, 14.633951513047384 ], [ -88.129332586032575, 14.633911757235879 ], [ -88.12933325336121, 14.633911109967331 ], [ -88.129353662171127, 14.633891315071198 ], [ -88.129374441920589, 14.633869744367027 ], [ -88.129392559218189, 14.633850671960881 ], [ -88.129394931251568, 14.633848174936018 ], [ -88.129397520439042, 14.633845370240953 ], [ -88.129414840875995, 14.633826608581916 ], [ -88.129434460082194, 14.633805043501162 ], [ -88.129449259117507, 14.633787662813219 ], [ -88.129453783271671, 14.63378234956201 ], [ -88.129458714395668, 14.633776379807815 ], [ -88.129472526391112, 14.633759659026575 ], [ -88.129490973493745, 14.63373583963293 ], [ -88.129498532858207, 14.63372624376554 ], [ -88.129508846180698, 14.633713152551717 ], [ -88.129524363729473, 14.633692127390278 ], [ -88.129526423264423, 14.633689336939993 ], [ -88.129547736996471, 14.633658723659824 ], [ -88.129573072111711, 14.633620180897582 ], [ -88.129576090525532, 14.633615166806662 ], [ -88.129596950671242, 14.63358051529954 ], [ -88.129619372956995, 14.633539726562862 ], [ -88.129629428028466, 14.633520439479963 ], [ -88.129640635124446, 14.633498943563206 ], [ -88.129660155997016, 14.633458169001475 ], [ -88.129676998208183, 14.633418038839491 ], [ -88.129678214345631, 14.633415141208824 ], [ -88.129679750579371, 14.633411198989343 ], [ -88.129694538261731, 14.633373252485793 ], [ -88.129709399650693, 14.633329109628436 ], [ -88.129711282589071, 14.633323073896499 ], [ -88.129722816034842, 14.633286104913026 ], [ -88.129754895491089, 14.63318062493172 ], [ -88.129756200783589, 14.633176333071786 ], [ -88.12977591391504, 14.633116347628366 ], [ -88.129796029818039, 14.633059636463713 ], [ -88.129796792567547, 14.633057486154046 ], [ -88.129818541997523, 14.632998620671522 ], [ -88.129838525991502, 14.63294790929551 ], [ -88.129841742228237, 14.632939747927731 ], [ -88.129844557416916, 14.632932913379072 ], [ -88.12986552819585, 14.632882002784836 ], [ -88.12987748053456, 14.632854650778174 ], [ -88.129890765404937, 14.632824250457812 ], [ -88.129916588117055, 14.632767625355651 ], [ -88.129942611307001, 14.632713588222071 ], [ -88.129943861212226, 14.632710992840282 ], [ -88.129972005044195, 14.632654356325585 ], [ -88.130001025040912, 14.632598845557213 ], [ -88.130030346720758, 14.632545593321607 ], [ -88.130045880842502, 14.632519527965734 ], [ -88.130061989441685, 14.632492329822245 ], [ -88.130078689866153, 14.632467388805741 ], [ -88.130083415191521, 14.632460135216347 ], [ -88.130095674855582, 14.632441316571899 ], [ -88.130108070241533, 14.632423718397044 ], [ -88.130113245448072, 14.632416371167578 ], [ -88.130131100605084, 14.632390294545772 ], [ -88.130149547587465, 14.632366475050542 ], [ -88.130155757540876, 14.632358203145277 ], [ -88.130168278903767, 14.632341524590217 ], [ -88.13018759667213, 14.632317700022742 ], [ -88.130207204107549, 14.632293874952294 ], [ -88.130227391537389, 14.632270047374963 ], [ -88.130248165333384, 14.632247346584155 ], [ -88.130268939126822, 14.632224645789929 ], [ -88.130290293178859, 14.632201942178389 ], [ -88.130312227489298, 14.632179235749376 ], [ -88.130334167579193, 14.632157659290089 ], [ -88.13033939195185, 14.632152976571737 ], [ -88.130356984174881, 14.632137208588519 ], [ -88.130373510976383, 14.632121572476262 ], [ -88.130379794318003, 14.632115627889798 ], [ -88.130386343580938, 14.632109902441401 ], [ -88.130403191027852, 14.632095174469951 ], [ -88.130419029809133, 14.63208132772084 ], [ -88.13042658734868, 14.632074720821038 ], [ -88.130450860035552, 14.632055393030864 ], [ -88.130454876077749, 14.632052195146981 ], [ -88.130475133159138, 14.632036065490505 ], [ -88.130499695431013, 14.632016736335698 ], [ -88.130524844672792, 14.631998534325957 ], [ -88.130550283576426, 14.631980330907773 ], [ -88.130576017927268, 14.631963256049373 ], [ -88.130582044565784, 14.631959301459482 ], [ -88.130602043267345, 14.631946179314658 ], [ -88.130628358412011, 14.631929101593109 ], [ -88.130657853422449, 14.631909748434808 ], [ -88.130678946200803, 14.63189269605734 ], [ -88.13069916858305, 14.631875647903211 ], [ -88.130718224652639, 14.631857475409605 ], [ -88.130736410326421, 14.631839307139796 ], [ -88.130753423901879, 14.631818884559648 ], [ -88.130769567081714, 14.631798466203712 ], [ -88.130784538163226, 14.63177579353788 ], [ -88.130785981023564, 14.631773496299051 ], [ -88.130798064766012, 14.631754257905959 ], [ -88.130810708967488, 14.631730466596661 ], [ -88.130819923741029, 14.631710886060375 ], [ -88.130821902205213, 14.631706682184944 ], [ -88.130823901993125, 14.631701942620799 ], [ -88.130831935544336, 14.631682903696545 ], [ -88.130840512133929, 14.631658002137781 ], [ -88.130845392875969, 14.631640950123266 ], [ -88.130847637854984, 14.631633107282411 ], [ -88.130849794053333, 14.631624111217763 ], [ -88.130853603490948, 14.631608218739942 ], [ -88.130855604163742, 14.631597372811338 ], [ -88.130858402430263, 14.631582205048076 ], [ -88.130860730881409, 14.631562406460771 ], [ -88.130861460929836, 14.631556199855963 ], [ -88.130861961713748, 14.631549337678475 ], [ -88.130863358605552, 14.631530201012408 ], [ -88.130863471830111, 14.631511462322093 ], [ -88.130863515777676, 14.631504210047774 ], [ -88.130862789578728, 14.631464825763869 ], [ -88.130860703580737, 14.631351673987455 ], [ -88.130856239026585, 14.63121901410385 ], [ -88.130855570531992, 14.631199148700656 ], [ -88.130854343746932, 14.631173435862161 ], [ -88.130844844755714, 14.630974331147101 ], [ -88.130838089057761, 14.630855276371728 ], [ -88.130832088588789, 14.630749523229696 ], [ -88.130812463143812, 14.63042982860593 ], [ -88.130792257534907, 14.630110136784596 ], [ -88.130786850176364, 14.63002815036463 ], [ -88.130783764206384, 14.629981358029507 ], [ -88.130780497820922, 14.62993183003338 ], [ -88.13077527150017, 14.629852579130105 ], [ -88.130748074084664, 14.629527271238521 ], [ -88.130737471810448, 14.629427093088092 ], [ -88.130727036884238, 14.62932849356471 ], [ -88.13067497155879, 14.62890612635638 ], [ -88.130616523709833, 14.628483790081486 ], [ -88.130607530724333, 14.628427333731164 ], [ -88.130604313806316, 14.628410510378298 ], [ -88.130601270615031, 14.628394594398831 ], [ -88.130594720114388, 14.628361856283201 ], [ -88.130589465449077, 14.628337897090519 ], [ -88.130587293163927, 14.628327991951961 ], [ -88.130586026580815, 14.628322810594229 ], [ -88.130579292327752, 14.628295260441613 ], [ -88.130572301194576, 14.628268598591553 ], [ -88.130570710645031, 14.628262532428554 ], [ -88.130561844920962, 14.628230935453459 ], [ -88.130559866889584, 14.628224291300002 ], [ -88.130552103379657, 14.628198212663662 ], [ -88.130544251076159, 14.628173322962041 ], [ -88.130541780905901, 14.628165492820262 ], [ -88.130539020082495, 14.628157489729665 ], [ -88.13053088468773, 14.628133905815377 ], [ -88.130522781169091, 14.62811160583969 ], [ -88.130519407462501, 14.628102321389905 ], [ -88.130515579054759, 14.628092293532825 ], [ -88.130507350791561, 14.628070740195309 ], [ -88.130493228147543, 14.62803238883401 ], [ -88.130487212409662, 14.628015375720935 ], [ -88.130480863136825, 14.627997418422428 ], [ -88.130472172033095, 14.627972246208792 ], [ -88.130468788731463, 14.627962446717156 ], [ -88.130457578918467, 14.627926341212167 ], [ -88.130446955142546, 14.627891362859554 ], [ -88.130436905837115, 14.62785525172189 ], [ -88.130427436785084, 14.627819137768034 ], [ -88.130418547986181, 14.627783020998079 ], [ -88.130417554398406, 14.627778408708734 ], [ -88.130410523666413, 14.627745769715055 ], [ -88.130403700788918, 14.62771263404235 ], [ -88.130403085613224, 14.627709646226066 ], [ -88.130396512033883, 14.62767238732023 ], [ -88.130393990761988, 14.627657877881239 ], [ -88.130390234237709, 14.627636258154928 ], [ -88.130382987894578, 14.62758092331187 ], [ -88.1303801571175, 14.627550482842226 ], [ -88.130378996669705, 14.627538002674459 ], [ -88.130376455935519, 14.627495075120002 ], [ -88.130375650166613, 14.627451009150818 ], [ -88.130375807702265, 14.627440604118981 ], [ -88.130376300706118, 14.627408065755851 ], [ -88.130378402622924, 14.627370313558966 ], [ -88.130378692180301, 14.627365113723961 ], [ -88.130388039256459, 14.627247969096757 ], [ -88.130390688575119, 14.627214765952804 ], [ -88.130391011088264, 14.627211505689084 ], [ -88.130403102747181, 14.627089276045538 ], [ -88.130413131562065, 14.627003853411763 ], [ -88.130417837144364, 14.626963774238073 ], [ -88.130426234420369, 14.626903843497258 ], [ -88.130430551776215, 14.626871727414658 ], [ -88.130434898898073, 14.626839391554366 ], [ -88.130443522122675, 14.626784047605931 ], [ -88.130454281211854, 14.626714997421727 ], [ -88.130467298670297, 14.626640544119795 ], [ -88.13046752967017, 14.626639222944185 ], [ -88.130478561132833, 14.626583799620803 ], [ -88.130490747343956, 14.626527240495538 ], [ -88.130503809703939, 14.62647180711904 ], [ -88.130505545200677, 14.626464901668108 ], [ -88.130517742737283, 14.626416369845916 ], [ -88.13052590623407, 14.626386380702964 ], [ -88.130532835644431, 14.626360926288292 ], [ -88.130545555103183, 14.626318433746967 ], [ -88.13054909531175, 14.626306607113534 ], [ -88.130552433363277, 14.626295611125615 ], [ -88.130565929072318, 14.626251155719917 ], [ -88.130581740745285, 14.626203433722022 ], [ -88.130583929335927, 14.626196828389146 ], [ -88.130603096211161, 14.626143625529997 ], [ -88.130623127198234, 14.626089288479706 ], [ -88.13063660634451, 14.62605871315613 ], [ -88.130649535087599, 14.626033790487408 ], [ -88.130663829374853, 14.626011053738404 ], [ -88.130664499768457, 14.626009987439756 ], [ -88.130680921129837, 14.62598730775812 ], [ -88.13069908901025, 14.625965749600786 ], [ -88.130718713286228, 14.625945314375151 ], [ -88.130739503834604, 14.625926003488702 ], [ -88.130752576684671, 14.625915982404742 ], [ -88.130761756958933, 14.625908945342324 ], [ -88.130805699378143, 14.625878222172515 ], [ -88.130814367693077, 14.625872679467676 ], [ -88.130839533613738, 14.625856588069466 ], [ -88.130868571608858, 14.625840243846586 ], [ -88.130873959990979, 14.625837210998718 ], [ -88.130909256560827, 14.62581782974126 ], [ -88.130945139153269, 14.625799575631307 ], [ -88.130981613553658, 14.625783578637328 ], [ -88.131009957382744, 14.625771340061215 ], [ -88.131018668250775, 14.625767578799463 ], [ -88.131142604158114, 14.625720647335692 ], [ -88.131248882667734, 14.625681711491392 ], [ -88.131355752025797, 14.625645032725604 ], [ -88.13146321409188, 14.625610611028307 ], [ -88.131513155105296, 14.625595221486162 ], [ -88.131571262219126, 14.625577315938813 ], [ -88.131679901907148, 14.625546278365743 ], [ -88.132043792058539, 14.625446200896173 ], [ -88.132336533841524, 14.62536757239411 ], [ -88.132407983898162, 14.62534838136845 ], [ -88.132439482177702, 14.625340530925142 ], [ -88.132518961331058, 14.625320722100588 ], [ -88.132599232482633, 14.625302251978187 ], [ -88.132643041102696, 14.625292957023042 ], [ -88.132740951447261, 14.625272183209521 ], [ -88.132876015612609, 14.625245536677703 ], [ -88.133017176686863, 14.625219990420295 ], [ -88.133131688076844, 14.625202483648614 ], [ -88.133169090984225, 14.625197781774622 ], [ -88.133204462577538, 14.625193089773427 ], [ -88.133239550308289, 14.625189529143599 ], [ -88.133274933490895, 14.625187097067737 ], [ -88.133310316672308, 14.625184664986564 ], [ -88.133345699852526, 14.625182232900064 ], [ -88.133381379413834, 14.625180929362724 ], [ -88.133416774186202, 14.625180757201258 ], [ -88.13370867262222, 14.625182484627144 ], [ -88.133940762919451, 14.625183857928244 ], [ -88.13422310365236, 14.625192653860543 ], [ -88.134286657732176, 14.625195734513371 ], [ -88.134337742376289, 14.625200005846246 ], [ -88.134388827021496, 14.625204277167782 ], [ -88.134439917469933, 14.625209678448536 ], [ -88.134490717798229, 14.625215081130346 ], [ -88.13454152973334, 14.625222743741947 ], [ -88.134592051549319, 14.625230407754772 ], [ -88.134642579171157, 14.625239201726876 ], [ -88.134668313082997, 14.625244285349355 ], [ -88.1346928225867, 14.625249127479254 ], [ -88.134809852111403, 14.625270027477518 ], [ -88.134885637094712, 14.625282088334256 ], [ -88.134961423012868, 14.625294149161215 ], [ -88.135037777568613, 14.62530394720207 ], [ -88.135114120517471, 14.62531148528304 ], [ -88.13519046254126, 14.625319023343126 ], [ -88.135252286532321, 14.625324192289641 ], [ -88.135267089856029, 14.62532542997579 ], [ -88.13533267482029, 14.625328500445534 ], [ -88.135368075496032, 14.62532945796649 ], [ -88.135403476171675, 14.625330415482038 ], [ -88.135438580918105, 14.62533024443565 ], [ -88.135473969978563, 14.625328942000161 ], [ -88.135509359038181, 14.62532763955933 ], [ -88.135544452167352, 14.625325208556776 ], [ -88.135579835417204, 14.625322776135194 ], [ -88.135614922735911, 14.625319215152048 ], [ -88.135650010053055, 14.625315654163687 ], [ -88.135685091560248, 14.625310963200056 ], [ -88.135720173065522, 14.625306272231262 ], [ -88.135754958638287, 14.625300452701248 ], [ -88.135789744208864, 14.625294633166179 ], [ -88.135824523967997, 14.625287683656023 ], [ -88.135868866123914, 14.625278427533775 ], [ -88.135911746047555, 14.625266918534452 ], [ -88.135918208796397, 14.625265000598286 ], [ -88.135954330407941, 14.625254280964134 ], [ -88.135996038095939, 14.625240517692243 ], [ -88.136037734157057, 14.625224494479594 ], [ -88.136059220812001, 14.625216063562325 ], [ -88.136078559830338, 14.625208475422792 ], [ -88.136103337692475, 14.625197220166767 ], [ -88.13611879367113, 14.625190199415933 ], [ -88.136158441897507, 14.625170796182116 ], [ -88.13619720766728, 14.625149137254665 ], [ -88.136235102602754, 14.625127482567597 ], [ -88.136235102681283, 14.625127482515662 ], [ -88.136235103038203, 14.625127482311699 ], [ -88.13623911875851, 14.625124826190929 ], [ -88.136271246111221, 14.625103576425207 ], [ -88.13629436858885, 14.625086513744746 ], [ -88.136316609541169, 14.625067195370843 ], [ -88.136337979663551, 14.625047881241738 ], [ -88.13634694272119, 14.625038170580133 ], [ -88.136357887430378, 14.625026313759147 ], [ -88.136376925015213, 14.625004750958558 ], [ -88.136394506177879, 14.624982065260758 ], [ -88.136401840404062, 14.624971426853682 ], [ -88.136410921456957, 14.624958255008696 ], [ -88.136419360735374, 14.624945085161576 ], [ -88.136426175413277, 14.624934450900058 ], [ -88.136439967553173, 14.624908393682636 ], [ -88.136452599205256, 14.624882342123964 ], [ -88.136463490127696, 14.624856299053922 ], [ -88.136473214751007, 14.624829131673172 ], [ -88.136477397653863, 14.624815400865739 ], [ -88.136481488940731, 14.624801971532724 ], [ -88.136493470546412, 14.62476236326988 ], [ -88.136499129239269, 14.624747074444134 ], [ -88.136505202631412, 14.624730665833129 ], [ -88.136518965688268, 14.62469895876316 ], [ -88.136534185158453, 14.624668374587733 ], [ -88.136550855228919, 14.624637783336802 ], [ -88.136569277645251, 14.624609443534711 ], [ -88.136589440781663, 14.624581095241503 ], [ -88.136610770208833, 14.624553871256589 ], [ -88.136628570580271, 14.624534368710428 ], [ -88.136633561990067, 14.624528900099785 ], [ -88.136657804165424, 14.624503921961718 ], [ -88.136683218441817, 14.624481198094026 ], [ -88.136710083776165, 14.624458467145573 ], [ -88.136737830627723, 14.624437991884173 ], [ -88.136789581365107, 14.624402709586777 ], [ -88.136836424700988, 14.624371971199766 ], [ -88.13688355675049, 14.624341231395574 ], [ -88.136899858027363, 14.624331560515616 ], [ -88.136931571529786, 14.624312746799719 ], [ -88.136979876266295, 14.624284261182989 ], [ -88.137028476925039, 14.62425690411121 ], [ -88.137111514652062, 14.624212429031225 ], [ -88.137164764928883, 14.624184968810701 ], [ -88.137180093234548, 14.62417706431987 ], [ -88.13719085396751, 14.624171737541202 ], [ -88.137249257102951, 14.624142827018879 ], [ -88.137319007378863, 14.624109716691118 ], [ -88.137324842164418, 14.62410706350831 ], [ -88.137389343922806, 14.624077733543439 ], [ -88.137419879917303, 14.624065224587511 ], [ -88.137428428456573, 14.624061722753522 ], [ -88.137453906663723, 14.624051428419962 ], [ -88.137461191063849, 14.624048517933128 ], [ -88.137479674962776, 14.624041132802859 ], [ -88.137505739147684, 14.624031965618629 ], [ -88.137531803330248, 14.624022798431627 ], [ -88.137558163911635, 14.62401475978972 ], [ -88.137584814145839, 14.624006719730961 ], [ -88.137611173794582, 14.623998681087851 ], [ -88.137638120426047, 14.623991769571026 ], [ -88.13766477647232, 14.623984859469822 ], [ -88.137691728918512, 14.623979077913331 ], [ -88.137718971017932, 14.623973294939665 ], [ -88.137746213115705, 14.62396751196291 ], [ -88.137773461030761, 14.623962858949326 ], [ -88.13780070894444, 14.623958205932651 ], [ -88.137828253259173, 14.623954681460285 ], [ -88.137855506989567, 14.623951158403582 ], [ -88.137883056193189, 14.623948763895628 ], [ -88.137910890159517, 14.623945237999308 ], [ -88.137938446109445, 14.623943973446558 ], [ -88.137965995310523, 14.623941578928919 ], [ -88.137993847662443, 14.623941442916861 ], [ -88.138048372571689, 14.623937786660681 ], [ -88.138081138090897, 14.623934236660423 ], [ -88.138113898716412, 14.623929556684965 ], [ -88.13814636293624, 14.623923748158093 ], [ -88.138178827153993, 14.623917939626816 ], [ -88.138210990072665, 14.623909872573707 ], [ -88.138242856584228, 14.623900676969571 ], [ -88.138274137033576, 14.623890354229395 ], [ -88.138305411658067, 14.623878901519157 ], [ -88.138336106041322, 14.623867451639313 ], [ -88.13836620853958, 14.623853744657991 ], [ -88.138396021379265, 14.623840039088018 ], [ -88.138424957572198, 14.6238252078026 ], [ -88.138436712378564, 14.623818191730301 ], [ -88.138453591977338, 14.623808117533073 ], [ -88.13848425149655, 14.623789887798065 ], [ -88.138513164471135, 14.623770536594087 ], [ -88.138541491379129, 14.623750058252448 ], [ -88.138569238042848, 14.623729582742472 ], [ -88.138596102697633, 14.62370685154357 ], [ -88.138614400465485, 14.623690853706904 ], [ -88.13862209743175, 14.623684124441763 ], [ -88.138647505578561, 14.623660270413669 ], [ -88.138671747422393, 14.623635292087524 ], [ -88.138687864858866, 14.623618053989883 ], [ -88.13870146637079, 14.623603506983766 ], [ -88.138731458251456, 14.623568330518895 ], [ -88.138760289645958, 14.623533159721127 ], [ -88.138777795724636, 14.623509222496152 ], [ -88.138787658718115, 14.62349573638609 ], [ -88.138813867755928, 14.623458318496089 ], [ -88.138837391383959, 14.623421689754359 ], [ -88.138838619675894, 14.62341977722188 ], [ -88.138861915478628, 14.623380113473486 ], [ -88.138881741494529, 14.623342726673974 ], [ -88.138892643707948, 14.623318943451151 ], [ -88.138902675562605, 14.623295164481178 ], [ -88.13891212717769, 14.623271388346391 ], [ -88.138912629622126, 14.623269947852183 ], [ -88.138920418725817, 14.623247617932167 ], [ -88.138927833653497, 14.623222721818561 ], [ -88.138934668343879, 14.623197828540514 ], [ -88.138940342561355, 14.623172940933804 ], [ -88.138944206407928, 14.623152924804504 ], [ -88.138945146113812, 14.623148057264261 ], [ -88.13894907964108, 14.623123178097321 ], [ -88.138950208585541, 14.623113575631246 ], [ -88.138952137257846, 14.623097172765037 ], [ -88.138953087449451, 14.623084750178016 ], [ -88.138954039683796, 14.623072303972192 ], [ -88.138955644144019, 14.623054265397263 ], [ -88.13895705649746, 14.623038389017173 ], [ -88.13896094340663, 14.623004470190221 ], [ -88.138963016696707, 14.622991743757405 ], [ -88.138966286536629, 14.622971674348108 ], [ -88.138972500236775, 14.622938874055402 ], [ -88.138977661043555, 14.622916782962243 ], [ -88.138980164659088, 14.622906066741516 ], [ -88.138982957964828, 14.622895679853166 ], [ -88.13898898928862, 14.622873253620241 ], [ -88.13899869022697, 14.622841566282244 ], [ -88.139006543309904, 14.622819246562361 ], [ -88.139009841773714, 14.622809872178554 ], [ -88.139021863609102, 14.622778173580777 ], [ -88.13903534231234, 14.622747596952467 ], [ -88.139049690904429, 14.622717016975924 ], [ -88.139071518465428, 14.622673970506561 ], [ -88.139077237716592, 14.622663215514619 ], [ -88.13909019530108, 14.622638849530878 ], [ -88.139104491807075, 14.622612773696208 ], [ -88.139109452774193, 14.622603725445803 ], [ -88.139114194804264, 14.622595600914929 ], [ -88.139129296021366, 14.622569728583038 ], [ -88.139150009756534, 14.622535727419724 ], [ -88.139167590676053, 14.622507266126059 ], [ -88.139171013542551, 14.622501725053736 ], [ -88.139192893491185, 14.622468848268129 ], [ -88.139215064014607, 14.622435970060447 ], [ -88.1392337376857, 14.622409318909964 ], [ -88.139238104230003, 14.622403087133151 ], [ -88.139261434817953, 14.622370203168026 ], [ -88.139285641577487, 14.62233844491551 ], [ -88.13931014427348, 14.622307815211686 ], [ -88.139321746861114, 14.622293645543071 ], [ -88.139335227538936, 14.622277182545757 ], [ -88.139361180727732, 14.622246545822888 ], [ -88.139373244282993, 14.622232461792402 ], [ -88.139387423847396, 14.622215907649984 ], [ -88.139402890777831, 14.622198894769703 ], [ -88.139414253376842, 14.622186396662125 ], [ -88.139445997220875, 14.622153471632277 ], [ -88.139463316808317, 14.622136437040961 ], [ -88.139480636393102, 14.622119402448533 ], [ -88.139498246555831, 14.622102366434246 ], [ -88.139516441847363, 14.622086457552149 ], [ -88.139534638064617, 14.622070548664253 ], [ -88.139553123931393, 14.622054638358849 ], [ -88.13956408653118, 14.622046140422036 ], [ -88.139572195774988, 14.622039854725472 ], [ -88.139591267753445, 14.622025071511148 ], [ -88.139610629846388, 14.622010286876913 ], [ -88.139630287881047, 14.621996630791568 ], [ -88.139650230202875, 14.621981843317322 ], [ -88.139670178349476, 14.621968185810363 ], [ -88.139690712555137, 14.621955655433489 ], [ -88.139711240930666, 14.621941995086136 ], [ -88.139732071076125, 14.621930593256103 ], [ -88.13975318550844, 14.62191806003689 ], [ -88.139770824491322, 14.621907730535742 ], [ -88.139774590462295, 14.621905525252103 ], [ -88.139796000772307, 14.621894120604276 ], [ -88.139800142128664, 14.62189215997566 ], [ -88.139817706742477, 14.621883844600021 ], [ -88.139872154795725, 14.621856873670733 ], [ -88.139877609508616, 14.621854171687723 ], [ -88.139911481116499, 14.621839422716583 ], [ -88.139916977862043, 14.621837029228313 ], [ -88.139917398372077, 14.621836835437149 ], [ -88.13995663095082, 14.621818755375802 ], [ -88.139996585347816, 14.621802740031404 ], [ -88.140029278818474, 14.621789728324243 ], [ -88.140036829739088, 14.621786723161794 ], [ -88.140040117158222, 14.621785515878754 ], [ -88.140077370764914, 14.621771835029085 ], [ -88.140118200856904, 14.62175694537539 ], [ -88.140159037701508, 14.621743185675916 ], [ -88.140200453843917, 14.621729423135587 ], [ -88.140241882570308, 14.621717920514726 ], [ -88.140289965999088, 14.62170299534629 ], [ -88.140335438842683, 14.621688082941299 ], [ -88.140380621099581, 14.621673171949647 ], [ -88.140425217286761, 14.621657133823366 ], [ -88.140469807635114, 14.621639965723563 ], [ -88.140514108324496, 14.621622799033116 ], [ -88.140557822014543, 14.621604505213327 ], [ -88.140572549193791, 14.621597960280113 ], [ -88.140601530895012, 14.621585080940404 ], [ -88.140644659093965, 14.621565659936957 ], [ -88.140687491335996, 14.621545110377399 ], [ -88.140896702943635, 14.621438996705393 ], [ -88.141010233113718, 14.621379494077292 ], [ -88.14104687068172, 14.621360291881395 ], [ -88.141195854538935, 14.621277072910097 ], [ -88.141241268866921, 14.62125086068696 ], [ -88.14127019284463, 14.621233769152978 ], [ -88.141299110981848, 14.621215547650568 ], [ -88.14132773269894, 14.621196197602684 ], [ -88.141335232293486, 14.621191023188402 ], [ -88.141355775090858, 14.62117684993472 ], [ -88.141383526999078, 14.621157504095633 ], [ -88.141410982950561, 14.621137029706 ], [ -88.141439013292143, 14.621115422503864 ], [ -88.1414702115556, 14.621089279797861 ], [ -88.141500249348994, 14.621063142771243 ], [ -88.141529405115151, 14.621034750067251 ], [ -88.141557690527151, 14.621006361622607 ], [ -88.141584809632889, 14.620976848890287 ], [ -88.141610762432563, 14.620946211870685 ], [ -88.141635548926203, 14.620914450564177 ], [ -88.141648038658687, 14.62089786607498 ], [ -88.141659465082768, 14.620882693780683 ], [ -88.14168192473042, 14.620849813953201 ], [ -88.141695812286343, 14.620829306987757 ], [ -88.141732599811633, 14.620774985613984 ], [ -88.141766298113581, 14.620727360690116 ], [ -88.141800866746735, 14.620679731498914 ], [ -88.141807079415742, 14.62067177986191 ], [ -88.141836317762142, 14.620634357959849 ], [ -88.141872632780121, 14.620587850317976 ], [ -88.141909539688726, 14.620543599758669 ], [ -88.141934905616068, 14.620513884022111 ], [ -88.141947316896761, 14.620499344608874 ], [ -88.141953893850129, 14.620491812703804 ], [ -88.141985964952553, 14.620455085830372 ], [ -88.14200890186865, 14.620430053284933 ], [ -88.142025488431443, 14.620411951891844 ], [ -88.142065598335762, 14.620369945502064 ], [ -88.142106578568843, 14.620327934841976 ], [ -88.1421488386882, 14.620286728226342 ], [ -88.142206746280962, 14.620230264403625 ], [ -88.142285851962583, 14.620155297176835 ], [ -88.142366704112149, 14.620081451360411 ], [ -88.142388451281064, 14.620062403084118 ], [ -88.142448438807506, 14.620009860575571 ], [ -88.142531919644412, 14.619939391637187 ], [ -88.142616276611079, 14.619870048374056 ], [ -88.142687358389722, 14.619814330116112 ], [ -88.142699433815366, 14.619805221162776 ], [ -88.142756717326691, 14.619762010558306 ], [ -88.142826945547426, 14.619709686557258 ], [ -88.142847960282609, 14.619694949812837 ], [ -88.142898346870837, 14.619659616250752 ], [ -88.142970333909005, 14.619610673454972 ], [ -88.143012861960159, 14.619582873905534 ], [ -88.143043487637385, 14.619562854751516 ], [ -88.143067255544281, 14.619547804914614 ], [ -88.143117226553827, 14.619516163479808 ], [ -88.143157139481389, 14.619492237831468 ], [ -88.143180349976362, 14.619480428415027 ], [ -88.143184049910133, 14.619478545932447 ], [ -88.1432112503567, 14.619464852613131 ], [ -88.143238753066484, 14.619453417794816 ], [ -88.14326683506998, 14.619441980132216 ], [ -88.143295504069059, 14.619431669580523 ], [ -88.143324177982322, 14.619422488994555 ], [ -88.143353433046315, 14.619413305554675 ], [ -88.143382989447389, 14.619406380619504 ], [ -88.143412545846346, 14.619399455680721 ], [ -88.143442404511887, 14.619394789241866 ], [ -88.143472552824164, 14.619390121378398 ], [ -88.143502706981209, 14.619386583475576 ], [ -88.1435331575601, 14.619384174107845 ], [ -88.143563323408046, 14.619382896126151 ], [ -88.143593784750394, 14.619382746683955 ], [ -88.14362425286771, 14.619383727197627 ], [ -88.143654436255488, 14.619385839097339 ], [ -88.143684915139048, 14.619389079536326 ], [ -88.143714814726707, 14.619392322813617 ], [ -88.143746460837178, 14.619396687510422 ], [ -88.143773157029628, 14.619397686512068 ], [ -88.143799853222092, 14.619398685510637 ], [ -88.143826537718596, 14.619397424577503 ], [ -88.143852925789801, 14.61939503510292 ], [ -88.143852925804666, 14.619395035100306 ], [ -88.143852926241806, 14.61939503506072 ], [ -88.143866794189336, 14.619392590581729 ], [ -88.143879303092078, 14.619390385692249 ], [ -88.143905389816396, 14.619385737704642 ], [ -88.143931464842396, 14.619378829785635 ], [ -88.143931464948921, 14.619378829752051 ], [ -88.143931465050414, 14.619378829725163 ], [ -88.143956954073502, 14.619370794672276 ], [ -88.143981857019753, 14.619361632496753 ], [ -88.144006173888926, 14.61935134319879 ], [ -88.144016155550659, 14.619346598621277 ], [ -88.144030194767254, 14.619339925489918 ], [ -88.144053339414072, 14.619327381975115 ], [ -88.144075897984294, 14.619313711341761 ], [ -88.144097574980279, 14.619297785047449 ], [ -88.14411838117212, 14.619281863025426 ], [ -88.144138601286926, 14.619264813885474 ], [ -88.144157655100116, 14.619246640475732 ], [ -88.14423430115302, 14.619167181334289 ], [ -88.144248555108533, 14.619152404293233 ], [ -88.144299328325332, 14.619096785266141 ], [ -88.144308827220371, 14.61908598277164 ], [ -88.144349225719495, 14.61904004048708 ], [ -88.144518544698158, 14.618850500410788 ], [ -88.144611691586576, 14.618750870681996 ], [ -88.144637415320105, 14.618723356819466 ], [ -88.144996389228169, 14.618349825364488 ], [ -88.145361483538622, 14.617981913337022 ], [ -88.145405944026535, 14.617939885062597 ], [ -88.145417609016931, 14.617928918839027 ], [ -88.145438568773386, 14.617909214895649 ], [ -88.145458138865791, 14.617891805699356 ], [ -88.145471779032007, 14.617879671830615 ], [ -88.145505279671013, 14.617850127341081 ], [ -88.145521413900212, 14.617836789415923 ], [ -88.145539656463043, 14.617821708752873 ], [ -88.145574323279661, 14.61779328858716 ], [ -88.145611316824599, 14.617765986975401 ], [ -88.145630979890456, 14.617753460428592 ], [ -88.145650933528287, 14.617740932452291 ], [ -88.145671762886494, 14.617729530163276 ], [ -88.145692592242455, 14.617718127872541 ], [ -88.145702996150931, 14.617713135609854 ], [ -88.145714007749845, 14.61770785221934 ], [ -88.145735719207877, 14.617698705556625 ], [ -88.145757720774796, 14.617689557466271 ], [ -88.145780018307448, 14.61768153791501 ], [ -88.145802611806147, 14.617674646902755 ], [ -88.145825495414002, 14.617667754462556 ], [ -88.145848674988287, 14.617661990561174 ], [ -88.145890694186761, 14.617652744073949 ], [ -88.145919095750287, 14.617646954499392 ], [ -88.145947793280584, 14.617642293462266 ], [ -88.145976490809375, 14.617637632421697 ], [ -88.146005194194728, 14.617634101344411 ], [ -88.14603418768958, 14.617630568837573 ], [ -88.146063181183237, 14.617627036327201 ], [ -88.146092180534183, 14.617624633779991 ], [ -88.146121179884233, 14.617622231229209 ], [ -88.146150185092125, 14.617620958641567 ], [ -88.146179190299421, 14.617619686050316 ], [ -88.146208195506091, 14.617618413455487 ], [ -88.146237206571428, 14.617618270823728 ], [ -88.146266223495758, 14.617619258154985 ], [ -88.146295530530722, 14.617620244056216 ], [ -88.146324547455052, 14.617621231380173 ], [ -88.146402267666573, 14.6176268467607 ], [ -88.146485623432, 14.61763286971085 ], [ -88.146578505473158, 14.617641452845485 ], [ -88.146671683954551, 14.617651164476685 ], [ -88.146764293946148, 14.617663138850828 ], [ -88.146919028497678, 14.617682717501717 ], [ -88.147020039503573, 14.617692390456947 ], [ -88.147121335224909, 14.617700931974763 ], [ -88.147159692077722, 14.617703310839262 ], [ -88.147222618786287, 14.61770721353354 ], [ -88.147352339306295, 14.617714485136965 ], [ -88.147482338208718, 14.6177194953074 ], [ -88.147655557731525, 14.61772316265434 ], [ -88.147829061493439, 14.617725698477813 ], [ -88.147863874768831, 14.617725527076029 ], [ -88.147894910737904, 14.617724244272415 ], [ -88.147925360617208, 14.617721834355619 ], [ -88.147956094738092, 14.617718293040458 ], [ -88.147986532878903, 14.61771362318389 ], [ -88.148016965149736, 14.61770782335751 ], [ -88.148046811329053, 14.617700896418532 ], [ -88.148076651637524, 14.617692839509974 ], [ -88.148106201833073, 14.617684784026396 ], [ -88.14813545604666, 14.617675600002046 ], [ -88.148164118298368, 14.617664158899917 ], [ -88.148192780546893, 14.617652717794479 ], [ -88.148220566591419, 14.61764015100627 ], [ -88.148238728026271, 14.617631103125436 ], [ -88.148248057039538, 14.617626455559364 ], [ -88.148275256907809, 14.617612761686269 ], [ -88.148284097738198, 14.61760740373736 ], [ -88.148301574472669, 14.617596812225175 ], [ -88.148327602231191, 14.617580864101052 ], [ -88.148353043895085, 14.61756378886639 ], [ -88.148372491186038, 14.617549380077913 ], [ -88.148377609359812, 14.617545588014671 ], [ -88.148401594986382, 14.61752738999485 ], [ -88.148424987720162, 14.617506934910304 ], [ -88.148460234305404, 14.617478511486924 ], [ -88.148479601650791, 14.617464856177326 ], [ -88.148499838857774, 14.617451196580904 ], [ -88.148520365707384, 14.617437535555938 ], [ -88.148541189927542, 14.617425003055839 ], [ -88.14856259930697, 14.617413597662651 ], [ -88.14858430420071, 14.617403320803227 ], [ -88.148606590239325, 14.61739304107866 ], [ -88.14862917179255, 14.617383889887616 ], [ -88.148652042988886, 14.617374737267404 ], [ -88.148660876155219, 14.617372109052134 ], [ -88.148675216902717, 14.617367842678519 ], [ -88.148698384606689, 14.617359818569895 ], [ -88.148722144272526, 14.617354051531661 ], [ -88.148745903936955, 14.617348284491085 ], [ -88.148769965454136, 14.617344775950054 ], [ -88.148794311208178, 14.617340136011444 ], [ -88.148818378595635, 14.61733775743118 ], [ -88.148842736092334, 14.617335377418915 ], [ -88.148867389570896, 14.617334125940184 ], [ -88.148891758811658, 14.617334005854115 ], [ -88.148916128052178, 14.61733388576549 ], [ -88.148940799148306, 14.617336024175842 ], [ -88.148961973047903, 14.617337546945704 ], [ -88.148984913157207, 14.617339197197166 ], [ -88.149022367077691, 14.617344662558242 ], [ -88.149059826873454, 14.617351257875601 ], [ -88.149097291616727, 14.617358983153766 ], [ -88.149134182946341, 14.617367841243547 ], [ -88.149170789579543, 14.617377830721988 ], [ -88.14920682774644, 14.617390082979371 ], [ -88.149245186791106, 14.617402323789751 ], [ -88.149267850563618, 14.617408992011585 ], [ -88.149290508462258, 14.617414530268778 ], [ -88.149313172237072, 14.617421198486014 ], [ -88.14933612071124, 14.61742673530607 ], [ -88.149359062382615, 14.617431142166049 ], [ -88.149382294628182, 14.6174355475911 ], [ -88.149398793165375, 14.617438676003857 ], [ -88.149405527395828, 14.617439952986533 ], [ -88.149428759705074, 14.6174443584261 ], [ -88.149451986139496, 14.617447633897902 ], [ -88.149472602285869, 14.617450504135519 ], [ -88.149475502439429, 14.617450907910195 ], [ -88.149475843651075, 14.617450945541361 ], [ -88.149612807028575, 14.617466050856159 ], [ -88.149687110475725, 14.617472464422677 ], [ -88.149761408048207, 14.617477747999931 ], [ -88.149835983977368, 14.617480770191998 ], [ -88.149910559906786, 14.617483792360046 ], [ -88.149985124079734, 14.617484554573748 ], [ -88.150059682372699, 14.617484186798407 ], [ -88.150106378338151, 14.617481696459807 ], [ -88.150131316046554, 14.617479313450493 ], [ -88.15015595188575, 14.617474671939547 ], [ -88.150180291734372, 14.617468901892206 ], [ -88.150204335592065, 14.617462003308585 ], [ -88.150228077578916, 14.617452846223721 ], [ -88.150251239343689, 14.617443691999195 ], [ -88.150302175227097, 14.617419710816455 ], [ -88.150337764672457, 14.617401455314109 ], [ -88.150373058121446, 14.617382071273139 ], [ -88.150396346384284, 14.61736807647188 ], [ -88.15040718566857, 14.617361562904323 ], [ -88.150427718492409, 14.617348430873417 ], [ -88.150441016369456, 14.617339926165332 ], [ -88.150491554148303, 14.617306484666475 ], [ -88.150545967512727, 14.617270478754126 ], [ -88.150604091661734, 14.617234032184419 ], [ -88.150662511317606, 14.617198714133719 ], [ -88.150721813509293, 14.617165651695055 ], [ -88.150781694971613, 14.617132586383041 ], [ -88.150938038868745, 14.617049426456035 ], [ -88.151036871654526, 14.61699685702936 ], [ -88.151173497445996, 14.616927355430324 ], [ -88.151290342614004, 14.616867916318316 ], [ -88.15154615770291, 14.616743483918667 ], [ -88.151585807872678, 14.616725208220554 ], [ -88.151621698867629, 14.616709211066278 ], [ -88.151658175960108, 14.616694341002143 ], [ -88.151671896391434, 14.616688791128665 ], [ -88.151694943697734, 14.616679469019511 ], [ -88.151731710993204, 14.616664597481797 ], [ -88.151769070275122, 14.616651983001468 ], [ -88.151806423665136, 14.616638238550937 ], [ -88.151844078933806, 14.616626752590532 ], [ -88.151866672092908, 14.616619861011511 ], [ -88.151900567716368, 14.616610653603541 ], [ -88.151935049442088, 14.616602573288663 ], [ -88.151969827161707, 14.616595621499965 ], [ -88.152004610766994, 14.616589799670683 ], [ -88.152039690367218, 14.616585106367321 ], [ -88.152075065962862, 14.616581541589717 ], [ -88.152110157337077, 14.616579108204784 ], [ -88.152145550596742, 14.616578933309821 ], [ -88.152180943855925, 14.61657875840949 ], [ -88.152216343004014, 14.616579713468152 ], [ -88.152251753931012, 14.616582928450137 ], [ -88.152308928899302, 14.616587165857664 ], [ -88.152365233542668, 14.616591407552603 ], [ -88.152421532296742, 14.616594519269478 ], [ -88.152477819270018, 14.616595371044127 ], [ -88.152506327994274, 14.616595802453295 ], [ -88.152534106625097, 14.616596223239235 ], [ -88.152590393443319, 14.61659707496689 ], [ -88.152646668477104, 14.616595666758771 ], [ -88.152702937616951, 14.616593128576046 ], [ -88.152759206754453, 14.61659059037984 ], [ -88.152815180353215, 14.616586923641343 ], [ -88.152871437699673, 14.616582125496262 ], [ -88.152927399505685, 14.616576198809163 ], [ -88.152983064842104, 14.616569143584902 ], [ -88.153292960604205, 14.616523541194933 ], [ -88.153447163216939, 14.616496788570952 ], [ -88.153601057522778, 14.61646664740327 ], [ -88.153679760241388, 14.616449983370545 ], [ -88.153754069422504, 14.61643425003559 ], [ -88.153805359622282, 14.616422696295764 ], [ -88.153838668999512, 14.616412361521471 ], [ -88.153871688264999, 14.61640202817836 ], [ -88.153904405623024, 14.616389436339114 ], [ -88.153936542760576, 14.616376847367125 ], [ -88.153968377989557, 14.616361999899423 ], [ -88.153999632997611, 14.616347155299405 ], [ -88.154042451037924, 14.616324343513192 ], [ -88.154063854155936, 14.616311807653705 ], [ -88.154084967163271, 14.616299273228394 ], [ -88.154105790060029, 14.616286740237332 ], [ -88.154126612954357, 14.616274207244558 ], [ -88.154147139839097, 14.616260545722506 ], [ -88.15416708650514, 14.616246887070963 ], [ -88.154170372231789, 14.616244450286366 ], [ -88.154187027644909, 14.616232098453427 ], [ -88.154206678239802, 14.616217311305975 ], [ -88.154226328832024, 14.616202524157039 ], [ -88.154245399207227, 14.616187739879111 ], [ -88.1542582202148, 14.616176872764479 ], [ -88.154264173428047, 14.616171826934252 ], [ -88.154282663639208, 14.616157045491164 ], [ -88.15430114204824, 14.616140004119599 ], [ -88.154304747169462, 14.61613680081815 ], [ -88.154319046581605, 14.616124095836399 ], [ -88.154336654143577, 14.616107058814908 ], [ -88.154354262631188, 14.616090021787663 ], [ -88.154371289973753, 14.616072987636651 ], [ -88.154388021770302, 14.616054824958246 ], [ -88.154394902702251, 14.616047699654853 ], [ -88.154404469641023, 14.616037793208488 ], [ -88.154456399907147, 14.61598216644752 ], [ -88.15449160421916, 14.615945832370819 ], [ -88.154527388734763, 14.615909495416572 ], [ -88.154555013209318, 14.615882963107646 ], [ -88.154564049612389, 14.615874284071198 ], [ -88.154572205957578, 14.615866820181916 ], [ -88.154601296294132, 14.61584019989175 ], [ -88.154633917346331, 14.615810804064987 ], [ -88.154639123251698, 14.615806112917854 ], [ -88.154677536739698, 14.615773152981051 ], [ -88.154716239858502, 14.61574019160418 ], [ -88.154755818723203, 14.615708355873746 ], [ -88.154795978717559, 14.615676517258978 ], [ -88.154821359918671, 14.615658092670461 ], [ -88.154836730460573, 14.615646935187717 ], [ -88.154878056419008, 14.615616220703352 ], [ -88.154919684278241, 14.615587764702257 ], [ -88.154960022970627, 14.615560566247726 ], [ -88.154961892686501, 14.615559305613925 ], [ -88.155214305650077, 14.615395336640807 ], [ -88.155286406611779, 14.615350307791479 ], [ -88.155469643129862, 14.615235872360376 ], [ -88.155676378274521, 14.615102638703339 ], [ -88.155781320660807, 14.615032059032758 ], [ -88.155833801589765, 14.614995150127534 ], [ -88.155954461918725, 14.614910291943357 ], [ -88.155992284516728, 14.614882718998162 ], [ -88.156102725308116, 14.614802207274984 ], [ -88.156280443157868, 14.61466798700306 ], [ -88.156344005284083, 14.614618035403137 ], [ -88.156455532195238, 14.614530390007104 ], [ -88.156494531302329, 14.614498556885549 ], [ -88.156517076300304, 14.614479269102254 ], [ -88.156521102364707, 14.614475824847331 ], [ -88.156546803540309, 14.614453097533307 ], [ -88.156572498799889, 14.614429240253966 ], [ -88.156597613843132, 14.614405385849984 ], [ -88.156622148670266, 14.614381534321534 ], [ -88.156631174888048, 14.614372341562008 ], [ -88.156646678012521, 14.614356552676153 ], [ -88.156670336529032, 14.614331575558911 ], [ -88.156683940414894, 14.61431637405134 ], [ -88.156693698738181, 14.614305469944746 ], [ -88.15670385242116, 14.61429434287737 ], [ -88.156716487216769, 14.614280497115134 ], [ -88.156738973476223, 14.614253265829149 ], [ -88.156760885433528, 14.614227167379378 ], [ -88.156770451391623, 14.61421511804582 ], [ -88.156782501361093, 14.614199940169888 ], [ -88.156812048812426, 14.614163467920598 ], [ -88.156831215644331, 14.61413980931424 ], [ -88.156837998970161, 14.614131695239626 ], [ -88.156860623225995, 14.614104633282425 ], [ -88.156890616775655, 14.614070584719858 ], [ -88.156921190525907, 14.614036533275444 ], [ -88.156944440953382, 14.614011966238968 ], [ -88.156952350791499, 14.614003608728961 ], [ -88.156967296329228, 14.613988243706293 ], [ -88.156984380557006, 14.613970680226307 ], [ -88.157016706733032, 14.613938880060442 ], [ -88.15704961310918, 14.613907077011831 ], [ -88.157083099685067, 14.613875271080245 ], [ -88.157094763017227, 14.613865158034342 ], [ -88.15711717865068, 14.613845722389701 ], [ -88.157151831434106, 14.613815040727905 ], [ -88.15723011197889, 14.613750242883116 ], [ -88.157239381363908, 14.613742854008626 ], [ -88.157298583296537, 14.613695663043437 ], [ -88.157368220470531, 14.61364220781854 ], [ -88.157438733837665, 14.613589878217994 ], [ -88.157487555492224, 14.613554861017739 ], [ -88.15751012350907, 14.61353867425548 ], [ -88.157582389049196, 14.613488596016751 ], [ -88.157655531245666, 14.613439643394214 ], [ -88.157720586019948, 14.613397510835675 ], [ -88.157778712866943, 14.613362192590314 ], [ -88.157804172671433, 14.613346874526199 ], [ -88.157837420755541, 14.613326870954275 ], [ -88.157896720447894, 14.613293806763853 ], [ -88.157956890432914, 14.613260738238074 ], [ -88.158017356420402, 14.613228798219803 ], [ -88.158078408514669, 14.613197985268116 ], [ -88.158140046716397, 14.613168299382505 ], [ -88.15817162391825, 14.613154047760123 ], [ -88.158340040680471, 14.613078036853961 ], [ -88.158463062446245, 14.613025446257529 ], [ -88.158587256400878, 14.612975109753 ], [ -88.158815616259503, 14.612880252180021 ], [ -88.158958949280546, 14.612820713698717 ], [ -88.159154324595036, 14.612734993320961 ], [ -88.159339223582691, 14.612648246804124 ], [ -88.159361244460214, 14.61263791557243 ], [ -88.159549047062214, 14.612546582764251 ], [ -88.159587940549414, 14.612526357816787 ], [ -88.159733344883733, 14.612450746809579 ], [ -88.159829960567919, 14.612397156750346 ], [ -88.159870160341995, 14.612373227009499 ], [ -88.159897619311408, 14.612353880593719 ], [ -88.159924202042063, 14.6123334085419 ], [ -88.159949618431483, 14.612311812297223 ], [ -88.159956753876813, 14.612304708148873 ], [ -88.159973572817336, 14.612287963288313 ], [ -88.159988717443909, 14.612272120964045 ], [ -88.159996366055054, 14.612264120155045 ], [ -88.160004117834632, 14.612254763619362 ], [ -88.160017987620478, 14.612238022886185 ], [ -88.160034594647101, 14.612217130929212 ], [ -88.160045943549946, 14.612202854034956 ], [ -88.160058236050446, 14.612186201013701 ], [ -88.160072733419426, 14.612166561312916 ], [ -88.160098943401081, 14.612130271313262 ], [ -88.160124572243689, 14.612093984202142 ], [ -88.160149615871106, 14.612056569108011 ], [ -88.160150756532175, 14.612054824657578 ], [ -88.160174078639599, 14.612019158085232 ], [ -88.160197671363079, 14.611981751013534 ], [ -88.160220677947009, 14.611943216864699 ], [ -88.160242814218108, 14.611904687043678 ], [ -88.160244224500104, 14.611902166460871 ], [ -88.160264370634337, 14.611866160217923 ], [ -88.160282502645458, 14.611831871896445 ], [ -88.160285340200005, 14.611826506094607 ], [ -88.160319216466561, 14.611758538092674 ], [ -88.160336717009102, 14.611721161318901 ], [ -88.160353347241852, 14.611683788874121 ], [ -88.160356538002745, 14.611676268005429 ], [ -88.160369681893371, 14.611645287690383 ], [ -88.160385145726423, 14.611606791156987 ], [ -88.160400029353582, 14.611568297509764 ], [ -88.160410003140882, 14.611540902366606 ], [ -88.160414042379841, 14.611529808107617 ], [ -88.160418192916566, 14.611517916662471 ], [ -88.160427475790812, 14.611491321761132 ], [ -88.160440032672142, 14.611451709701491 ], [ -88.160452009348958, 14.611412100528382 ], [ -88.160462911799669, 14.61137421024136 ], [ -88.1604634057135, 14.611372493739006 ], [ -88.160473931923917, 14.611332891676833 ], [ -88.160483871999958, 14.611292162539662 ], [ -88.160492947699723, 14.611252567694148 ], [ -88.160493548902707, 14.611249581978891 ], [ -88.160501147576426, 14.611211847244864 ], [ -88.160512999706555, 14.611148508942025 ], [ -88.160518762572181, 14.611114219563651 ], [ -88.160520032475574, 14.611106664078369 ], [ -88.160521287234857, 14.611097474124138 ], [ -88.160525899563766, 14.611063695653772 ], [ -88.160531476220712, 14.611020727456935 ], [ -88.160535898412007, 14.61097889589669 ], [ -88.160539734473147, 14.610935937265015 ], [ -88.160542990334292, 14.610892981520381 ], [ -88.160545085796784, 14.610850031549923 ], [ -88.160546601060219, 14.610807084466488 ], [ -88.160547536124895, 14.610764140270064 ], [ -88.160547310787763, 14.610721200943786 ], [ -88.160546505257528, 14.610678265408424 ], [ -88.1605451195298, 14.610635332759992 ], [ -88.160544633838128, 14.610626092773837 ], [ -88.160542863421441, 14.610592404527802 ], [ -88.160539737107086, 14.610549480420863 ], [ -88.160522507265, 14.610361987621832 ], [ -88.160504241575467, 14.610198229784967 ], [ -88.160483074929843, 14.610034486375707 ], [ -88.160459013263193, 14.609871887354528 ], [ -88.160433276260804, 14.60972172656464 ], [ -88.160421710516374, 14.609663568405761 ], [ -88.160416888158963, 14.609639318602859 ], [ -88.160399049498068, 14.60955691821826 ], [ -88.160379476194805, 14.60947565644882 ], [ -88.160358742512912, 14.609394399544955 ], [ -88.160313207919103, 14.609230777779674 ], [ -88.160276589710364, 14.609107790317585 ], [ -88.160237656702691, 14.608985945252304 ], [ -88.160196408894308, 14.608865241678494 ], [ -88.160136564519377, 14.608683610314545 ], [ -88.160108809441624, 14.608591089314526 ], [ -88.160082794968673, 14.608498559652164 ], [ -88.160077455422595, 14.608478204110476 ], [ -88.16005822487439, 14.608404892137942 ], [ -88.160004218363412, 14.608174642433868 ], [ -88.159992678913881, 14.608118754825822 ], [ -88.159979512521446, 14.608054986039344 ], [ -88.159965353751971, 14.607979297631358 ], [ -88.15995712689795, 14.607935318388447 ], [ -88.159936772270981, 14.607815640490786 ], [ -88.159833276350682, 14.607109910290358 ], [ -88.159774515729026, 14.606636735880889 ], [ -88.15976704672488, 14.606560539151513 ], [ -88.159745399171229, 14.606339692925337 ], [ -88.159733534434892, 14.606179292610083 ], [ -88.159727832876698, 14.606073180626549 ], [ -88.159724854538155, 14.606017747244019 ], [ -88.159722550811381, 14.605953723911599 ], [ -88.159719082099613, 14.605857316766398 ], [ -88.159715914301771, 14.605695744123572 ], [ -88.159716115901887, 14.60566347095013 ], [ -88.159716387530793, 14.605620032199754 ], [ -88.159717163323748, 14.60558761080827 ], [ -88.159717577542551, 14.605570306199951 ], [ -88.159718244644168, 14.605555830012168 ], [ -88.159719921690751, 14.605519445355934 ], [ -88.159722198117052, 14.605480810465808 ], [ -88.159722852215452, 14.605469710979945 ], [ -88.15972366984488, 14.605459768239056 ], [ -88.159726942893229, 14.605419971170614 ], [ -88.159731903959425, 14.605370226868015 ], [ -88.159737108445952, 14.605325826117046 ], [ -88.15973773532366, 14.605320478479094 ], [ -88.159744153205892, 14.605271857058696 ], [ -88.159750316401897, 14.605231353467975 ], [ -88.159751724653887, 14.605222099408611 ], [ -88.159760166828775, 14.605172337801902 ], [ -88.159773735902718, 14.605104470840224 ], [ -88.159777091859894, 14.605089346753365 ], [ -88.159782521743921, 14.605064877477471 ], [ -88.159787989743293, 14.605041758840484 ], [ -88.159791887222397, 14.605025281181687 ], [ -88.159802129172107, 14.604986810546524 ], [ -88.159812945380793, 14.604947207064601 ], [ -88.159818389622757, 14.604929290933498 ], [ -88.159824637893266, 14.604908729660705 ], [ -88.159834379353526, 14.604877446207967 ], [ -88.159836620282462, 14.604870249930416 ], [ -88.159849763143967, 14.604831764873531 ], [ -88.159852313627923, 14.604824675199179 ], [ -88.15986320243961, 14.604794408175529 ], [ -88.159877511534489, 14.604757047410345 ], [ -88.159888514651428, 14.604729131628931 ], [ -88.159892684659027, 14.60471855231963 ], [ -88.159936239631918, 14.604615506537693 ], [ -88.159968356753069, 14.604544157384362 ], [ -88.159990907740578, 14.604496576836983 ], [ -88.160001640544053, 14.604473932194974 ], [ -88.160036084168311, 14.604403701642456 ], [ -88.160054888330137, 14.604367502991277 ], [ -88.160071983993205, 14.604334593697541 ], [ -88.160091713775174, 14.60429779977752 ], [ -88.160109044477721, 14.604265480250859 ], [ -88.160147271529425, 14.604197489946825 ], [ -88.160157360109238, 14.604180073444285 ], [ -88.160186658225996, 14.604129495014456 ], [ -88.160397801731563, 14.603788317546016 ], [ -88.160524422464633, 14.603593329244463 ], [ -88.160654535922532, 14.603400583497184 ], [ -88.160669388164138, 14.603379720795298 ], [ -88.160798236084403, 14.603198730489295 ], [ -88.160887251709724, 14.603079637930081 ], [ -88.160972066887709, 14.602970806066597 ], [ -88.160978309273787, 14.602962796055611 ], [ -88.161071693668163, 14.602847072280969 ], [ -88.161293095007139, 14.602581552543427 ], [ -88.161463233603243, 14.602387477240125 ], [ -88.161479751645913, 14.60236954149809 ], [ -88.161677553941558, 14.602154762387963 ], [ -88.161714901893561, 14.602115966253873 ], [ -88.161791231861429, 14.602036677162037 ], [ -88.161937559252493, 14.601893569717118 ], [ -88.161995559613061, 14.601838725557235 ], [ -88.162019250810346, 14.601816323663012 ], [ -88.162102694924243, 14.601741328900543 ], [ -88.162175664025881, 14.601677621110094 ], [ -88.162187304852353, 14.60166745781954 ], [ -88.162273087148748, 14.601595841153284 ], [ -88.162323058724681, 14.601554912584291 ], [ -88.162345914923051, 14.601537370658024 ], [ -88.16236899905077, 14.601519653959585 ], [ -88.16238942009268, 14.601504175018952 ], [ -88.162415518887599, 14.601484392602945 ], [ -88.162445666493568, 14.601462546893544 ], [ -88.162462625190699, 14.601450258306141 ], [ -88.162510311931044, 14.601416121108484 ], [ -88.162558874388964, 14.601383109527479 ], [ -88.162607732391024, 14.601351226453007 ], [ -88.162657177417017, 14.601320470432618 ], [ -88.162713862259707, 14.601287418354493 ], [ -88.162727463134132, 14.601279378796399 ], [ -88.162754350077648, 14.601263486372979 ], [ -88.162795429702427, 14.601241811865428 ], [ -88.162836799406207, 14.601220135905802 ], [ -88.162878459188875, 14.601198458493943 ], [ -88.163033184205105, 14.601122249357985 ], [ -88.163112540566416, 14.601083162867528 ], [ -88.163346916574156, 14.600968995806618 ], [ -88.163346916537535, 14.600968995716725 ], [ -88.163346916795632, 14.600968995590994 ], [ -88.165211177381849, 14.601265922653253 ], [ -88.16860230977484, 14.601746161863632 ], [ -88.16864587064056, 14.601754983640292 ], [ -88.173262086547325, 14.602453883275167 ], [ -88.178085934391547, 14.603515496665278 ], [ -88.181117076242714, 14.605946589743855 ], [ -88.183802878308228, 14.60856018833751 ], [ -88.187067059752124, 14.609523294588882 ], [ -88.187477797538719, 14.60946018496788 ], [ -88.187475254459457, 14.609471911802265 ] ] ] ] } }
]
}
