{
"type": "FeatureCollection",
"name": "imp_DESA_SRRO",
"crs": { "type": "name", "properties": { "name": "urn:ogc:def:crs:OGC:1.3:CRS84" } },
"features": [
{ "type": "Feature", "properties": { "Latitud Origen": 13.47107, "Longitud Origen": -87.55991, "Usuario Origen": "Sergio Ramón Rodríguez Orellana/Ecologia y Servicios S.A de C.V" }, "geometry": { "type": "Point", "coordinates": [ -87.55991, 13.47107 ] } },
{ "type": "Feature", "properties": { "Latitud Origen": 13.53086111, "Longitud Origen": -87.4885556, "Usuario Origen": "Sergio Ramón Rodríguez Orellana/Ecologia y Servicios S.A de C.V" }, "geometry": { "type": "Point", "coordinates": [ -87.4885556, 13.53086111 ] } },
{ "type": "Feature", "properties": { "Latitud Origen": 13.532, "Longitud Origen": -87.4341389, "Usuario Origen": "Sergio Ramón Rodríguez Orellana/Ecologia y Servicios S.A de C.V" }, "geometry": { "type": "Point", "coordinates": [ -87.4341389, 13.532 ] } },
{ "type": "Feature", "properties": { "Latitud Origen": 13.53466663, "Longitud Origen": -87.3824129, "Usuario Origen": "Sergio Ramón Rodríguez Orellana/Ecologia y Servicios S.A de C.V" }, "geometry": { "type": "Point", "coordinates": [ -87.3824129, 13.53466663 ] } },
{ "type": "Feature", "properties": { "Latitud Origen": 13.58646776, "Longitud Origen": -87.3594422, "Usuario Origen": "Sergio Ramón Rodríguez Orellana/Ecologia y Servicios S.A de C.V" }, "geometry": { "type": "Point", "coordinates": [ -87.3594422, 13.58646776 ] } },
{ "type": "Feature", "properties": { "Latitud Origen": 13.67740636, "Longitud Origen": -87.3243659, "Usuario Origen": "Sergio Ramón Rodríguez Orellana/Ecologia y Servicios S.A de C.V" }, "geometry": { "type": "Point", "coordinates": [ -87.3243659, 13.67740636 ] } },
{ "type": "Feature", "properties": { "Latitud Origen": 13.77216815, "Longitud Origen": -87.3096299, "Usuario Origen": "Sergio Ramón Rodríguez Orellana/Ecologia y Servicios S.A de C.V" }, "geometry": { "type": "Point", "coordinates": [ -87.3096299, 13.77216815 ] } },
{ "type": "Feature", "properties": { "Latitud Origen": 13.80585897, "Longitud Origen": -87.2712221, "Usuario Origen": "Sergio Ramón Rodríguez Orellana/Ecologia y Servicios S.A de C.V" }, "geometry": { "type": "Point", "coordinates": [ -87.2712221, 13.80585897 ] } },
{ "type": "Feature", "properties": { "Latitud Origen": 13.93458014, "Longitud Origen": -87.2765287, "Usuario Origen": "Sergio Ramón Rodríguez Orellana/Ecologia y Servicios S.A de C.V" }, "geometry": { "type": "Point", "coordinates": [ -87.2765287, 13.93458014 ] } },
{ "type": "Feature", "properties": { "Latitud Origen": 13.94736103, "Longitud Origen": -87.2472797, "Usuario Origen": "Sergio Ramón Rodríguez Orellana/Ecologia y Servicios S.A de C.V" }, "geometry": { "type": "Point", "coordinates": [ -87.2472797, 13.94736103 ] } },
{ "type": "Feature", "properties": { "Latitud Origen": 13.94736462, "Longitud Origen": -87.2472791, "Usuario Origen": "Sergio Ramón Rodríguez Orellana/Ecologia y Servicios S.A de C.V" }, "geometry": { "type": "Point", "coordinates": [ -87.2472791, 13.94736462 ] } },
{ "type": "Feature", "properties": { "Latitud Origen": 13.95727778, "Longitud Origen": -87.2080278, "Usuario Origen": "Sergio Ramón Rodríguez Orellana/Ecologia y Servicios S.A de C.V" }, "geometry": { "type": "Point", "coordinates": [ -87.2080278, 13.95727778 ] } },
{ "type": "Feature", "properties": { "Latitud Origen": 13.97827495, "Longitud Origen": -87.2029146, "Usuario Origen": "Sergio Ramón Rodríguez Orellana/Ecologia y Servicios S.A de C.V" }, "geometry": { "type": "Point", "coordinates": [ -87.2029146, 13.97827495 ] } },
{ "type": "Feature", "properties": { "Latitud Origen": 14.00141667, "Longitud Origen": -87.2398889, "Usuario Origen": "Sergio Ramón Rodríguez Orellana/Ecologia y Servicios S.A de C.V" }, "geometry": { "type": "Point", "coordinates": [ -87.2398889, 14.00141667 ] } },
{ "type": "Feature", "properties": { "Latitud Origen": 14.00494863, "Longitud Origen": -87.203012, "Usuario Origen": "Sergio Ramón Rodríguez Orellana/Ecologia y Servicios S.A de C.V" }, "geometry": { "type": "Point", "coordinates": [ -87.203012, 14.00494863 ] } },
{ "type": "Feature", "properties": { "Latitud Origen": 14.00755, "Longitud Origen": -87.2002, "Usuario Origen": "Sergio Ramón Rodríguez Orellana/Ecologia y Servicios S.A de C.V" }, "geometry": { "type": "Point", "coordinates": [ -87.2002, 14.00755 ] } },
{ "type": "Feature", "properties": { "Latitud Origen": 14.02283495, "Longitud Origen": -87.2119645, "Usuario Origen": "Sergio Ramón Rodríguez Orellana/Ecologia y Servicios S.A de C.V" }, "geometry": { "type": "Point", "coordinates": [ -87.2119645, 14.02283495 ] } },
{ "type": "Feature", "properties": { "Latitud Origen": 14.02772618, "Longitud Origen": -87.1006132, "Usuario Origen": "Sergio Ramón Rodríguez Orellana/Ecologia y Servicios S.A de C.V" }, "geometry": { "type": "Point", "coordinates": [ -87.1006132, 14.02772618 ] } },
{ "type": "Feature", "properties": { "Latitud Origen": 14.03805556, "Longitud Origen": -87.2346667, "Usuario Origen": "Sergio Ramón Rodríguez Orellana/Ecologia y Servicios S.A de C.V" }, "geometry": { "type": "Point", "coordinates": [ -87.2346667, 14.03805556 ] } },
{ "type": "Feature", "properties": { "Latitud Origen": 14.040818, "Longitud Origen": -87.232405, "Usuario Origen": "Sergio Ramón Rodríguez Orellana/Ecologia y Servicios S.A de C.V" }, "geometry": { "type": "Point", "coordinates": [ -87.232405, 14.040818 ] } },
{ "type": "Feature", "properties": { "Latitud Origen": 14.04128, "Longitud Origen": -87.177994, "Usuario Origen": "Sergio Ramón Rodríguez Orellana/Ecologia y Servicios S.A de C.V" }, "geometry": { "type": "Point", "coordinates": [ -87.177994, 14.04128 ] } },
{ "type": "Feature", "properties": { "Latitud Origen": 14.04177307, "Longitud Origen": -87.2172611, "Usuario Origen": "Sergio Ramón Rodríguez Orellana/Ecologia y Servicios S.A de C.V" }, "geometry": { "type": "Point", "coordinates": [ -87.2172611, 14.04177307 ] } },
{ "type": "Feature", "properties": { "Latitud Origen": 14.042431, "Longitud Origen": -87.23573, "Usuario Origen": "Sergio Ramón Rodríguez Orellana/Ecologia y Servicios S.A de C.V" }, "geometry": { "type": "Point", "coordinates": [ -87.23573, 14.042431 ] } },
{ "type": "Feature", "properties": { "Latitud Origen": 14.04255539, "Longitud Origen": -87.2119456, "Usuario Origen": "Sergio Ramón Rodríguez Orellana/Ecologia y Servicios S.A de C.V" }, "geometry": { "type": "Point", "coordinates": [ -87.2119456, 14.04255539 ] } },
{ "type": "Feature", "properties": { "Latitud Origen": 14.04314637, "Longitud Origen": -87.186004, "Usuario Origen": "Sergio Ramón Rodríguez Orellana/Ecologia y Servicios S.A de C.V" }, "geometry": { "type": "Point", "coordinates": [ -87.186004, 14.04314637 ] } },
{ "type": "Feature", "properties": { "Latitud Origen": 14.04388333, "Longitud Origen": -87.2214667, "Usuario Origen": "Sergio Ramón Rodríguez Orellana/Ecologia y Servicios S.A de C.V" }, "geometry": { "type": "Point", "coordinates": [ -87.2214667, 14.04388333 ] } },
{ "type": "Feature", "properties": { "Latitud Origen": 14.04750445, "Longitud Origen": -87.1740319, "Usuario Origen": "Sergio Ramón Rodríguez Orellana/Ecologia y Servicios S.A de C.V" }, "geometry": { "type": "Point", "coordinates": [ -87.1740319, 14.04750445 ] } },
{ "type": "Feature", "properties": { "Latitud Origen": 14.04798068, "Longitud Origen": -87.2117839, "Usuario Origen": "Sergio Ramón Rodríguez Orellana/Ecologia y Servicios S.A de C.V" }, "geometry": { "type": "Point", "coordinates": [ -87.2117839, 14.04798068 ] } },
{ "type": "Feature", "properties": { "Latitud Origen": 14.04860414, "Longitud Origen": -87.2586961, "Usuario Origen": "Sergio Ramón Rodríguez Orellana/Ecologia y Servicios S.A de C.V" }, "geometry": { "type": "Point", "coordinates": [ -87.2586961, 14.04860414 ] } },
{ "type": "Feature", "properties": { "Latitud Origen": 14.0491, "Longitud Origen": -87.19848, "Usuario Origen": "Sergio Ramón Rodríguez Orellana/Ecologia y Servicios S.A de C.V" }, "geometry": { "type": "Point", "coordinates": [ -87.19848, 14.0491 ] } },
{ "type": "Feature", "properties": { "Latitud Origen": 14.04922222, "Longitud Origen": -87.2179806, "Usuario Origen": "Sergio Ramón Rodríguez Orellana/Ecologia y Servicios S.A de C.V" }, "geometry": { "type": "Point", "coordinates": [ -87.2179806, 14.04922222 ] } },
{ "type": "Feature", "properties": { "Latitud Origen": 14.05044722, "Longitud Origen": -87.1910556, "Usuario Origen": "Sergio Ramón Rodríguez Orellana/Ecologia y Servicios S.A de C.V" }, "geometry": { "type": "Point", "coordinates": [ -87.1910556, 14.05044722 ] } },
{ "type": "Feature", "properties": { "Latitud Origen": 14.0504483, "Longitud Origen": -87.1910577, "Usuario Origen": "Sergio Ramón Rodríguez Orellana/Ecologia y Servicios S.A de C.V" }, "geometry": { "type": "Point", "coordinates": [ -87.1910577, 14.0504483 ] } },
{ "type": "Feature", "properties": { "Latitud Origen": 14.05076, "Longitud Origen": -87.182239, "Usuario Origen": "Sergio Ramón Rodríguez Orellana/Ecologia y Servicios S.A de C.V" }, "geometry": { "type": "Point", "coordinates": [ -87.182239, 14.05076 ] } },
{ "type": "Feature", "properties": { "Latitud Origen": 14.05147801, "Longitud Origen": -87.2334696, "Usuario Origen": "Sergio Ramón Rodríguez Orellana/Ecologia y Servicios S.A de C.V" }, "geometry": { "type": "Point", "coordinates": [ -87.2334696, 14.05147801 ] } },
{ "type": "Feature", "properties": { "Latitud Origen": 14.05153562, "Longitud Origen": -87.1994223, "Usuario Origen": "Sergio Ramón Rodríguez Orellana/Ecologia y Servicios S.A de C.V" }, "geometry": { "type": "Point", "coordinates": [ -87.1994223, 14.05153562 ] } },
{ "type": "Feature", "properties": { "Latitud Origen": 14.05258334, "Longitud Origen": -87.1775833, "Usuario Origen": "Sergio Ramón Rodríguez Orellana/Ecologia y Servicios S.A de C.V" }, "geometry": { "type": "Point", "coordinates": [ -87.1775833, 14.05258334 ] } },
{ "type": "Feature", "properties": { "Latitud Origen": 14.053321, "Longitud Origen": -87.222129, "Usuario Origen": "Sergio Ramón Rodríguez Orellana/Ecologia y Servicios S.A de C.V" }, "geometry": { "type": "Point", "coordinates": [ -87.222129, 14.053321 ] } },
{ "type": "Feature", "properties": { "Latitud Origen": 14.05463889, "Longitud Origen": -87.2018583, "Usuario Origen": "Sergio Ramón Rodríguez Orellana/Ecologia y Servicios S.A de C.V" }, "geometry": { "type": "Point", "coordinates": [ -87.2018583, 14.05463889 ] } },
{ "type": "Feature", "properties": { "Latitud Origen": 14.05541681, "Longitud Origen": -87.1852822, "Usuario Origen": "Sergio Ramón Rodríguez Orellana/Ecologia y Servicios S.A de C.V" }, "geometry": { "type": "Point", "coordinates": [ -87.1852822, 14.05541681 ] } },
{ "type": "Feature", "properties": { "Latitud Origen": 14.05621667, "Longitud Origen": -87.1959167, "Usuario Origen": "Sergio Ramón Rodríguez Orellana/Ecologia y Servicios S.A de C.V" }, "geometry": { "type": "Point", "coordinates": [ -87.1959167, 14.05621667 ] } },
{ "type": "Feature", "properties": { "Latitud Origen": 14.05622222, "Longitud Origen": -87.1959167, "Usuario Origen": "Sergio Ramón Rodríguez Orellana/Ecologia y Servicios S.A de C.V" }, "geometry": { "type": "Point", "coordinates": [ -87.1959167, 14.05622222 ] } },
{ "type": "Feature", "properties": { "Latitud Origen": 14.05663819, "Longitud Origen": -87.1720845, "Usuario Origen": "Sergio Ramón Rodríguez Orellana/Ecologia y Servicios S.A de C.V" }, "geometry": { "type": "Point", "coordinates": [ -87.1720845, 14.05663819 ] } },
{ "type": "Feature", "properties": { "Latitud Origen": 14.057118, "Longitud Origen": -87.22769, "Usuario Origen": "Sergio Ramón Rodríguez Orellana/Ecologia y Servicios S.A de C.V" }, "geometry": { "type": "Point", "coordinates": [ -87.22769, 14.057118 ] } },
{ "type": "Feature", "properties": { "Latitud Origen": 14.05718999, "Longitud Origen": -87.2240379, "Usuario Origen": "Sergio Ramón Rodríguez Orellana/Ecologia y Servicios S.A de C.V" }, "geometry": { "type": "Point", "coordinates": [ -87.2240379, 14.05718999 ] } },
{ "type": "Feature", "properties": { "Latitud Origen": 14.0572093, "Longitud Origen": -87.1824031, "Usuario Origen": "Sergio Ramón Rodríguez Orellana/Ecologia y Servicios S.A de C.V" }, "geometry": { "type": "Point", "coordinates": [ -87.1824031, 14.0572093 ] } },
{ "type": "Feature", "properties": { "Latitud Origen": 14.05807829, "Longitud Origen": -87.1928054, "Usuario Origen": "Sergio Ramón Rodríguez Orellana/Ecologia y Servicios S.A de C.V" }, "geometry": { "type": "Point", "coordinates": [ -87.1928054, 14.05807829 ] } },
{ "type": "Feature", "properties": { "Latitud Origen": 14.05892, "Longitud Origen": -87.17635, "Usuario Origen": "Sergio Ramón Rodríguez Orellana/Ecologia y Servicios S.A de C.V" }, "geometry": { "type": "Point", "coordinates": [ -87.17635, 14.05892 ] } },
{ "type": "Feature", "properties": { "Latitud Origen": 14.05945052, "Longitud Origen": -87.2450556, "Usuario Origen": "Sergio Ramón Rodríguez Orellana/Ecologia y Servicios S.A de C.V" }, "geometry": { "type": "Point", "coordinates": [ -87.2450556, 14.05945052 ] } },
{ "type": "Feature", "properties": { "Latitud Origen": 14.05980556, "Longitud Origen": -87.2399167, "Usuario Origen": "Sergio Ramón Rodríguez Orellana/Ecologia y Servicios S.A de C.V" }, "geometry": { "type": "Point", "coordinates": [ -87.2399167, 14.05980556 ] } },
{ "type": "Feature", "properties": { "Latitud Origen": 14.05980831, "Longitud Origen": -87.2399154, "Usuario Origen": "Sergio Ramón Rodríguez Orellana/Ecologia y Servicios S.A de C.V" }, "geometry": { "type": "Point", "coordinates": [ -87.2399154, 14.05980831 ] } },
{ "type": "Feature", "properties": { "Latitud Origen": 14.06006277, "Longitud Origen": -87.2195476, "Usuario Origen": "Sergio Ramón Rodríguez Orellana/Ecologia y Servicios S.A de C.V" }, "geometry": { "type": "Point", "coordinates": [ -87.2195476, 14.06006277 ] } },
{ "type": "Feature", "properties": { "Latitud Origen": 14.06019444, "Longitud Origen": -87.1870278, "Usuario Origen": "Sergio Ramón Rodríguez Orellana/Ecologia y Servicios S.A de C.V" }, "geometry": { "type": "Point", "coordinates": [ -87.1870278, 14.06019444 ] } },
{ "type": "Feature", "properties": { "Latitud Origen": 14.06025278, "Longitud Origen": -87.1604139, "Usuario Origen": "Sergio Ramón Rodríguez Orellana/Ecologia y Servicios S.A de C.V" }, "geometry": { "type": "Point", "coordinates": [ -87.1604139, 14.06025278 ] } },
{ "type": "Feature", "properties": { "Latitud Origen": 14.06025394, "Longitud Origen": -87.1604165, "Usuario Origen": "Sergio Ramón Rodríguez Orellana/Ecologia y Servicios S.A de C.V" }, "geometry": { "type": "Point", "coordinates": [ -87.1604165, 14.06025394 ] } },
{ "type": "Feature", "properties": { "Latitud Origen": 14.0603, "Longitud Origen": -87.1831111, "Usuario Origen": "Sergio Ramón Rodríguez Orellana/Ecologia y Servicios S.A de C.V" }, "geometry": { "type": "Point", "coordinates": [ -87.1831111, 14.0603 ] } },
{ "type": "Feature", "properties": { "Latitud Origen": 14.060301, "Longitud Origen": -87.183109, "Usuario Origen": "Sergio Ramón Rodríguez Orellana/Ecologia y Servicios S.A de C.V" }, "geometry": { "type": "Point", "coordinates": [ -87.183109, 14.060301 ] } },
{ "type": "Feature", "properties": { "Latitud Origen": 14.06102272, "Longitud Origen": -87.2076093, "Usuario Origen": "Sergio Ramón Rodríguez Orellana/Ecologia y Servicios S.A de C.V" }, "geometry": { "type": "Point", "coordinates": [ -87.2076093, 14.06102272 ] } },
{ "type": "Feature", "properties": { "Latitud Origen": 14.06211111, "Longitud Origen": -87.2233333, "Usuario Origen": "Sergio Ramón Rodríguez Orellana/Ecologia y Servicios S.A de C.V" }, "geometry": { "type": "Point", "coordinates": [ -87.2233333, 14.06211111 ] } },
{ "type": "Feature", "properties": { "Latitud Origen": 14.062315, "Longitud Origen": -87.220803, "Usuario Origen": "Sergio Ramón Rodríguez Orellana/Ecologia y Servicios S.A de C.V" }, "geometry": { "type": "Point", "coordinates": [ -87.220803, 14.062315 ] } },
{ "type": "Feature", "properties": { "Latitud Origen": 14.0628045, "Longitud Origen": -87.1846954, "Usuario Origen": "Sergio Ramón Rodríguez Orellana/Ecologia y Servicios S.A de C.V" }, "geometry": { "type": "Point", "coordinates": [ -87.1846954, 14.0628045 ] } },
{ "type": "Feature", "properties": { "Latitud Origen": 14.06322222, "Longitud Origen": -87.2001111, "Usuario Origen": "Sergio Ramón Rodríguez Orellana/Ecologia y Servicios S.A de C.V" }, "geometry": { "type": "Point", "coordinates": [ -87.2001111, 14.06322222 ] } },
{ "type": "Feature", "properties": { "Latitud Origen": 14.06327778, "Longitud Origen": -87.1895861, "Usuario Origen": "Sergio Ramón Rodríguez Orellana/Ecologia y Servicios S.A de C.V" }, "geometry": { "type": "Point", "coordinates": [ -87.1895861, 14.06327778 ] } },
{ "type": "Feature", "properties": { "Latitud Origen": 14.06411111, "Longitud Origen": -87.1818889, "Usuario Origen": "Sergio Ramón Rodríguez Orellana/Ecologia y Servicios S.A de C.V" }, "geometry": { "type": "Point", "coordinates": [ -87.1818889, 14.06411111 ] } },
{ "type": "Feature", "properties": { "Latitud Origen": 14.06419722, "Longitud Origen": -87.1941, "Usuario Origen": "Sergio Ramón Rodríguez Orellana/Ecologia y Servicios S.A de C.V" }, "geometry": { "type": "Point", "coordinates": [ -87.1941, 14.06419722 ] } },
{ "type": "Feature", "properties": { "Latitud Origen": 14.06433086, "Longitud Origen": -87.1748597, "Usuario Origen": "Sergio Ramón Rodríguez Orellana/Ecologia y Servicios S.A de C.V" }, "geometry": { "type": "Point", "coordinates": [ -87.1748597, 14.06433086 ] } },
{ "type": "Feature", "properties": { "Latitud Origen": 14.06453611, "Longitud Origen": -87.1633444, "Usuario Origen": "Sergio Ramón Rodríguez Orellana/Ecologia y Servicios S.A de C.V" }, "geometry": { "type": "Point", "coordinates": [ -87.1633444, 14.06453611 ] } },
{ "type": "Feature", "properties": { "Latitud Origen": 14.06453889, "Longitud Origen": -87.1633472, "Usuario Origen": "Sergio Ramón Rodríguez Orellana/Ecologia y Servicios S.A de C.V" }, "geometry": { "type": "Point", "coordinates": [ -87.1633472, 14.06453889 ] } },
{ "type": "Feature", "properties": { "Latitud Origen": 14.06461667, "Longitud Origen": -87.2086667, "Usuario Origen": "Sergio Ramón Rodríguez Orellana/Ecologia y Servicios S.A de C.V" }, "geometry": { "type": "Point", "coordinates": [ -87.2086667, 14.06461667 ] } },
{ "type": "Feature", "properties": { "Latitud Origen": 14.06477387, "Longitud Origen": -87.2289907, "Usuario Origen": "Sergio Ramón Rodríguez Orellana/Ecologia y Servicios S.A de C.V" }, "geometry": { "type": "Point", "coordinates": [ -87.2289907, 14.06477387 ] } },
{ "type": "Feature", "properties": { "Latitud Origen": 14.06602782, "Longitud Origen": -87.1906631, "Usuario Origen": "Sergio Ramón Rodríguez Orellana/Ecologia y Servicios S.A de C.V" }, "geometry": { "type": "Point", "coordinates": [ -87.1906631, 14.06602782 ] } },
{ "type": "Feature", "properties": { "Latitud Origen": 14.06626389, "Longitud Origen": -87.2193306, "Usuario Origen": "Sergio Ramón Rodríguez Orellana/Ecologia y Servicios S.A de C.V" }, "geometry": { "type": "Point", "coordinates": [ -87.2193306, 14.06626389 ] } },
{ "type": "Feature", "properties": { "Latitud Origen": 14.06640556, "Longitud Origen": -87.1715417, "Usuario Origen": "Sergio Ramón Rodríguez Orellana/Ecologia y Servicios S.A de C.V" }, "geometry": { "type": "Point", "coordinates": [ -87.1715417, 14.06640556 ] } },
{ "type": "Feature", "properties": { "Latitud Origen": 14.06691667, "Longitud Origen": -87.1873611, "Usuario Origen": "Sergio Ramón Rodríguez Orellana/Ecologia y Servicios S.A de C.V" }, "geometry": { "type": "Point", "coordinates": [ -87.1873611, 14.06691667 ] } },
{ "type": "Feature", "properties": { "Latitud Origen": 14.06694167, "Longitud Origen": -87.1668889, "Usuario Origen": "Sergio Ramón Rodríguez Orellana/Ecologia y Servicios S.A de C.V" }, "geometry": { "type": "Point", "coordinates": [ -87.1668889, 14.06694167 ] } },
{ "type": "Feature", "properties": { "Latitud Origen": 14.06780557, "Longitud Origen": -87.2003056, "Usuario Origen": "Sergio Ramón Rodríguez Orellana/Ecologia y Servicios S.A de C.V" }, "geometry": { "type": "Point", "coordinates": [ -87.2003056, 14.06780557 ] } },
{ "type": "Feature", "properties": { "Latitud Origen": 14.06838698, "Longitud Origen": -87.2132199, "Usuario Origen": "Sergio Ramón Rodríguez Orellana/Ecologia y Servicios S.A de C.V" }, "geometry": { "type": "Point", "coordinates": [ -87.2132199, 14.06838698 ] } },
{ "type": "Feature", "properties": { "Latitud Origen": 14.06905556, "Longitud Origen": -87.1848056, "Usuario Origen": "Sergio Ramón Rodríguez Orellana/Ecologia y Servicios S.A de C.V" }, "geometry": { "type": "Point", "coordinates": [ -87.1848056, 14.06905556 ] } },
{ "type": "Feature", "properties": { "Latitud Origen": 14.06937308, "Longitud Origen": -87.17918, "Usuario Origen": "Sergio Ramón Rodríguez Orellana/Ecologia y Servicios S.A de C.V" }, "geometry": { "type": "Point", "coordinates": [ -87.17918, 14.06937308 ] } },
{ "type": "Feature", "properties": { "Latitud Origen": 14.07063, "Longitud Origen": -87.16614, "Usuario Origen": "Sergio Ramón Rodríguez Orellana/Ecologia y Servicios S.A de C.V" }, "geometry": { "type": "Point", "coordinates": [ -87.16614, 14.07063 ] } },
{ "type": "Feature", "properties": { "Latitud Origen": 14.07120981, "Longitud Origen": -87.1894262, "Usuario Origen": "Sergio Ramón Rodríguez Orellana/Ecologia y Servicios S.A de C.V" }, "geometry": { "type": "Point", "coordinates": [ -87.1894262, 14.07120981 ] } },
{ "type": "Feature", "properties": { "Latitud Origen": 14.07122222, "Longitud Origen": -87.2078889, "Usuario Origen": "Sergio Ramón Rodríguez Orellana/Ecologia y Servicios S.A de C.V" }, "geometry": { "type": "Point", "coordinates": [ -87.2078889, 14.07122222 ] } },
{ "type": "Feature", "properties": { "Latitud Origen": 14.07136111, "Longitud Origen": -87.2014167, "Usuario Origen": "Sergio Ramón Rodríguez Orellana/Ecologia y Servicios S.A de C.V" }, "geometry": { "type": "Point", "coordinates": [ -87.2014167, 14.07136111 ] } },
{ "type": "Feature", "properties": { "Latitud Origen": 14.071972, "Longitud Origen": -87.161725, "Usuario Origen": "Sergio Ramón Rodríguez Orellana/Ecologia y Servicios S.A de C.V" }, "geometry": { "type": "Point", "coordinates": [ -87.161725, 14.071972 ] } },
{ "type": "Feature", "properties": { "Latitud Origen": 14.07241978, "Longitud Origen": -87.1671684, "Usuario Origen": "Sergio Ramón Rodríguez Orellana/Ecologia y Servicios S.A de C.V" }, "geometry": { "type": "Point", "coordinates": [ -87.1671684, 14.07241978 ] } },
{ "type": "Feature", "properties": { "Latitud Origen": 14.07272828, "Longitud Origen": -87.2195235, "Usuario Origen": "Sergio Ramón Rodríguez Orellana/Ecologia y Servicios S.A de C.V" }, "geometry": { "type": "Point", "coordinates": [ -87.2195235, 14.07272828 ] } },
{ "type": "Feature", "properties": { "Latitud Origen": 14.07281, "Longitud Origen": -87.17689, "Usuario Origen": "Sergio Ramón Rodríguez Orellana/Ecologia y Servicios S.A de C.V" }, "geometry": { "type": "Point", "coordinates": [ -87.17689, 14.07281 ] } },
{ "type": "Feature", "properties": { "Latitud Origen": 14.07288889, "Longitud Origen": -87.1770278, "Usuario Origen": "Sergio Ramón Rodríguez Orellana/Ecologia y Servicios S.A de C.V" }, "geometry": { "type": "Point", "coordinates": [ -87.1770278, 14.07288889 ] } },
{ "type": "Feature", "properties": { "Latitud Origen": 14.07299871, "Longitud Origen": -87.1794144, "Usuario Origen": "Sergio Ramón Rodríguez Orellana/Ecologia y Servicios S.A de C.V" }, "geometry": { "type": "Point", "coordinates": [ -87.1794144, 14.07299871 ] } },
{ "type": "Feature", "properties": { "Latitud Origen": 14.073271, "Longitud Origen": -87.212122, "Usuario Origen": "Sergio Ramón Rodríguez Orellana/Ecologia y Servicios S.A de C.V" }, "geometry": { "type": "Point", "coordinates": [ -87.212122, 14.073271 ] } },
{ "type": "Feature", "properties": { "Latitud Origen": 14.07327778, "Longitud Origen": -87.1942472, "Usuario Origen": "Sergio Ramón Rodríguez Orellana/Ecologia y Servicios S.A de C.V" }, "geometry": { "type": "Point", "coordinates": [ -87.1942472, 14.07327778 ] } },
{ "type": "Feature", "properties": { "Latitud Origen": 14.07380556, "Longitud Origen": -87.1686667, "Usuario Origen": "Sergio Ramón Rodríguez Orellana/Ecologia y Servicios S.A de C.V" }, "geometry": { "type": "Point", "coordinates": [ -87.1686667, 14.07380556 ] } },
{ "type": "Feature", "properties": { "Latitud Origen": 14.07386111, "Longitud Origen": -87.1722778, "Usuario Origen": "Sergio Ramón Rodríguez Orellana/Ecologia y Servicios S.A de C.V" }, "geometry": { "type": "Point", "coordinates": [ -87.1722778, 14.07386111 ] } },
{ "type": "Feature", "properties": { "Latitud Origen": 14.07391667, "Longitud Origen": -87.2036389, "Usuario Origen": "Sergio Ramón Rodríguez Orellana/Ecologia y Servicios S.A de C.V" }, "geometry": { "type": "Point", "coordinates": [ -87.2036389, 14.07391667 ] } },
{ "type": "Feature", "properties": { "Latitud Origen": 14.07402778, "Longitud Origen": -87.1883611, "Usuario Origen": "Sergio Ramón Rodríguez Orellana/Ecologia y Servicios S.A de C.V" }, "geometry": { "type": "Point", "coordinates": [ -87.1883611, 14.07402778 ] } },
{ "type": "Feature", "properties": { "Latitud Origen": 14.07521143, "Longitud Origen": -87.1704588, "Usuario Origen": "Sergio Ramón Rodríguez Orellana/Ecologia y Servicios S.A de C.V" }, "geometry": { "type": "Point", "coordinates": [ -87.1704588, 14.07521143 ] } },
{ "type": "Feature", "properties": { "Latitud Origen": 14.07525, "Longitud Origen": -87.24575, "Usuario Origen": "Sergio Ramón Rodríguez Orellana/Ecologia y Servicios S.A de C.V" }, "geometry": { "type": "Point", "coordinates": [ -87.24575, 14.07525 ] } },
{ "type": "Feature", "properties": { "Latitud Origen": 14.07539058, "Longitud Origen": -87.1823904, "Usuario Origen": "Sergio Ramón Rodríguez Orellana/Ecologia y Servicios S.A de C.V" }, "geometry": { "type": "Point", "coordinates": [ -87.1823904, 14.07539058 ] } },
{ "type": "Feature", "properties": { "Latitud Origen": 14.07539259, "Longitud Origen": -87.1823897, "Usuario Origen": "Sergio Ramón Rodríguez Orellana/Ecologia y Servicios S.A de C.V" }, "geometry": { "type": "Point", "coordinates": [ -87.1823897, 14.07539259 ] } },
{ "type": "Feature", "properties": { "Latitud Origen": 14.07575219, "Longitud Origen": -87.1851041, "Usuario Origen": "Sergio Ramón Rodríguez Orellana/Ecologia y Servicios S.A de C.V" }, "geometry": { "type": "Point", "coordinates": [ -87.1851041, 14.07575219 ] } },
{ "type": "Feature", "properties": { "Latitud Origen": 14.07594801, "Longitud Origen": -87.1644198, "Usuario Origen": "Sergio Ramón Rodríguez Orellana/Ecologia y Servicios S.A de C.V" }, "geometry": { "type": "Point", "coordinates": [ -87.1644198, 14.07594801 ] } },
{ "type": "Feature", "properties": { "Latitud Origen": 14.07623056, "Longitud Origen": -87.2011889, "Usuario Origen": "Sergio Ramón Rodríguez Orellana/Ecologia y Servicios S.A de C.V" }, "geometry": { "type": "Point", "coordinates": [ -87.2011889, 14.07623056 ] } },
{ "type": "Feature", "properties": { "Latitud Origen": 14.07623333, "Longitud Origen": -87.2011889, "Usuario Origen": "Sergio Ramón Rodríguez Orellana/Ecologia y Servicios S.A de C.V" }, "geometry": { "type": "Point", "coordinates": [ -87.2011889, 14.07623333 ] } },
{ "type": "Feature", "properties": { "Latitud Origen": 14.076236, "Longitud Origen": -87.166561, "Usuario Origen": "Sergio Ramón Rodríguez Orellana/Ecologia y Servicios S.A de C.V" }, "geometry": { "type": "Point", "coordinates": [ -87.166561, 14.076236 ] } },
{ "type": "Feature", "properties": { "Latitud Origen": 14.07628, "Longitud Origen": -87.19333, "Usuario Origen": "Sergio Ramón Rodríguez Orellana/Ecologia y Servicios S.A de C.V" }, "geometry": { "type": "Point", "coordinates": [ -87.19333, 14.07628 ] } },
{ "type": "Feature", "properties": { "Latitud Origen": 14.07697212, "Longitud Origen": -87.1860592, "Usuario Origen": "Sergio Ramón Rodríguez Orellana/Ecologia y Servicios S.A de C.V" }, "geometry": { "type": "Point", "coordinates": [ -87.1860592, 14.07697212 ] } },
{ "type": "Feature", "properties": { "Latitud Origen": 14.0772246, "Longitud Origen": -87.1869486, "Usuario Origen": "Sergio Ramón Rodríguez Orellana/Ecologia y Servicios S.A de C.V" }, "geometry": { "type": "Point", "coordinates": [ -87.1869486, 14.0772246 ] } },
{ "type": "Feature", "properties": { "Latitud Origen": 14.07777808, "Longitud Origen": -87.1933969, "Usuario Origen": "Sergio Ramón Rodríguez Orellana/Ecologia y Servicios S.A de C.V" }, "geometry": { "type": "Point", "coordinates": [ -87.1933969, 14.07777808 ] } },
{ "type": "Feature", "properties": { "Latitud Origen": 14.07778012, "Longitud Origen": -87.1933962, "Usuario Origen": "Sergio Ramón Rodríguez Orellana/Ecologia y Servicios S.A de C.V" }, "geometry": { "type": "Point", "coordinates": [ -87.1933962, 14.07778012 ] } },
{ "type": "Feature", "properties": { "Latitud Origen": 14.07817005, "Longitud Origen": -87.2005577, "Usuario Origen": "Sergio Ramón Rodríguez Orellana/Ecologia y Servicios S.A de C.V" }, "geometry": { "type": "Point", "coordinates": [ -87.2005577, 14.07817005 ] } },
{ "type": "Feature", "properties": { "Latitud Origen": 14.07817212, "Longitud Origen": -87.200557, "Usuario Origen": "Sergio Ramón Rodríguez Orellana/Ecologia y Servicios S.A de C.V" }, "geometry": { "type": "Point", "coordinates": [ -87.200557, 14.07817212 ] } },
{ "type": "Feature", "properties": { "Latitud Origen": 14.07825278, "Longitud Origen": -87.2201389, "Usuario Origen": "Sergio Ramón Rodríguez Orellana/Ecologia y Servicios S.A de C.V" }, "geometry": { "type": "Point", "coordinates": [ -87.2201389, 14.07825278 ] } },
{ "type": "Feature", "properties": { "Latitud Origen": 14.07872478, "Longitud Origen": -87.2098854, "Usuario Origen": "Sergio Ramón Rodríguez Orellana/Ecologia y Servicios S.A de C.V" }, "geometry": { "type": "Point", "coordinates": [ -87.2098854, 14.07872478 ] } },
{ "type": "Feature", "properties": { "Latitud Origen": 14.07896944, "Longitud Origen": -87.2137472, "Usuario Origen": "Sergio Ramón Rodríguez Orellana/Ecologia y Servicios S.A de C.V" }, "geometry": { "type": "Point", "coordinates": [ -87.2137472, 14.07896944 ] } },
{ "type": "Feature", "properties": { "Latitud Origen": 14.07897456, "Longitud Origen": -87.2137484, "Usuario Origen": "Sergio Ramón Rodríguez Orellana/Ecologia y Servicios S.A de C.V" }, "geometry": { "type": "Point", "coordinates": [ -87.2137484, 14.07897456 ] } },
{ "type": "Feature", "properties": { "Latitud Origen": 14.07912495, "Longitud Origen": -87.2366841, "Usuario Origen": "Sergio Ramón Rodríguez Orellana/Ecologia y Servicios S.A de C.V" }, "geometry": { "type": "Point", "coordinates": [ -87.2366841, 14.07912495 ] } },
{ "type": "Feature", "properties": { "Latitud Origen": 14.07944167, "Longitud Origen": -87.1963583, "Usuario Origen": "Sergio Ramón Rodríguez Orellana/Ecologia y Servicios S.A de C.V" }, "geometry": { "type": "Point", "coordinates": [ -87.1963583, 14.07944167 ] } },
{ "type": "Feature", "properties": { "Latitud Origen": 14.07976111, "Longitud Origen": -87.1857083, "Usuario Origen": "Sergio Ramón Rodríguez Orellana/Ecologia y Servicios S.A de C.V" }, "geometry": { "type": "Point", "coordinates": [ -87.1857083, 14.07976111 ] } },
{ "type": "Feature", "properties": { "Latitud Origen": 14.080084, "Longitud Origen": -87.180053, "Usuario Origen": "Sergio Ramón Rodríguez Orellana/Ecologia y Servicios S.A de C.V" }, "geometry": { "type": "Point", "coordinates": [ -87.180053, 14.080084 ] } },
{ "type": "Feature", "properties": { "Latitud Origen": 14.08027, "Longitud Origen": -87.25341, "Usuario Origen": "Sergio Ramón Rodríguez Orellana/Ecologia y Servicios S.A de C.V" }, "geometry": { "type": "Point", "coordinates": [ -87.25341, 14.08027 ] } },
{ "type": "Feature", "properties": { "Latitud Origen": 14.08054167, "Longitud Origen": -87.1851444, "Usuario Origen": "Sergio Ramón Rodríguez Orellana/Ecologia y Servicios S.A de C.V" }, "geometry": { "type": "Point", "coordinates": [ -87.1851444, 14.08054167 ] } },
{ "type": "Feature", "properties": { "Latitud Origen": 14.08054437, "Longitud Origen": -87.185145, "Usuario Origen": "Sergio Ramón Rodríguez Orellana/Ecologia y Servicios S.A de C.V" }, "geometry": { "type": "Point", "coordinates": [ -87.185145, 14.08054437 ] } },
{ "type": "Feature", "properties": { "Latitud Origen": 14.08084444, "Longitud Origen": -87.2321556, "Usuario Origen": "Sergio Ramón Rodríguez Orellana/Ecologia y Servicios S.A de C.V" }, "geometry": { "type": "Point", "coordinates": [ -87.2321556, 14.08084444 ] } },
{ "type": "Feature", "properties": { "Latitud Origen": 14.08144167, "Longitud Origen": -87.1656083, "Usuario Origen": "Sergio Ramón Rodríguez Orellana/Ecologia y Servicios S.A de C.V" }, "geometry": { "type": "Point", "coordinates": [ -87.1656083, 14.08144167 ] } },
{ "type": "Feature", "properties": { "Latitud Origen": 14.08144444, "Longitud Origen": -87.1656111, "Usuario Origen": "Sergio Ramón Rodríguez Orellana/Ecologia y Servicios S.A de C.V" }, "geometry": { "type": "Point", "coordinates": [ -87.1656111, 14.08144444 ] } },
{ "type": "Feature", "properties": { "Latitud Origen": 14.08146091, "Longitud Origen": -87.1682773, "Usuario Origen": "Sergio Ramón Rodríguez Orellana/Ecologia y Servicios S.A de C.V" }, "geometry": { "type": "Point", "coordinates": [ -87.1682773, 14.08146091 ] } },
{ "type": "Feature", "properties": { "Latitud Origen": 14.08158056, "Longitud Origen": -87.2295278, "Usuario Origen": "Sergio Ramón Rodríguez Orellana/Ecologia y Servicios S.A de C.V" }, "geometry": { "type": "Point", "coordinates": [ -87.2295278, 14.08158056 ] } },
{ "type": "Feature", "properties": { "Latitud Origen": 14.08158221, "Longitud Origen": -87.2295262, "Usuario Origen": "Sergio Ramón Rodríguez Orellana/Ecologia y Servicios S.A de C.V" }, "geometry": { "type": "Point", "coordinates": [ -87.2295262, 14.08158221 ] } },
{ "type": "Feature", "properties": { "Latitud Origen": 14.08158527, "Longitud Origen": -87.207275, "Usuario Origen": "Sergio Ramón Rodríguez Orellana/Ecologia y Servicios S.A de C.V" }, "geometry": { "type": "Point", "coordinates": [ -87.207275, 14.08158527 ] } },
{ "type": "Feature", "properties": { "Latitud Origen": 14.08162, "Longitud Origen": -87.18306, "Usuario Origen": "Sergio Ramón Rodríguez Orellana/Ecologia y Servicios S.A de C.V" }, "geometry": { "type": "Point", "coordinates": [ -87.18306, 14.08162 ] } },
{ "type": "Feature", "properties": { "Latitud Origen": 14.082389, "Longitud Origen": -87.163611, "Usuario Origen": "Sergio Ramón Rodríguez Orellana/Ecologia y Servicios S.A de C.V" }, "geometry": { "type": "Point", "coordinates": [ -87.163611, 14.082389 ] } },
{ "type": "Feature", "properties": { "Latitud Origen": 14.082442, "Longitud Origen": -87.198004, "Usuario Origen": "Sergio Ramón Rodríguez Orellana/Ecologia y Servicios S.A de C.V" }, "geometry": { "type": "Point", "coordinates": [ -87.198004, 14.082442 ] } },
{ "type": "Feature", "properties": { "Latitud Origen": 14.08244444, "Longitud Origen": -87.198, "Usuario Origen": "Sergio Ramón Rodríguez Orellana/Ecologia y Servicios S.A de C.V" }, "geometry": { "type": "Point", "coordinates": [ -87.198, 14.08244444 ] } },
{ "type": "Feature", "properties": { "Latitud Origen": 14.08250278, "Longitud Origen": -87.219975, "Usuario Origen": "Sergio Ramón Rodríguez Orellana/Ecologia y Servicios S.A de C.V" }, "geometry": { "type": "Point", "coordinates": [ -87.219975, 14.08250278 ] } },
{ "type": "Feature", "properties": { "Latitud Origen": 14.08276944, "Longitud Origen": -87.1755917, "Usuario Origen": "Sergio Ramón Rodríguez Orellana/Ecologia y Servicios S.A de C.V" }, "geometry": { "type": "Point", "coordinates": [ -87.1755917, 14.08276944 ] } },
{ "type": "Feature", "properties": { "Latitud Origen": 14.08276944, "Longitud Origen": -87.1755944, "Usuario Origen": "Sergio Ramón Rodríguez Orellana/Ecologia y Servicios S.A de C.V" }, "geometry": { "type": "Point", "coordinates": [ -87.1755944, 14.08276944 ] } },
{ "type": "Feature", "properties": { "Latitud Origen": 14.08277778, "Longitud Origen": -87.2105, "Usuario Origen": "Sergio Ramón Rodríguez Orellana/Ecologia y Servicios S.A de C.V" }, "geometry": { "type": "Point", "coordinates": [ -87.2105, 14.08277778 ] } },
{ "type": "Feature", "properties": { "Latitud Origen": 14.08279784, "Longitud Origen": -87.1940489, "Usuario Origen": "Sergio Ramón Rodríguez Orellana/Ecologia y Servicios S.A de C.V" }, "geometry": { "type": "Point", "coordinates": [ -87.1940489, 14.08279784 ] } },
{ "type": "Feature", "properties": { "Latitud Origen": 14.0828521, "Longitud Origen": -87.1940489, "Usuario Origen": "Sergio Ramón Rodríguez Orellana/Ecologia y Servicios S.A de C.V" }, "geometry": { "type": "Point", "coordinates": [ -87.1940489, 14.0828521 ] } },
{ "type": "Feature", "properties": { "Latitud Origen": 14.08296667, "Longitud Origen": -87.1600889, "Usuario Origen": "Sergio Ramón Rodríguez Orellana/Ecologia y Servicios S.A de C.V" }, "geometry": { "type": "Point", "coordinates": [ -87.1600889, 14.08296667 ] } },
{ "type": "Feature", "properties": { "Latitud Origen": 14.08296744, "Longitud Origen": -87.1600896, "Usuario Origen": "Sergio Ramón Rodríguez Orellana/Ecologia y Servicios S.A de C.V" }, "geometry": { "type": "Point", "coordinates": [ -87.1600896, 14.08296744 ] } },
{ "type": "Feature", "properties": { "Latitud Origen": 14.08305556, "Longitud Origen": -87.1663889, "Usuario Origen": "Sergio Ramón Rodríguez Orellana/Ecologia y Servicios S.A de C.V" }, "geometry": { "type": "Point", "coordinates": [ -87.1663889, 14.08305556 ] } },
{ "type": "Feature", "properties": { "Latitud Origen": 14.083119, "Longitud Origen": -87.178549, "Usuario Origen": "Sergio Ramón Rodríguez Orellana/Ecologia y Servicios S.A de C.V" }, "geometry": { "type": "Point", "coordinates": [ -87.178549, 14.083119 ] } },
{ "type": "Feature", "properties": { "Latitud Origen": 14.08381667, "Longitud Origen": -87.2262861, "Usuario Origen": "Sergio Ramón Rodríguez Orellana/Ecologia y Servicios S.A de C.V" }, "geometry": { "type": "Point", "coordinates": [ -87.2262861, 14.08381667 ] } },
{ "type": "Feature", "properties": { "Latitud Origen": 14.083913, "Longitud Origen": -87.184661, "Usuario Origen": "Sergio Ramón Rodríguez Orellana/Ecologia y Servicios S.A de C.V" }, "geometry": { "type": "Point", "coordinates": [ -87.184661, 14.083913 ] } },
{ "type": "Feature", "properties": { "Latitud Origen": 14.084621, "Longitud Origen": -87.180895, "Usuario Origen": "Sergio Ramón Rodríguez Orellana/Ecologia y Servicios S.A de C.V" }, "geometry": { "type": "Point", "coordinates": [ -87.180895, 14.084621 ] } },
{ "type": "Feature", "properties": { "Latitud Origen": 14.084632, "Longitud Origen": -87.186117, "Usuario Origen": "Sergio Ramón Rodríguez Orellana/Ecologia y Servicios S.A de C.V" }, "geometry": { "type": "Point", "coordinates": [ -87.186117, 14.084632 ] } },
{ "type": "Feature", "properties": { "Latitud Origen": 14.084691, "Longitud Origen": -87.2103056, "Usuario Origen": "Sergio Ramón Rodríguez Orellana/Ecologia y Servicios S.A de C.V" }, "geometry": { "type": "Point", "coordinates": [ -87.2103056, 14.084691 ] } },
{ "type": "Feature", "properties": { "Latitud Origen": 14.084691, "Longitud Origen": -87.210356, "Usuario Origen": "Sergio Ramón Rodríguez Orellana/Ecologia y Servicios S.A de C.V" }, "geometry": { "type": "Point", "coordinates": [ -87.210356, 14.084691 ] } },
{ "type": "Feature", "properties": { "Latitud Origen": 14.084908, "Longitud Origen": -87.176694, "Usuario Origen": "Sergio Ramón Rodríguez Orellana/Ecologia y Servicios S.A de C.V" }, "geometry": { "type": "Point", "coordinates": [ -87.176694, 14.084908 ] } },
{ "type": "Feature", "properties": { "Latitud Origen": 14.08513488, "Longitud Origen": -87.1714158, "Usuario Origen": "Sergio Ramón Rodríguez Orellana/Ecologia y Servicios S.A de C.V" }, "geometry": { "type": "Point", "coordinates": [ -87.1714158, 14.08513488 ] } },
{ "type": "Feature", "properties": { "Latitud Origen": 14.08513875, "Longitud Origen": -87.1714203, "Usuario Origen": "Sergio Ramón Rodríguez Orellana/Ecologia y Servicios S.A de C.V" }, "geometry": { "type": "Point", "coordinates": [ -87.1714203, 14.08513875 ] } },
{ "type": "Feature", "properties": { "Latitud Origen": 14.08563759, "Longitud Origen": -87.2042781, "Usuario Origen": "Sergio Ramón Rodríguez Orellana/Ecologia y Servicios S.A de C.V" }, "geometry": { "type": "Point", "coordinates": [ -87.2042781, 14.08563759 ] } },
{ "type": "Feature", "properties": { "Latitud Origen": 14.085638, "Longitud Origen": -87.204278, "Usuario Origen": "Sergio Ramón Rodríguez Orellana/Ecologia y Servicios S.A de C.V" }, "geometry": { "type": "Point", "coordinates": [ -87.204278, 14.085638 ] } },
{ "type": "Feature", "properties": { "Latitud Origen": 14.08576, "Longitud Origen": -87.19781, "Usuario Origen": "Sergio Ramón Rodríguez Orellana/Ecologia y Servicios S.A de C.V" }, "geometry": { "type": "Point", "coordinates": [ -87.19781, 14.08576 ] } },
{ "type": "Feature", "properties": { "Latitud Origen": 14.08576049, "Longitud Origen": -87.1978587, "Usuario Origen": "Sergio Ramón Rodríguez Orellana/Ecologia y Servicios S.A de C.V" }, "geometry": { "type": "Point", "coordinates": [ -87.1978587, 14.08576049 ] } },
{ "type": "Feature", "properties": { "Latitud Origen": 14.08591534, "Longitud Origen": -87.1850289, "Usuario Origen": "Sergio Ramón Rodríguez Orellana/Ecologia y Servicios S.A de C.V" }, "geometry": { "type": "Point", "coordinates": [ -87.1850289, 14.08591534 ] } },
{ "type": "Feature", "properties": { "Latitud Origen": 14.08616667, "Longitud Origen": -87.1913333, "Usuario Origen": "Sergio Ramón Rodríguez Orellana/Ecologia y Servicios S.A de C.V" }, "geometry": { "type": "Point", "coordinates": [ -87.1913333, 14.08616667 ] } },
{ "type": "Feature", "properties": { "Latitud Origen": 14.08649, "Longitud Origen": -87.22362, "Usuario Origen": "Sergio Ramón Rodríguez Orellana/Ecologia y Servicios S.A de C.V" }, "geometry": { "type": "Point", "coordinates": [ -87.22362, 14.08649 ] } },
{ "type": "Feature", "properties": { "Latitud Origen": 14.08652318, "Longitud Origen": -87.1939501, "Usuario Origen": "Sergio Ramón Rodríguez Orellana/Ecologia y Servicios S.A de C.V" }, "geometry": { "type": "Point", "coordinates": [ -87.1939501, 14.08652318 ] } },
{ "type": "Feature", "properties": { "Latitud Origen": 14.086559, "Longitud Origen": -87.18226, "Usuario Origen": "Sergio Ramón Rodríguez Orellana/Ecologia y Servicios S.A de C.V" }, "geometry": { "type": "Point", "coordinates": [ -87.18226, 14.086559 ] } },
{ "type": "Feature", "properties": { "Latitud Origen": 14.08655943, "Longitud Origen": -87.1822596, "Usuario Origen": "Sergio Ramón Rodríguez Orellana/Ecologia y Servicios S.A de C.V" }, "geometry": { "type": "Point", "coordinates": [ -87.1822596, 14.08655943 ] } },
{ "type": "Feature", "properties": { "Latitud Origen": 14.0866075, "Longitud Origen": -87.1878092, "Usuario Origen": "Sergio Ramón Rodríguez Orellana/Ecologia y Servicios S.A de C.V" }, "geometry": { "type": "Point", "coordinates": [ -87.1878092, 14.0866075 ] } },
{ "type": "Feature", "properties": { "Latitud Origen": 14.08660942, "Longitud Origen": -87.1878085, "Usuario Origen": "Sergio Ramón Rodríguez Orellana/Ecologia y Servicios S.A de C.V" }, "geometry": { "type": "Point", "coordinates": [ -87.1878085, 14.08660942 ] } },
{ "type": "Feature", "properties": { "Latitud Origen": 14.08662248, "Longitud Origen": -87.194154, "Usuario Origen": "Sergio Ramón Rodríguez Orellana/Ecologia y Servicios S.A de C.V" }, "geometry": { "type": "Point", "coordinates": [ -87.194154, 14.08662248 ] } },
{ "type": "Feature", "properties": { "Latitud Origen": 14.086658, "Longitud Origen": -87.190839, "Usuario Origen": "Sergio Ramón Rodríguez Orellana/Ecologia y Servicios S.A de C.V" }, "geometry": { "type": "Point", "coordinates": [ -87.190839, 14.086658 ] } },
{ "type": "Feature", "properties": { "Latitud Origen": 14.086839, "Longitud Origen": -87.238911, "Usuario Origen": "Sergio Ramón Rodríguez Orellana/Ecologia y Servicios S.A de C.V" }, "geometry": { "type": "Point", "coordinates": [ -87.238911, 14.086839 ] } },
{ "type": "Feature", "properties": { "Latitud Origen": 14.08761111, "Longitud Origen": -87.1741111, "Usuario Origen": "Sergio Ramón Rodríguez Orellana/Ecologia y Servicios S.A de C.V" }, "geometry": { "type": "Point", "coordinates": [ -87.1741111, 14.08761111 ] } },
{ "type": "Feature", "properties": { "Latitud Origen": 14.08795556, "Longitud Origen": -87.1832833, "Usuario Origen": "Sergio Ramón Rodríguez Orellana/Ecologia y Servicios S.A de C.V" }, "geometry": { "type": "Point", "coordinates": [ -87.1832833, 14.08795556 ] } },
{ "type": "Feature", "properties": { "Latitud Origen": 14.08844167, "Longitud Origen": -87.2020556, "Usuario Origen": "Sergio Ramón Rodríguez Orellana/Ecologia y Servicios S.A de C.V" }, "geometry": { "type": "Point", "coordinates": [ -87.2020556, 14.08844167 ] } },
{ "type": "Feature", "properties": { "Latitud Origen": 14.08849309, "Longitud Origen": -87.2143695, "Usuario Origen": "Sergio Ramón Rodríguez Orellana/Ecologia y Servicios S.A de C.V" }, "geometry": { "type": "Point", "coordinates": [ -87.2143695, 14.08849309 ] } },
{ "type": "Feature", "properties": { "Latitud Origen": 14.08849511, "Longitud Origen": -87.2143687, "Usuario Origen": "Sergio Ramón Rodríguez Orellana/Ecologia y Servicios S.A de C.V" }, "geometry": { "type": "Point", "coordinates": [ -87.2143687, 14.08849511 ] } },
{ "type": "Feature", "properties": { "Latitud Origen": 14.08873334, "Longitud Origen": -87.1774861, "Usuario Origen": "Sergio Ramón Rodríguez Orellana/Ecologia y Servicios S.A de C.V" }, "geometry": { "type": "Point", "coordinates": [ -87.1774861, 14.08873334 ] } },
{ "type": "Feature", "properties": { "Latitud Origen": 14.088734, "Longitud Origen": -87.177488, "Usuario Origen": "Sergio Ramón Rodríguez Orellana/Ecologia y Servicios S.A de C.V" }, "geometry": { "type": "Point", "coordinates": [ -87.177488, 14.088734 ] } },
{ "type": "Feature", "properties": { "Latitud Origen": 14.08934098, "Longitud Origen": -87.1956114, "Usuario Origen": "Sergio Ramón Rodríguez Orellana/Ecologia y Servicios S.A de C.V" }, "geometry": { "type": "Point", "coordinates": [ -87.1956114, 14.08934098 ] } },
{ "type": "Feature", "properties": { "Latitud Origen": 14.08934291, "Longitud Origen": -87.1956107, "Usuario Origen": "Sergio Ramón Rodríguez Orellana/Ecologia y Servicios S.A de C.V" }, "geometry": { "type": "Point", "coordinates": [ -87.1956107, 14.08934291 ] } },
{ "type": "Feature", "properties": { "Latitud Origen": 14.089405, "Longitud Origen": -87.164227, "Usuario Origen": "Sergio Ramón Rodríguez Orellana/Ecologia y Servicios S.A de C.V" }, "geometry": { "type": "Point", "coordinates": [ -87.164227, 14.089405 ] } },
{ "type": "Feature", "properties": { "Latitud Origen": 14.089405, "Longitud Origen": -87.17998, "Usuario Origen": "Sergio Ramón Rodríguez Orellana/Ecologia y Servicios S.A de C.V" }, "geometry": { "type": "Point", "coordinates": [ -87.17998, 14.089405 ] } },
{ "type": "Feature", "properties": { "Latitud Origen": 14.08947223, "Longitud Origen": -87.1906944, "Usuario Origen": "Sergio Ramón Rodríguez Orellana/Ecologia y Servicios S.A de C.V" }, "geometry": { "type": "Point", "coordinates": [ -87.1906944, 14.08947223 ] } },
{ "type": "Feature", "properties": { "Latitud Origen": 14.08983018, "Longitud Origen": -87.2076075, "Usuario Origen": "Sergio Ramón Rodríguez Orellana/Ecologia y Servicios S.A de C.V" }, "geometry": { "type": "Point", "coordinates": [ -87.2076075, 14.08983018 ] } },
{ "type": "Feature", "properties": { "Latitud Origen": 14.089977, "Longitud Origen": -87.178104, "Usuario Origen": "Sergio Ramón Rodríguez Orellana/Ecologia y Servicios S.A de C.V" }, "geometry": { "type": "Point", "coordinates": [ -87.178104, 14.089977 ] } },
{ "type": "Feature", "properties": { "Latitud Origen": 14.08999, "Longitud Origen": -87.18642, "Usuario Origen": "Sergio Ramón Rodríguez Orellana/Ecologia y Servicios S.A de C.V" }, "geometry": { "type": "Point", "coordinates": [ -87.18642, 14.08999 ] } },
{ "type": "Feature", "properties": { "Latitud Origen": 14.09019444, "Longitud Origen": -87.2382222, "Usuario Origen": "Sergio Ramón Rodríguez Orellana/Ecologia y Servicios S.A de C.V" }, "geometry": { "type": "Point", "coordinates": [ -87.2382222, 14.09019444 ] } },
{ "type": "Feature", "properties": { "Latitud Origen": 14.09072223, "Longitud Origen": -87.1620806, "Usuario Origen": "Sergio Ramón Rodríguez Orellana/Ecologia y Servicios S.A de C.V" }, "geometry": { "type": "Point", "coordinates": [ -87.1620806, 14.09072223 ] } },
{ "type": "Feature", "properties": { "Latitud Origen": 14.09075, "Longitud Origen": -87.1873861, "Usuario Origen": "Sergio Ramón Rodríguez Orellana/Ecologia y Servicios S.A de C.V" }, "geometry": { "type": "Point", "coordinates": [ -87.1873861, 14.09075 ] } },
{ "type": "Feature", "properties": { "Latitud Origen": 14.0907711, "Longitud Origen": -87.1961399, "Usuario Origen": "Sergio Ramón Rodríguez Orellana/Ecologia y Servicios S.A de C.V" }, "geometry": { "type": "Point", "coordinates": [ -87.1961399, 14.0907711 ] } },
{ "type": "Feature", "properties": { "Latitud Origen": 14.09091255, "Longitud Origen": -87.2282765, "Usuario Origen": "Sergio Ramón Rodríguez Orellana/Ecologia y Servicios S.A de C.V" }, "geometry": { "type": "Point", "coordinates": [ -87.2282765, 14.09091255 ] } },
{ "type": "Feature", "properties": { "Latitud Origen": 14.09091461, "Longitud Origen": -87.2282756, "Usuario Origen": "Sergio Ramón Rodríguez Orellana/Ecologia y Servicios S.A de C.V" }, "geometry": { "type": "Point", "coordinates": [ -87.2282756, 14.09091461 ] } },
{ "type": "Feature", "properties": { "Latitud Origen": 14.0911456, "Longitud Origen": -87.1678768, "Usuario Origen": "Sergio Ramón Rodríguez Orellana/Ecologia y Servicios S.A de C.V" }, "geometry": { "type": "Point", "coordinates": [ -87.1678768, 14.0911456 ] } },
{ "type": "Feature", "properties": { "Latitud Origen": 14.09191337, "Longitud Origen": -87.2513617, "Usuario Origen": "Sergio Ramón Rodríguez Orellana/Ecologia y Servicios S.A de C.V" }, "geometry": { "type": "Point", "coordinates": [ -87.2513617, 14.09191337 ] } },
{ "type": "Feature", "properties": { "Latitud Origen": 14.09191667, "Longitud Origen": -87.2513583, "Usuario Origen": "Sergio Ramón Rodríguez Orellana/Ecologia y Servicios S.A de C.V" }, "geometry": { "type": "Point", "coordinates": [ -87.2513583, 14.09191667 ] } },
{ "type": "Feature", "properties": { "Latitud Origen": 14.09199817, "Longitud Origen": -87.1880816, "Usuario Origen": "Sergio Ramón Rodríguez Orellana/Ecologia y Servicios S.A de C.V" }, "geometry": { "type": "Point", "coordinates": [ -87.1880816, 14.09199817 ] } },
{ "type": "Feature", "properties": { "Latitud Origen": 14.09229443, "Longitud Origen": -87.1663769, "Usuario Origen": "Sergio Ramón Rodríguez Orellana/Ecologia y Servicios S.A de C.V" }, "geometry": { "type": "Point", "coordinates": [ -87.1663769, 14.09229443 ] } },
{ "type": "Feature", "properties": { "Latitud Origen": 14.0924965, "Longitud Origen": -87.1980868, "Usuario Origen": "Sergio Ramón Rodríguez Orellana/Ecologia y Servicios S.A de C.V" }, "geometry": { "type": "Point", "coordinates": [ -87.1980868, 14.0924965 ] } },
{ "type": "Feature", "properties": { "Latitud Origen": 14.092549, "Longitud Origen": -87.188136, "Usuario Origen": "Sergio Ramón Rodríguez Orellana/Ecologia y Servicios S.A de C.V" }, "geometry": { "type": "Point", "coordinates": [ -87.188136, 14.092549 ] } },
{ "type": "Feature", "properties": { "Latitud Origen": 14.09255556, "Longitud Origen": -87.1608889, "Usuario Origen": "Sergio Ramón Rodríguez Orellana/Ecologia y Servicios S.A de C.V" }, "geometry": { "type": "Point", "coordinates": [ -87.1608889, 14.09255556 ] } },
{ "type": "Feature", "properties": { "Latitud Origen": 14.09258333, "Longitud Origen": -87.1880833, "Usuario Origen": "Sergio Ramón Rodríguez Orellana/Ecologia y Servicios S.A de C.V" }, "geometry": { "type": "Point", "coordinates": [ -87.1880833, 14.09258333 ] } },
{ "type": "Feature", "properties": { "Latitud Origen": 14.09266667, "Longitud Origen": -87.1955278, "Usuario Origen": "Sergio Ramón Rodríguez Orellana/Ecologia y Servicios S.A de C.V" }, "geometry": { "type": "Point", "coordinates": [ -87.1955278, 14.09266667 ] } },
{ "type": "Feature", "properties": { "Latitud Origen": 14.09283056, "Longitud Origen": -87.2104694, "Usuario Origen": "Sergio Ramón Rodríguez Orellana/Ecologia y Servicios S.A de C.V" }, "geometry": { "type": "Point", "coordinates": [ -87.2104694, 14.09283056 ] } },
{ "type": "Feature", "properties": { "Latitud Origen": 14.0930804, "Longitud Origen": -87.1916397, "Usuario Origen": "Sergio Ramón Rodríguez Orellana/Ecologia y Servicios S.A de C.V" }, "geometry": { "type": "Point", "coordinates": [ -87.1916397, 14.0930804 ] } },
{ "type": "Feature", "properties": { "Latitud Origen": 14.09322618, "Longitud Origen": -87.2408025, "Usuario Origen": "Sergio Ramón Rodríguez Orellana/Ecologia y Servicios S.A de C.V" }, "geometry": { "type": "Point", "coordinates": [ -87.2408025, 14.09322618 ] } },
{ "type": "Feature", "properties": { "Latitud Origen": 14.09327908, "Longitud Origen": -87.1802177, "Usuario Origen": "Sergio Ramón Rodríguez Orellana/Ecologia y Servicios S.A de C.V" }, "geometry": { "type": "Point", "coordinates": [ -87.1802177, 14.09327908 ] } },
{ "type": "Feature", "properties": { "Latitud Origen": 14.093692, "Longitud Origen": -87.185618, "Usuario Origen": "Sergio Ramón Rodríguez Orellana/Ecologia y Servicios S.A de C.V" }, "geometry": { "type": "Point", "coordinates": [ -87.185618, 14.093692 ] } },
{ "type": "Feature", "properties": { "Latitud Origen": 14.09447222, "Longitud Origen": -87.2045, "Usuario Origen": "Sergio Ramón Rodríguez Orellana/Ecologia y Servicios S.A de C.V" }, "geometry": { "type": "Point", "coordinates": [ -87.2045, 14.09447222 ] } },
{ "type": "Feature", "properties": { "Latitud Origen": 14.09452222, "Longitud Origen": -87.1713889, "Usuario Origen": "Sergio Ramón Rodríguez Orellana/Ecologia y Servicios S.A de C.V" }, "geometry": { "type": "Point", "coordinates": [ -87.1713889, 14.09452222 ] } },
{ "type": "Feature", "properties": { "Latitud Origen": 14.09452426, "Longitud Origen": -87.1713902, "Usuario Origen": "Sergio Ramón Rodríguez Orellana/Ecologia y Servicios S.A de C.V" }, "geometry": { "type": "Point", "coordinates": [ -87.1713902, 14.09452426 ] } },
{ "type": "Feature", "properties": { "Latitud Origen": 14.09463889, "Longitud Origen": -87.1588889, "Usuario Origen": "Sergio Ramón Rodríguez Orellana/Ecologia y Servicios S.A de C.V" }, "geometry": { "type": "Point", "coordinates": [ -87.1588889, 14.09463889 ] } },
{ "type": "Feature", "properties": { "Latitud Origen": 14.09557682, "Longitud Origen": -87.212189, "Usuario Origen": "Sergio Ramón Rodríguez Orellana/Ecologia y Servicios S.A de C.V" }, "geometry": { "type": "Point", "coordinates": [ -87.212189, 14.09557682 ] } },
{ "type": "Feature", "properties": { "Latitud Origen": 14.095628, "Longitud Origen": -87.189723, "Usuario Origen": "Sergio Ramón Rodríguez Orellana/Ecologia y Servicios S.A de C.V" }, "geometry": { "type": "Point", "coordinates": [ -87.189723, 14.095628 ] } },
{ "type": "Feature", "properties": { "Latitud Origen": 14.09572167, "Longitud Origen": -87.2583323, "Usuario Origen": "Sergio Ramón Rodríguez Orellana/Ecologia y Servicios S.A de C.V" }, "geometry": { "type": "Point", "coordinates": [ -87.2583323, 14.09572167 ] } },
{ "type": "Feature", "properties": { "Latitud Origen": 14.09587778, "Longitud Origen": -87.1778278, "Usuario Origen": "Sergio Ramón Rodríguez Orellana/Ecologia y Servicios S.A de C.V" }, "geometry": { "type": "Point", "coordinates": [ -87.1778278, 14.09587778 ] } },
{ "type": "Feature", "properties": { "Latitud Origen": 14.09605283, "Longitud Origen": -87.1830268, "Usuario Origen": "Sergio Ramón Rodríguez Orellana/Ecologia y Servicios S.A de C.V" }, "geometry": { "type": "Point", "coordinates": [ -87.1830268, 14.09605283 ] } },
{ "type": "Feature", "properties": { "Latitud Origen": 14.09608917, "Longitud Origen": -87.1943565, "Usuario Origen": "Sergio Ramón Rodríguez Orellana/Ecologia y Servicios S.A de C.V" }, "geometry": { "type": "Point", "coordinates": [ -87.1943565, 14.09608917 ] } },
{ "type": "Feature", "properties": { "Latitud Origen": 14.096317, "Longitud Origen": -87.188902, "Usuario Origen": "Sergio Ramón Rodríguez Orellana/Ecologia y Servicios S.A de C.V" }, "geometry": { "type": "Point", "coordinates": [ -87.188902, 14.096317 ] } },
{ "type": "Feature", "properties": { "Latitud Origen": 14.0965, "Longitud Origen": -87.1644528, "Usuario Origen": "Sergio Ramón Rodríguez Orellana/Ecologia y Servicios S.A de C.V" }, "geometry": { "type": "Point", "coordinates": [ -87.1644528, 14.0965 ] } },
{ "type": "Feature", "properties": { "Latitud Origen": 14.09655556, "Longitud Origen": -87.2448583, "Usuario Origen": "Sergio Ramón Rodríguez Orellana/Ecologia y Servicios S.A de C.V" }, "geometry": { "type": "Point", "coordinates": [ -87.2448583, 14.09655556 ] } },
{ "type": "Feature", "properties": { "Latitud Origen": 14.09658333, "Longitud Origen": -87.1731944, "Usuario Origen": "Sergio Ramón Rodríguez Orellana/Ecologia y Servicios S.A de C.V" }, "geometry": { "type": "Point", "coordinates": [ -87.1731944, 14.09658333 ] } },
{ "type": "Feature", "properties": { "Latitud Origen": 14.0966, "Longitud Origen": -87.191799, "Usuario Origen": "Sergio Ramón Rodríguez Orellana/Ecologia y Servicios S.A de C.V" }, "geometry": { "type": "Point", "coordinates": [ -87.191799, 14.0966 ] } },
{ "type": "Feature", "properties": { "Latitud Origen": 14.09675, "Longitud Origen": -87.1759444, "Usuario Origen": "Sergio Ramón Rodríguez Orellana/Ecologia y Servicios S.A de C.V" }, "geometry": { "type": "Point", "coordinates": [ -87.1759444, 14.09675 ] } },
{ "type": "Feature", "properties": { "Latitud Origen": 14.09759, "Longitud Origen": -87.2042795, "Usuario Origen": "Sergio Ramón Rodríguez Orellana/Ecologia y Servicios S.A de C.V" }, "geometry": { "type": "Point", "coordinates": [ -87.2042795, 14.09759 ] } },
{ "type": "Feature", "properties": { "Latitud Origen": 14.09791306, "Longitud Origen": -87.1468896, "Usuario Origen": "Sergio Ramón Rodríguez Orellana/Ecologia y Servicios S.A de C.V" }, "geometry": { "type": "Point", "coordinates": [ -87.1468896, 14.09791306 ] } },
{ "type": "Feature", "properties": { "Latitud Origen": 14.09817, "Longitud Origen": -87.203362, "Usuario Origen": "Sergio Ramón Rodríguez Orellana/Ecologia y Servicios S.A de C.V" }, "geometry": { "type": "Point", "coordinates": [ -87.203362, 14.09817 ] } },
{ "type": "Feature", "properties": { "Latitud Origen": 14.09817041, "Longitud Origen": -87.2033629, "Usuario Origen": "Sergio Ramón Rodríguez Orellana/Ecologia y Servicios S.A de C.V" }, "geometry": { "type": "Point", "coordinates": [ -87.2033629, 14.09817041 ] } },
{ "type": "Feature", "properties": { "Latitud Origen": 14.098253, "Longitud Origen": -87.178341, "Usuario Origen": "Sergio Ramón Rodríguez Orellana/Ecologia y Servicios S.A de C.V" }, "geometry": { "type": "Point", "coordinates": [ -87.178341, 14.098253 ] } },
{ "type": "Feature", "properties": { "Latitud Origen": 14.09830556, "Longitud Origen": -87.1916389, "Usuario Origen": "Sergio Ramón Rodríguez Orellana/Ecologia y Servicios S.A de C.V" }, "geometry": { "type": "Point", "coordinates": [ -87.1916389, 14.09830556 ] } },
{ "type": "Feature", "properties": { "Latitud Origen": 14.09851067, "Longitud Origen": -87.1850576, "Usuario Origen": "Sergio Ramón Rodríguez Orellana/Ecologia y Servicios S.A de C.V" }, "geometry": { "type": "Point", "coordinates": [ -87.1850576, 14.09851067 ] } },
{ "type": "Feature", "properties": { "Latitud Origen": 14.09910833, "Longitud Origen": -87.1617472, "Usuario Origen": "Sergio Ramón Rodríguez Orellana/Ecologia y Servicios S.A de C.V" }, "geometry": { "type": "Point", "coordinates": [ -87.1617472, 14.09910833 ] } },
{ "type": "Feature", "properties": { "Latitud Origen": 14.099201, "Longitud Origen": -87.204392, "Usuario Origen": "Sergio Ramón Rodríguez Orellana/Ecologia y Servicios S.A de C.V" }, "geometry": { "type": "Point", "coordinates": [ -87.204392, 14.099201 ] } },
{ "type": "Feature", "properties": { "Latitud Origen": 14.09983734, "Longitud Origen": -87.1995012, "Usuario Origen": "Sergio Ramón Rodríguez Orellana/Ecologia y Servicios S.A de C.V" }, "geometry": { "type": "Point", "coordinates": [ -87.1995012, 14.09983734 ] } },
{ "type": "Feature", "properties": { "Latitud Origen": 14.10013889, "Longitud Origen": -87.2503611, "Usuario Origen": "Sergio Ramón Rodríguez Orellana/Ecologia y Servicios S.A de C.V" }, "geometry": { "type": "Point", "coordinates": [ -87.2503611, 14.10013889 ] } },
{ "type": "Feature", "properties": { "Latitud Origen": 14.100139, "Longitud Origen": -87.18927, "Usuario Origen": "Sergio Ramón Rodríguez Orellana/Ecologia y Servicios S.A de C.V" }, "geometry": { "type": "Point", "coordinates": [ -87.18927, 14.100139 ] } },
{ "type": "Feature", "properties": { "Latitud Origen": 14.1001425, "Longitud Origen": -87.2503609, "Usuario Origen": "Sergio Ramón Rodríguez Orellana/Ecologia y Servicios S.A de C.V" }, "geometry": { "type": "Point", "coordinates": [ -87.2503609, 14.1001425 ] } },
{ "type": "Feature", "properties": { "Latitud Origen": 14.10041797, "Longitud Origen": -87.1857539, "Usuario Origen": "Sergio Ramón Rodríguez Orellana/Ecologia y Servicios S.A de C.V" }, "geometry": { "type": "Point", "coordinates": [ -87.1857539, 14.10041797 ] } },
{ "type": "Feature", "properties": { "Latitud Origen": 14.100555, "Longitud Origen": -87.1948889, "Usuario Origen": "Sergio Ramón Rodríguez Orellana/Ecologia y Servicios S.A de C.V" }, "geometry": { "type": "Point", "coordinates": [ -87.1948889, 14.100555 ] } },
{ "type": "Feature", "properties": { "Latitud Origen": 14.10055556, "Longitud Origen": -87.1948889, "Usuario Origen": "Sergio Ramón Rodríguez Orellana/Ecologia y Servicios S.A de C.V" }, "geometry": { "type": "Point", "coordinates": [ -87.1948889, 14.10055556 ] } },
{ "type": "Feature", "properties": { "Latitud Origen": 14.10077778, "Longitud Origen": -87.2382194, "Usuario Origen": "Sergio Ramón Rodríguez Orellana/Ecologia y Servicios S.A de C.V" }, "geometry": { "type": "Point", "coordinates": [ -87.2382194, 14.10077778 ] } },
{ "type": "Feature", "properties": { "Latitud Origen": 14.100899, "Longitud Origen": -87.18766, "Usuario Origen": "Sergio Ramón Rodríguez Orellana/Ecologia y Servicios S.A de C.V" }, "geometry": { "type": "Point", "coordinates": [ -87.18766, 14.100899 ] } },
{ "type": "Feature", "properties": { "Latitud Origen": 14.10096982, "Longitud Origen": -87.192031, "Usuario Origen": "Sergio Ramón Rodríguez Orellana/Ecologia y Servicios S.A de C.V" }, "geometry": { "type": "Point", "coordinates": [ -87.192031, 14.10096982 ] } },
{ "type": "Feature", "properties": { "Latitud Origen": 14.10109271, "Longitud Origen": -87.1782876, "Usuario Origen": "Sergio Ramón Rodríguez Orellana/Ecologia y Servicios S.A de C.V" }, "geometry": { "type": "Point", "coordinates": [ -87.1782876, 14.10109271 ] } },
{ "type": "Feature", "properties": { "Latitud Origen": 14.101209, "Longitud Origen": -87.186677, "Usuario Origen": "Sergio Ramón Rodríguez Orellana/Ecologia y Servicios S.A de C.V" }, "geometry": { "type": "Point", "coordinates": [ -87.186677, 14.101209 ] } },
{ "type": "Feature", "properties": { "Latitud Origen": 14.10122222, "Longitud Origen": -87.18075, "Usuario Origen": "Sergio Ramón Rodríguez Orellana/Ecologia y Servicios S.A de C.V" }, "geometry": { "type": "Point", "coordinates": [ -87.18075, 14.10122222 ] } },
{ "type": "Feature", "properties": { "Latitud Origen": 14.10163773, "Longitud Origen": -87.1869129, "Usuario Origen": "Sergio Ramón Rodríguez Orellana/Ecologia y Servicios S.A de C.V" }, "geometry": { "type": "Point", "coordinates": [ -87.1869129, 14.10163773 ] } },
{ "type": "Feature", "properties": { "Latitud Origen": 14.10173642, "Longitud Origen": -87.187895, "Usuario Origen": "Sergio Ramón Rodríguez Orellana/Ecologia y Servicios S.A de C.V" }, "geometry": { "type": "Point", "coordinates": [ -87.187895, 14.10173642 ] } },
{ "type": "Feature", "properties": { "Latitud Origen": 14.1018055, "Longitud Origen": -87.1678105, "Usuario Origen": "Sergio Ramón Rodríguez Orellana/Ecologia y Servicios S.A de C.V" }, "geometry": { "type": "Point", "coordinates": [ -87.1678105, 14.1018055 ] } },
{ "type": "Feature", "properties": { "Latitud Origen": 14.102165, "Longitud Origen": -87.174709, "Usuario Origen": "Sergio Ramón Rodríguez Orellana/Ecologia y Servicios S.A de C.V" }, "geometry": { "type": "Point", "coordinates": [ -87.174709, 14.102165 ] } },
{ "type": "Feature", "properties": { "Latitud Origen": 14.10258334, "Longitud Origen": -87.1838611, "Usuario Origen": "Sergio Ramón Rodríguez Orellana/Ecologia y Servicios S.A de C.V" }, "geometry": { "type": "Point", "coordinates": [ -87.1838611, 14.10258334 ] } },
{ "type": "Feature", "properties": { "Latitud Origen": 14.103172, "Longitud Origen": -87.197425, "Usuario Origen": "Sergio Ramón Rodríguez Orellana/Ecologia y Servicios S.A de C.V" }, "geometry": { "type": "Point", "coordinates": [ -87.197425, 14.103172 ] } },
{ "type": "Feature", "properties": { "Latitud Origen": 14.10334, "Longitud Origen": -87.1892, "Usuario Origen": "Sergio Ramón Rodríguez Orellana/Ecologia y Servicios S.A de C.V" }, "geometry": { "type": "Point", "coordinates": [ -87.1892, 14.10334 ] } },
{ "type": "Feature", "properties": { "Latitud Origen": 14.10335, "Longitud Origen": -87.23425, "Usuario Origen": "Sergio Ramón Rodríguez Orellana/Ecologia y Servicios S.A de C.V" }, "geometry": { "type": "Point", "coordinates": [ -87.23425, 14.10335 ] } },
{ "type": "Feature", "properties": { "Latitud Origen": 14.10347637, "Longitud Origen": -87.1571949, "Usuario Origen": "Sergio Ramón Rodríguez Orellana/Ecologia y Servicios S.A de C.V" }, "geometry": { "type": "Point", "coordinates": [ -87.1571949, 14.10347637 ] } },
{ "type": "Feature", "properties": { "Latitud Origen": 14.10371944, "Longitud Origen": -87.2439444, "Usuario Origen": "Sergio Ramón Rodríguez Orellana/Ecologia y Servicios S.A de C.V" }, "geometry": { "type": "Point", "coordinates": [ -87.2439444, 14.10371944 ] } },
{ "type": "Feature", "properties": { "Latitud Origen": 14.10372061, "Longitud Origen": -87.2439448, "Usuario Origen": "Sergio Ramón Rodríguez Orellana/Ecologia y Servicios S.A de C.V" }, "geometry": { "type": "Point", "coordinates": [ -87.2439448, 14.10372061 ] } },
{ "type": "Feature", "properties": { "Latitud Origen": 14.10464534, "Longitud Origen": -87.2302913, "Usuario Origen": "Sergio Ramón Rodríguez Orellana/Ecologia y Servicios S.A de C.V" }, "geometry": { "type": "Point", "coordinates": [ -87.2302913, 14.10464534 ] } },
{ "type": "Feature", "properties": { "Latitud Origen": 14.10491668, "Longitud Origen": -87.2021367, "Usuario Origen": "Sergio Ramón Rodríguez Orellana/Ecologia y Servicios S.A de C.V" }, "geometry": { "type": "Point", "coordinates": [ -87.2021367, 14.10491668 ] } },
{ "type": "Feature", "properties": { "Latitud Origen": 14.10535833, "Longitud Origen": -87.1801667, "Usuario Origen": "Sergio Ramón Rodríguez Orellana/Ecologia y Servicios S.A de C.V" }, "geometry": { "type": "Point", "coordinates": [ -87.1801667, 14.10535833 ] } },
{ "type": "Feature", "properties": { "Latitud Origen": 14.1053967, "Longitud Origen": -87.1878246, "Usuario Origen": "Sergio Ramón Rodríguez Orellana/Ecologia y Servicios S.A de C.V" }, "geometry": { "type": "Point", "coordinates": [ -87.1878246, 14.1053967 ] } },
{ "type": "Feature", "properties": { "Latitud Origen": 14.10539844, "Longitud Origen": -87.1878239, "Usuario Origen": "Sergio Ramón Rodríguez Orellana/Ecologia y Servicios S.A de C.V" }, "geometry": { "type": "Point", "coordinates": [ -87.1878239, 14.10539844 ] } },
{ "type": "Feature", "properties": { "Latitud Origen": 14.10580233, "Longitud Origen": -87.232691, "Usuario Origen": "Sergio Ramón Rodríguez Orellana/Ecologia y Servicios S.A de C.V" }, "geometry": { "type": "Point", "coordinates": [ -87.232691, 14.10580233 ] } },
{ "type": "Feature", "properties": { "Latitud Origen": 14.10630583, "Longitud Origen": -87.2060289, "Usuario Origen": "Sergio Ramón Rodríguez Orellana/Ecologia y Servicios S.A de C.V" }, "geometry": { "type": "Point", "coordinates": [ -87.2060289, 14.10630583 ] } },
{ "type": "Feature", "properties": { "Latitud Origen": 14.10736324, "Longitud Origen": -87.1720854, "Usuario Origen": "Sergio Ramón Rodríguez Orellana/Ecologia y Servicios S.A de C.V" }, "geometry": { "type": "Point", "coordinates": [ -87.1720854, 14.10736324 ] } },
{ "type": "Feature", "properties": { "Latitud Origen": 14.107915, "Longitud Origen": -87.165339, "Usuario Origen": "Sergio Ramón Rodríguez Orellana/Ecologia y Servicios S.A de C.V" }, "geometry": { "type": "Point", "coordinates": [ -87.165339, 14.107915 ] } },
{ "type": "Feature", "properties": { "Latitud Origen": 14.10791667, "Longitud Origen": -87.2456389, "Usuario Origen": "Sergio Ramón Rodríguez Orellana/Ecologia y Servicios S.A de C.V" }, "geometry": { "type": "Point", "coordinates": [ -87.2456389, 14.10791667 ] } },
{ "type": "Feature", "properties": { "Latitud Origen": 14.107946, "Longitud Origen": -87.193636, "Usuario Origen": "Sergio Ramón Rodríguez Orellana/Ecologia y Servicios S.A de C.V" }, "geometry": { "type": "Point", "coordinates": [ -87.193636, 14.107946 ] } },
{ "type": "Feature", "properties": { "Latitud Origen": 14.10869999, "Longitud Origen": -87.1611174, "Usuario Origen": "Sergio Ramón Rodríguez Orellana/Ecologia y Servicios S.A de C.V" }, "geometry": { "type": "Point", "coordinates": [ -87.1611174, 14.10869999 ] } },
{ "type": "Feature", "properties": { "Latitud Origen": 14.10972391, "Longitud Origen": -87.1948591, "Usuario Origen": "Sergio Ramón Rodríguez Orellana/Ecologia y Servicios S.A de C.V" }, "geometry": { "type": "Point", "coordinates": [ -87.1948591, 14.10972391 ] } },
{ "type": "Feature", "properties": { "Latitud Origen": 14.10991667, "Longitud Origen": -87.1543056, "Usuario Origen": "Sergio Ramón Rodríguez Orellana/Ecologia y Servicios S.A de C.V" }, "geometry": { "type": "Point", "coordinates": [ -87.1543056, 14.10991667 ] } },
{ "type": "Feature", "properties": { "Latitud Origen": 14.10994444, "Longitud Origen": -87.2255556, "Usuario Origen": "Sergio Ramón Rodríguez Orellana/Ecologia y Servicios S.A de C.V" }, "geometry": { "type": "Point", "coordinates": [ -87.2255556, 14.10994444 ] } },
{ "type": "Feature", "properties": { "Latitud Origen": 14.11130556, "Longitud Origen": -87.2338889, "Usuario Origen": "Sergio Ramón Rodríguez Orellana/Ecologia y Servicios S.A de C.V" }, "geometry": { "type": "Point", "coordinates": [ -87.2338889, 14.11130556 ] } },
{ "type": "Feature", "properties": { "Latitud Origen": 14.11255865, "Longitud Origen": -87.2002257, "Usuario Origen": "Sergio Ramón Rodríguez Orellana/Ecologia y Servicios S.A de C.V" }, "geometry": { "type": "Point", "coordinates": [ -87.2002257, 14.11255865 ] } },
{ "type": "Feature", "properties": { "Latitud Origen": 14.11266252, "Longitud Origen": -87.1833365, "Usuario Origen": "Sergio Ramón Rodríguez Orellana/Ecologia y Servicios S.A de C.V" }, "geometry": { "type": "Point", "coordinates": [ -87.1833365, 14.11266252 ] } },
{ "type": "Feature", "properties": { "Latitud Origen": 14.11472338, "Longitud Origen": -87.158861, "Usuario Origen": "Sergio Ramón Rodríguez Orellana/Ecologia y Servicios S.A de C.V" }, "geometry": { "type": "Point", "coordinates": [ -87.158861, 14.11472338 ] } },
{ "type": "Feature", "properties": { "Latitud Origen": 14.11838869, "Longitud Origen": -87.2211144, "Usuario Origen": "Sergio Ramón Rodríguez Orellana/Ecologia y Servicios S.A de C.V" }, "geometry": { "type": "Point", "coordinates": [ -87.2211144, 14.11838869 ] } },
{ "type": "Feature", "properties": { "Latitud Origen": 14.11839045, "Longitud Origen": -87.2211135, "Usuario Origen": "Sergio Ramón Rodríguez Orellana/Ecologia y Servicios S.A de C.V" }, "geometry": { "type": "Point", "coordinates": [ -87.2211135, 14.11839045 ] } },
{ "type": "Feature", "properties": { "Latitud Origen": 14.123567, "Longitud Origen": -87.223442, "Usuario Origen": "Sergio Ramón Rodríguez Orellana/Ecologia y Servicios S.A de C.V" }, "geometry": { "type": "Point", "coordinates": [ -87.223442, 14.123567 ] } },
{ "type": "Feature", "properties": { "Latitud Origen": 14.12688889, "Longitud Origen": -87.2484167, "Usuario Origen": "Sergio Ramón Rodríguez Orellana/Ecologia y Servicios S.A de C.V" }, "geometry": { "type": "Point", "coordinates": [ -87.2484167, 14.12688889 ] } },
{ "type": "Feature", "properties": { "Latitud Origen": 14.12689026, "Longitud Origen": -87.2484167, "Usuario Origen": "Sergio Ramón Rodríguez Orellana/Ecologia y Servicios S.A de C.V" }, "geometry": { "type": "Point", "coordinates": [ -87.2484167, 14.12689026 ] } },
{ "type": "Feature", "properties": { "Latitud Origen": 14.12905885, "Longitud Origen": -87.1787819, "Usuario Origen": "Sergio Ramón Rodríguez Orellana/Ecologia y Servicios S.A de C.V" }, "geometry": { "type": "Point", "coordinates": [ -87.1787819, 14.12905885 ] } },
{ "type": "Feature", "properties": { "Latitud Origen": 14.13575906, "Longitud Origen": -87.1659081, "Usuario Origen": "Sergio Ramón Rodríguez Orellana/Ecologia y Servicios S.A de C.V" }, "geometry": { "type": "Point", "coordinates": [ -87.1659081, 14.13575906 ] } },
{ "type": "Feature", "properties": { "Latitud Origen": 14.13805462, "Longitud Origen": -87.2658306, "Usuario Origen": "Sergio Ramón Rodríguez Orellana/Ecologia y Servicios S.A de C.V" }, "geometry": { "type": "Point", "coordinates": [ -87.2658306, 14.13805462 ] } },
{ "type": "Feature", "properties": { "Latitud Origen": 14.14780592, "Longitud Origen": -87.2282489, "Usuario Origen": "Sergio Ramón Rodríguez Orellana/Ecologia y Servicios S.A de C.V" }, "geometry": { "type": "Point", "coordinates": [ -87.2282489, 14.14780592 ] } },
{ "type": "Feature", "properties": { "Latitud Origen": 14.15344024, "Longitud Origen": -87.2705545, "Usuario Origen": "Sergio Ramón Rodríguez Orellana/Ecologia y Servicios S.A de C.V" }, "geometry": { "type": "Point", "coordinates": [ -87.2705545, 14.15344024 ] } },
{ "type": "Feature", "properties": { "Latitud Origen": 14.15456, "Longitud Origen": -87.03224, "Usuario Origen": "Sergio Ramón Rodríguez Orellana/Ecologia y Servicios S.A de C.V" }, "geometry": { "type": "Point", "coordinates": [ -87.03224, 14.15456 ] } },
{ "type": "Feature", "properties": { "Latitud Origen": 14.15822222, "Longitud Origen": -87.2848833, "Usuario Origen": "Sergio Ramón Rodríguez Orellana/Ecologia y Servicios S.A de C.V" }, "geometry": { "type": "Point", "coordinates": [ -87.2848833, 14.15822222 ] } },
{ "type": "Feature", "properties": { "Latitud Origen": 14.15822485, "Longitud Origen": -87.2848859, "Usuario Origen": "Sergio Ramón Rodríguez Orellana/Ecologia y Servicios S.A de C.V" }, "geometry": { "type": "Point", "coordinates": [ -87.2848859, 14.15822485 ] } },
{ "type": "Feature", "properties": { "Latitud Origen": 14.15893, "Longitud Origen": -87.0435, "Usuario Origen": "Sergio Ramón Rodríguez Orellana/Ecologia y Servicios S.A de C.V" }, "geometry": { "type": "Point", "coordinates": [ -87.0435, 14.15893 ] } },
{ "type": "Feature", "properties": { "Latitud Origen": 14.16652778, "Longitud Origen": -87.2019444, "Usuario Origen": "Sergio Ramón Rodríguez Orellana/Ecologia y Servicios S.A de C.V" }, "geometry": { "type": "Point", "coordinates": [ -87.2019444, 14.16652778 ] } },
{ "type": "Feature", "properties": { "Latitud Origen": 14.16888889, "Longitud Origen": -87.3088611, "Usuario Origen": "Sergio Ramón Rodríguez Orellana/Ecologia y Servicios S.A de C.V" }, "geometry": { "type": "Point", "coordinates": [ -87.3088611, 14.16888889 ] } },
{ "type": "Feature", "properties": { "Latitud Origen": 14.17421944, "Longitud Origen": -87.3336667, "Usuario Origen": "Sergio Ramón Rodríguez Orellana/Ecologia y Servicios S.A de C.V" }, "geometry": { "type": "Point", "coordinates": [ -87.3336667, 14.17421944 ] } },
{ "type": "Feature", "properties": { "Latitud Origen": 14.189424, "Longitud Origen": -87.338639, "Usuario Origen": "Sergio Ramón Rodríguez Orellana/Ecologia y Servicios S.A de C.V" }, "geometry": { "type": "Point", "coordinates": [ -87.338639, 14.189424 ] } },
{ "type": "Feature", "properties": { "Latitud Origen": 14.19172222, "Longitud Origen": -87.3768611, "Usuario Origen": "Sergio Ramón Rodríguez Orellana/Ecologia y Servicios S.A de C.V" }, "geometry": { "type": "Point", "coordinates": [ -87.3768611, 14.19172222 ] } },
{ "type": "Feature", "properties": { "Latitud Origen": 14.22055556, "Longitud Origen": -87.3808889, "Usuario Origen": "Sergio Ramón Rodríguez Orellana/Ecologia y Servicios S.A de C.V" }, "geometry": { "type": "Point", "coordinates": [ -87.3808889, 14.22055556 ] } },
{ "type": "Feature", "properties": { "Latitud Origen": 14.24546944, "Longitud Origen": -87.3776667, "Usuario Origen": "Sergio Ramón Rodríguez Orellana/Ecologia y Servicios S.A de C.V" }, "geometry": { "type": "Point", "coordinates": [ -87.3776667, 14.24546944 ] } },
{ "type": "Feature", "properties": { "Latitud Origen": 14.253685, "Longitud Origen": -87.653813, "Usuario Origen": "Sergio Ramón Rodríguez Orellana/Ecologia y Servicios S.A de C.V" }, "geometry": { "type": "Point", "coordinates": [ -87.653813, 14.253685 ] } },
{ "type": "Feature", "properties": { "Latitud Origen": 14.26652778, "Longitud Origen": -87.5515, "Usuario Origen": "Sergio Ramón Rodríguez Orellana/Ecologia y Servicios S.A de C.V" }, "geometry": { "type": "Point", "coordinates": [ -87.5515, 14.26652778 ] } },
{ "type": "Feature", "properties": { "Latitud Origen": 14.27491667, "Longitud Origen": -87.4034111, "Usuario Origen": "Sergio Ramón Rodríguez Orellana/Ecologia y Servicios S.A de C.V" }, "geometry": { "type": "Point", "coordinates": [ -87.4034111, 14.27491667 ] } },
{ "type": "Feature", "properties": { "Latitud Origen": 14.2755, "Longitud Origen": -87.5168611, "Usuario Origen": "Sergio Ramón Rodríguez Orellana/Ecologia y Servicios S.A de C.V" }, "geometry": { "type": "Point", "coordinates": [ -87.5168611, 14.2755 ] } },
{ "type": "Feature", "properties": { "Latitud Origen": 14.27808333, "Longitud Origen": -87.6648889, "Usuario Origen": "Sergio Ramón Rodríguez Orellana/Ecologia y Servicios S.A de C.V" }, "geometry": { "type": "Point", "coordinates": [ -87.6648889, 14.27808333 ] } },
{ "type": "Feature", "properties": { "Latitud Origen": 14.27916773, "Longitud Origen": -87.3694445, "Usuario Origen": "Sergio Ramón Rodríguez Orellana/Ecologia y Servicios S.A de C.V" }, "geometry": { "type": "Point", "coordinates": [ -87.3694445, 14.27916773 ] } },
{ "type": "Feature", "properties": { "Latitud Origen": 14.28363889, "Longitud Origen": -87.4973889, "Usuario Origen": "Sergio Ramón Rodríguez Orellana/Ecologia y Servicios S.A de C.V" }, "geometry": { "type": "Point", "coordinates": [ -87.4973889, 14.28363889 ] } },
{ "type": "Feature", "properties": { "Latitud Origen": 14.28516667, "Longitud Origen": -87.4657778, "Usuario Origen": "Sergio Ramón Rodríguez Orellana/Ecologia y Servicios S.A de C.V" }, "geometry": { "type": "Point", "coordinates": [ -87.4657778, 14.28516667 ] } },
{ "type": "Feature", "properties": { "Latitud Origen": 14.29077778, "Longitud Origen": -87.4373889, "Usuario Origen": "Sergio Ramón Rodríguez Orellana/Ecologia y Servicios S.A de C.V" }, "geometry": { "type": "Point", "coordinates": [ -87.4373889, 14.29077778 ] } },
{ "type": "Feature", "properties": { "Latitud Origen": 14.29133333, "Longitud Origen": -87.4904444, "Usuario Origen": "Sergio Ramón Rodríguez Orellana/Ecologia y Servicios S.A de C.V" }, "geometry": { "type": "Point", "coordinates": [ -87.4904444, 14.29133333 ] } },
{ "type": "Feature", "properties": { "Latitud Origen": 14.30141389, "Longitud Origen": -87.57325, "Usuario Origen": "Sergio Ramón Rodríguez Orellana/Ecologia y Servicios S.A de C.V" }, "geometry": { "type": "Point", "coordinates": [ -87.57325, 14.30141389 ] } },
{ "type": "Feature", "properties": { "Latitud Origen": 14.30461268, "Longitud Origen": -88.1023626, "Usuario Origen": "Sergio Ramón Rodríguez Orellana/Ecologia y Servicios S.A de C.V" }, "geometry": { "type": "Point", "coordinates": [ -88.1023626, 14.30461268 ] } },
{ "type": "Feature", "properties": { "Latitud Origen": 14.30663462, "Longitud Origen": -88.2172527, "Usuario Origen": "Sergio Ramón Rodríguez Orellana/Ecologia y Servicios S.A de C.V" }, "geometry": { "type": "Point", "coordinates": [ -88.2172527, 14.30663462 ] } },
{ "type": "Feature", "properties": { "Latitud Origen": 14.30891667, "Longitud Origen": -87.1999694, "Usuario Origen": "Sergio Ramón Rodríguez Orellana/Ecologia y Servicios S.A de C.V" }, "geometry": { "type": "Point", "coordinates": [ -87.1999694, 14.30891667 ] } },
{ "type": "Feature", "properties": { "Latitud Origen": 14.30900578, "Longitud Origen": -88.1686992, "Usuario Origen": "Sergio Ramón Rodríguez Orellana/Ecologia y Servicios S.A de C.V" }, "geometry": { "type": "Point", "coordinates": [ -88.1686992, 14.30900578 ] } },
{ "type": "Feature", "properties": { "Latitud Origen": 14.309009, "Longitud Origen": -88.168697, "Usuario Origen": "Sergio Ramón Rodríguez Orellana/Ecologia y Servicios S.A de C.V" }, "geometry": { "type": "Point", "coordinates": [ -88.168697, 14.309009 ] } },
{ "type": "Feature", "properties": { "Latitud Origen": 14.30991944, "Longitud Origen": -88.17662, "Usuario Origen": "Sergio Ramón Rodríguez Orellana/Ecologia y Servicios S.A de C.V" }, "geometry": { "type": "Point", "coordinates": [ -88.17662, 14.30991944 ] } },
{ "type": "Feature", "properties": { "Latitud Origen": 14.30991944, "Longitud Origen": -88.17665, "Usuario Origen": "Sergio Ramón Rodríguez Orellana/Ecologia y Servicios S.A de C.V" }, "geometry": { "type": "Point", "coordinates": [ -88.17665, 14.30991944 ] } },
{ "type": "Feature", "properties": { "Latitud Origen": 14.31247222, "Longitud Origen": -88.1611389, "Usuario Origen": "Sergio Ramón Rodríguez Orellana/Ecologia y Servicios S.A de C.V" }, "geometry": { "type": "Point", "coordinates": [ -88.1611389, 14.31247222 ] } },
{ "type": "Feature", "properties": { "Latitud Origen": 14.31332, "Longitud Origen": -88.1706, "Usuario Origen": "Sergio Ramón Rodríguez Orellana/Ecologia y Servicios S.A de C.V" }, "geometry": { "type": "Point", "coordinates": [ -88.1706, 14.31332 ] } },
{ "type": "Feature", "properties": { "Latitud Origen": 14.31597222, "Longitud Origen": -88.1726111, "Usuario Origen": "Sergio Ramón Rodríguez Orellana/Ecologia y Servicios S.A de C.V" }, "geometry": { "type": "Point", "coordinates": [ -88.1726111, 14.31597222 ] } },
{ "type": "Feature", "properties": { "Latitud Origen": 14.32883839, "Longitud Origen": -87.6122466, "Usuario Origen": "Sergio Ramón Rodríguez Orellana/Ecologia y Servicios S.A de C.V" }, "geometry": { "type": "Point", "coordinates": [ -87.6122466, 14.32883839 ] } },
{ "type": "Feature", "properties": { "Latitud Origen": 14.330963, "Longitud Origen": -87.594207, "Usuario Origen": "Sergio Ramón Rodríguez Orellana/Ecologia y Servicios S.A de C.V" }, "geometry": { "type": "Point", "coordinates": [ -87.594207, 14.330963 ] } },
{ "type": "Feature", "properties": { "Latitud Origen": 14.33349951, "Longitud Origen": -87.6706703, "Usuario Origen": "Sergio Ramón Rodríguez Orellana/Ecologia y Servicios S.A de C.V" }, "geometry": { "type": "Point", "coordinates": [ -87.6706703, 14.33349951 ] } },
{ "type": "Feature", "properties": { "Latitud Origen": 14.35171667, "Longitud Origen": -87.1585528, "Usuario Origen": "Sergio Ramón Rodríguez Orellana/Ecologia y Servicios S.A de C.V" }, "geometry": { "type": "Point", "coordinates": [ -87.1585528, 14.35171667 ] } },
{ "type": "Feature", "properties": { "Latitud Origen": 14.35833251, "Longitud Origen": -87.9125032, "Usuario Origen": "Sergio Ramón Rodríguez Orellana/Ecologia y Servicios S.A de C.V" }, "geometry": { "type": "Point", "coordinates": [ -87.9125032, 14.35833251 ] } },
{ "type": "Feature", "properties": { "Latitud Origen": 14.36318876, "Longitud Origen": -87.1173447, "Usuario Origen": "Sergio Ramón Rodríguez Orellana/Ecologia y Servicios S.A de C.V" }, "geometry": { "type": "Point", "coordinates": [ -87.1173447, 14.36318876 ] } },
{ "type": "Feature", "properties": { "Latitud Origen": 14.36508534, "Longitud Origen": -88.00639, "Usuario Origen": "Sergio Ramón Rodríguez Orellana/Ecologia y Servicios S.A de C.V" }, "geometry": { "type": "Point", "coordinates": [ -88.00639, 14.36508534 ] } },
{ "type": "Feature", "properties": { "Latitud Origen": 14.381889, "Longitud Origen": -87.614493, "Usuario Origen": "Sergio Ramón Rodríguez Orellana/Ecologia y Servicios S.A de C.V" }, "geometry": { "type": "Point", "coordinates": [ -87.614493, 14.381889 ] } },
{ "type": "Feature", "properties": { "Latitud Origen": 14.39002778, "Longitud Origen": -87.6156111, "Usuario Origen": "Sergio Ramón Rodríguez Orellana/Ecologia y Servicios S.A de C.V" }, "geometry": { "type": "Point", "coordinates": [ -87.6156111, 14.39002778 ] } },
{ "type": "Feature", "properties": { "Latitud Origen": 14.41763889, "Longitud Origen": -87.6207778, "Usuario Origen": "Sergio Ramón Rodríguez Orellana/Ecologia y Servicios S.A de C.V" }, "geometry": { "type": "Point", "coordinates": [ -87.6207778, 14.41763889 ] } },
{ "type": "Feature", "properties": { "Latitud Origen": 14.43213, "Longitud Origen": -87.63267, "Usuario Origen": "Sergio Ramón Rodríguez Orellana/Ecologia y Servicios S.A de C.V" }, "geometry": { "type": "Point", "coordinates": [ -87.63267, 14.43213 ] } },
{ "type": "Feature", "properties": { "Latitud Origen": 14.432797, "Longitud Origen": -87.634101, "Usuario Origen": "Sergio Ramón Rodríguez Orellana/Ecologia y Servicios S.A de C.V" }, "geometry": { "type": "Point", "coordinates": [ -87.634101, 14.432797 ] } },
{ "type": "Feature", "properties": { "Latitud Origen": 14.4400034, "Longitud Origen": -87.5563924, "Usuario Origen": "Sergio Ramón Rodríguez Orellana/Ecologia y Servicios S.A de C.V" }, "geometry": { "type": "Point", "coordinates": [ -87.5563924, 14.4400034 ] } },
{ "type": "Feature", "properties": { "Latitud Origen": 14.440927, "Longitud Origen": -87.642749, "Usuario Origen": "Sergio Ramón Rodríguez Orellana/Ecologia y Servicios S.A de C.V" }, "geometry": { "type": "Point", "coordinates": [ -87.642749, 14.440927 ] } },
{ "type": "Feature", "properties": { "Latitud Origen": 14.44103153, "Longitud Origen": -87.6427228, "Usuario Origen": "Sergio Ramón Rodríguez Orellana/Ecologia y Servicios S.A de C.V" }, "geometry": { "type": "Point", "coordinates": [ -87.6427228, 14.44103153 ] } },
{ "type": "Feature", "properties": { "Latitud Origen": 14.44699722, "Longitud Origen": -87.6334694, "Usuario Origen": "Sergio Ramón Rodríguez Orellana/Ecologia y Servicios S.A de C.V" }, "geometry": { "type": "Point", "coordinates": [ -87.6334694, 14.44699722 ] } },
{ "type": "Feature", "properties": { "Latitud Origen": 14.44736111, "Longitud Origen": -87.6459722, "Usuario Origen": "Sergio Ramón Rodríguez Orellana/Ecologia y Servicios S.A de C.V" }, "geometry": { "type": "Point", "coordinates": [ -87.6459722, 14.44736111 ] } },
{ "type": "Feature", "properties": { "Latitud Origen": 14.447754, "Longitud Origen": -87.639886, "Usuario Origen": "Sergio Ramón Rodríguez Orellana/Ecologia y Servicios S.A de C.V" }, "geometry": { "type": "Point", "coordinates": [ -87.639886, 14.447754 ] } },
{ "type": "Feature", "properties": { "Latitud Origen": 14.45591667, "Longitud Origen": -87.6440833, "Usuario Origen": "Sergio Ramón Rodríguez Orellana/Ecologia y Servicios S.A de C.V" }, "geometry": { "type": "Point", "coordinates": [ -87.6440833, 14.45591667 ] } },
{ "type": "Feature", "properties": { "Latitud Origen": 14.45680268, "Longitud Origen": -87.6143583, "Usuario Origen": "Sergio Ramón Rodríguez Orellana/Ecologia y Servicios S.A de C.V" }, "geometry": { "type": "Point", "coordinates": [ -87.6143583, 14.45680268 ] } },
{ "type": "Feature", "properties": { "Latitud Origen": 14.46119444, "Longitud Origen": -87.6455833, "Usuario Origen": "Sergio Ramón Rodríguez Orellana/Ecologia y Servicios S.A de C.V" }, "geometry": { "type": "Point", "coordinates": [ -87.6455833, 14.46119444 ] } },
{ "type": "Feature", "properties": { "Latitud Origen": 14.46349444, "Longitud Origen": -87.6424972, "Usuario Origen": "Sergio Ramón Rodríguez Orellana/Ecologia y Servicios S.A de C.V" }, "geometry": { "type": "Point", "coordinates": [ -87.6424972, 14.46349444 ] } },
{ "type": "Feature", "properties": { "Latitud Origen": 14.46413, "Longitud Origen": -87.66346, "Usuario Origen": "Sergio Ramón Rodríguez Orellana/Ecologia y Servicios S.A de C.V" }, "geometry": { "type": "Point", "coordinates": [ -87.66346, 14.46413 ] } },
{ "type": "Feature", "properties": { "Latitud Origen": 14.47339071, "Longitud Origen": -86.9994711, "Usuario Origen": "Sergio Ramón Rodríguez Orellana/Ecologia y Servicios S.A de C.V" }, "geometry": { "type": "Point", "coordinates": [ -86.9994711, 14.47339071 ] } },
{ "type": "Feature", "properties": { "Latitud Origen": 14.47475032, "Longitud Origen": -88.9263098, "Usuario Origen": "Sergio Ramón Rodríguez Orellana/Ecologia y Servicios S.A de C.V" }, "geometry": { "type": "Point", "coordinates": [ -88.9263098, 14.47475032 ] } },
{ "type": "Feature", "properties": { "Latitud Origen": 14.48180556, "Longitud Origen": -89.0297778, "Usuario Origen": "Sergio Ramón Rodríguez Orellana/Ecologia y Servicios S.A de C.V" }, "geometry": { "type": "Point", "coordinates": [ -89.0297778, 14.48180556 ] } },
{ "type": "Feature", "properties": { "Latitud Origen": 14.48355556, "Longitud Origen": -87.9748889, "Usuario Origen": "Sergio Ramón Rodríguez Orellana/Ecologia y Servicios S.A de C.V" }, "geometry": { "type": "Point", "coordinates": [ -87.9748889, 14.48355556 ] } },
{ "type": "Feature", "properties": { "Latitud Origen": 14.48541667, "Longitud Origen": -87.7185556, "Usuario Origen": "Sergio Ramón Rodríguez Orellana/Ecologia y Servicios S.A de C.V" }, "geometry": { "type": "Point", "coordinates": [ -87.7185556, 14.48541667 ] } },
{ "type": "Feature", "properties": { "Latitud Origen": 14.4856427, "Longitud Origen": -87.9927964, "Usuario Origen": "Sergio Ramón Rodríguez Orellana/Ecologia y Servicios S.A de C.V" }, "geometry": { "type": "Point", "coordinates": [ -87.9927964, 14.4856427 ] } },
{ "type": "Feature", "properties": { "Latitud Origen": 14.49061172, "Longitud Origen": -87.6595593, "Usuario Origen": "Sergio Ramón Rodríguez Orellana/Ecologia y Servicios S.A de C.V" }, "geometry": { "type": "Point", "coordinates": [ -87.6595593, 14.49061172 ] } },
{ "type": "Feature", "properties": { "Latitud Origen": 14.50471822, "Longitud Origen": -87.7797215, "Usuario Origen": "Sergio Ramón Rodríguez Orellana/Ecologia y Servicios S.A de C.V" }, "geometry": { "type": "Point", "coordinates": [ -87.7797215, 14.50471822 ] } },
{ "type": "Feature", "properties": { "Latitud Origen": 14.51060733, "Longitud Origen": -87.7395311, "Usuario Origen": "Sergio Ramón Rodríguez Orellana/Ecologia y Servicios S.A de C.V" }, "geometry": { "type": "Point", "coordinates": [ -87.7395311, 14.51060733 ] } },
{ "type": "Feature", "properties": { "Latitud Origen": 14.51446944, "Longitud Origen": -86.9604417, "Usuario Origen": "Sergio Ramón Rodríguez Orellana/Ecologia y Servicios S.A de C.V" }, "geometry": { "type": "Point", "coordinates": [ -86.9604417, 14.51446944 ] } },
{ "type": "Feature", "properties": { "Latitud Origen": 14.52441667, "Longitud Origen": -88.0898333, "Usuario Origen": "Sergio Ramón Rodríguez Orellana/Ecologia y Servicios S.A de C.V" }, "geometry": { "type": "Point", "coordinates": [ -88.0898333, 14.52441667 ] } },
{ "type": "Feature", "properties": { "Latitud Origen": 14.53044444, "Longitud Origen": -87.7908333, "Usuario Origen": "Sergio Ramón Rodríguez Orellana/Ecologia y Servicios S.A de C.V" }, "geometry": { "type": "Point", "coordinates": [ -87.7908333, 14.53044444 ] } },
{ "type": "Feature", "properties": { "Latitud Origen": 14.53336111, "Longitud Origen": -87.8016667, "Usuario Origen": "Sergio Ramón Rodríguez Orellana/Ecologia y Servicios S.A de C.V" }, "geometry": { "type": "Point", "coordinates": [ -87.8016667, 14.53336111 ] } },
{ "type": "Feature", "properties": { "Latitud Origen": 14.54527872, "Longitud Origen": -87.6514418, "Usuario Origen": "Sergio Ramón Rodríguez Orellana/Ecologia y Servicios S.A de C.V" }, "geometry": { "type": "Point", "coordinates": [ -87.6514418, 14.54527872 ] } },
{ "type": "Feature", "properties": { "Latitud Origen": 14.54649998, "Longitud Origen": -86.6737528, "Usuario Origen": "Sergio Ramón Rodríguez Orellana/Ecologia y Servicios S.A de C.V" }, "geometry": { "type": "Point", "coordinates": [ -86.6737528, 14.54649998 ] } },
{ "type": "Feature", "properties": { "Latitud Origen": 14.54861111, "Longitud Origen": -86.5938611, "Usuario Origen": "Sergio Ramón Rodríguez Orellana/Ecologia y Servicios S.A de C.V" }, "geometry": { "type": "Point", "coordinates": [ -86.5938611, 14.54861111 ] } },
{ "type": "Feature", "properties": { "Latitud Origen": 14.55052688, "Longitud Origen": -87.8249729, "Usuario Origen": "Sergio Ramón Rodríguez Orellana/Ecologia y Servicios S.A de C.V" }, "geometry": { "type": "Point", "coordinates": [ -87.8249729, 14.55052688 ] } },
{ "type": "Feature", "properties": { "Latitud Origen": 14.55191667, "Longitud Origen": -87.0788306, "Usuario Origen": "Sergio Ramón Rodríguez Orellana/Ecologia y Servicios S.A de C.V" }, "geometry": { "type": "Point", "coordinates": [ -87.0788306, 14.55191667 ] } },
{ "type": "Feature", "properties": { "Latitud Origen": 14.563235, "Longitud Origen": -88.936501, "Usuario Origen": "Sergio Ramón Rodríguez Orellana/Ecologia y Servicios S.A de C.V" }, "geometry": { "type": "Point", "coordinates": [ -88.936501, 14.563235 ] } },
{ "type": "Feature", "properties": { "Latitud Origen": 14.56794444, "Longitud Origen": -87.8972194, "Usuario Origen": "Sergio Ramón Rodríguez Orellana/Ecologia y Servicios S.A de C.V" }, "geometry": { "type": "Point", "coordinates": [ -87.8972194, 14.56794444 ] } },
{ "type": "Feature", "properties": { "Latitud Origen": 14.57077778, "Longitud Origen": -87.95125, "Usuario Origen": "Sergio Ramón Rodríguez Orellana/Ecologia y Servicios S.A de C.V" }, "geometry": { "type": "Point", "coordinates": [ -87.95125, 14.57077778 ] } },
{ "type": "Feature", "properties": { "Latitud Origen": 14.57472303, "Longitud Origen": -86.7224968, "Usuario Origen": "Sergio Ramón Rodríguez Orellana/Ecologia y Servicios S.A de C.V" }, "geometry": { "type": "Point", "coordinates": [ -86.7224968, 14.57472303 ] } },
{ "type": "Feature", "properties": { "Latitud Origen": 14.5785, "Longitud Origen": -87.8415, "Usuario Origen": "Sergio Ramón Rodríguez Orellana/Ecologia y Servicios S.A de C.V" }, "geometry": { "type": "Point", "coordinates": [ -87.8415, 14.5785 ] } },
{ "type": "Feature", "properties": { "Latitud Origen": 14.58680556, "Longitud Origen": -87.8546111, "Usuario Origen": "Sergio Ramón Rodríguez Orellana/Ecologia y Servicios S.A de C.V" }, "geometry": { "type": "Point", "coordinates": [ -87.8546111, 14.58680556 ] } },
{ "type": "Feature", "properties": { "Latitud Origen": 14.58688889, "Longitud Origen": -87.8426389, "Usuario Origen": "Sergio Ramón Rodríguez Orellana/Ecologia y Servicios S.A de C.V" }, "geometry": { "type": "Point", "coordinates": [ -87.8426389, 14.58688889 ] } },
{ "type": "Feature", "properties": { "Latitud Origen": 14.58824874, "Longitud Origen": -88.5820285, "Usuario Origen": "Sergio Ramón Rodríguez Orellana/Ecologia y Servicios S.A de C.V" }, "geometry": { "type": "Point", "coordinates": [ -88.5820285, 14.58824874 ] } },
{ "type": "Feature", "properties": { "Latitud Origen": 14.58925278, "Longitud Origen": -87.8360417, "Usuario Origen": "Sergio Ramón Rodríguez Orellana/Ecologia y Servicios S.A de C.V" }, "geometry": { "type": "Point", "coordinates": [ -87.8360417, 14.58925278 ] } },
{ "type": "Feature", "properties": { "Latitud Origen": 14.58927778, "Longitud Origen": -88.5733611, "Usuario Origen": "Sergio Ramón Rodríguez Orellana/Ecologia y Servicios S.A de C.V" }, "geometry": { "type": "Point", "coordinates": [ -88.5733611, 14.58927778 ] } },
{ "type": "Feature", "properties": { "Latitud Origen": 14.58997222, "Longitud Origen": -86.5502778, "Usuario Origen": "Sergio Ramón Rodríguez Orellana/Ecologia y Servicios S.A de C.V" }, "geometry": { "type": "Point", "coordinates": [ -86.5502778, 14.58997222 ] } },
{ "type": "Feature", "properties": { "Latitud Origen": 14.59232961, "Longitud Origen": -88.5826981, "Usuario Origen": "Sergio Ramón Rodríguez Orellana/Ecologia y Servicios S.A de C.V" }, "geometry": { "type": "Point", "coordinates": [ -88.5826981, 14.59232961 ] } },
{ "type": "Feature", "properties": { "Latitud Origen": 14.5936329, "Longitud Origen": -87.8301371, "Usuario Origen": "Sergio Ramón Rodríguez Orellana/Ecologia y Servicios S.A de C.V" }, "geometry": { "type": "Point", "coordinates": [ -87.8301371, 14.5936329 ] } },
{ "type": "Feature", "properties": { "Latitud Origen": 14.59472222, "Longitud Origen": -87.8170278, "Usuario Origen": "Sergio Ramón Rodríguez Orellana/Ecologia y Servicios S.A de C.V" }, "geometry": { "type": "Point", "coordinates": [ -87.8170278, 14.59472222 ] } },
{ "type": "Feature", "properties": { "Latitud Origen": 14.59480556, "Longitud Origen": -86.7604417, "Usuario Origen": "Sergio Ramón Rodríguez Orellana/Ecologia y Servicios S.A de C.V" }, "geometry": { "type": "Point", "coordinates": [ -86.7604417, 14.59480556 ] } },
{ "type": "Feature", "properties": { "Latitud Origen": 14.59636111, "Longitud Origen": -87.8466944, "Usuario Origen": "Sergio Ramón Rodríguez Orellana/Ecologia y Servicios S.A de C.V" }, "geometry": { "type": "Point", "coordinates": [ -87.8466944, 14.59636111 ] } },
{ "type": "Feature", "properties": { "Latitud Origen": 14.59703056, "Longitud Origen": -87.8355833, "Usuario Origen": "Sergio Ramón Rodríguez Orellana/Ecologia y Servicios S.A de C.V" }, "geometry": { "type": "Point", "coordinates": [ -87.8355833, 14.59703056 ] } },
{ "type": "Feature", "properties": { "Latitud Origen": 14.59703192, "Longitud Origen": -87.8355861, "Usuario Origen": "Sergio Ramón Rodríguez Orellana/Ecologia y Servicios S.A de C.V" }, "geometry": { "type": "Point", "coordinates": [ -87.8355861, 14.59703192 ] } },
{ "type": "Feature", "properties": { "Latitud Origen": 14.59813755, "Longitud Origen": -88.57653, "Usuario Origen": "Sergio Ramón Rodríguez Orellana/Ecologia y Servicios S.A de C.V" }, "geometry": { "type": "Point", "coordinates": [ -88.57653, 14.59813755 ] } },
{ "type": "Feature", "properties": { "Latitud Origen": 14.60027778, "Longitud Origen": -88.9075556, "Usuario Origen": "Sergio Ramón Rodríguez Orellana/Ecologia y Servicios S.A de C.V" }, "geometry": { "type": "Point", "coordinates": [ -88.9075556, 14.60027778 ] } },
{ "type": "Feature", "properties": { "Latitud Origen": 14.60086111, "Longitud Origen": -87.8683611, "Usuario Origen": "Sergio Ramón Rodríguez Orellana/Ecologia y Servicios S.A de C.V" }, "geometry": { "type": "Point", "coordinates": [ -87.8683611, 14.60086111 ] } },
{ "type": "Feature", "properties": { "Latitud Origen": 14.60202778, "Longitud Origen": -87.8311667, "Usuario Origen": "Sergio Ramón Rodríguez Orellana/Ecologia y Servicios S.A de C.V" }, "geometry": { "type": "Point", "coordinates": [ -87.8311667, 14.60202778 ] } },
{ "type": "Feature", "properties": { "Latitud Origen": 14.60602, "Longitud Origen": -88.8539, "Usuario Origen": "Sergio Ramón Rodríguez Orellana/Ecologia y Servicios S.A de C.V" }, "geometry": { "type": "Point", "coordinates": [ -88.8539, 14.60602 ] } },
{ "type": "Feature", "properties": { "Latitud Origen": 14.60988805, "Longitud Origen": -86.3757484, "Usuario Origen": "Sergio Ramón Rodríguez Orellana/Ecologia y Servicios S.A de C.V" }, "geometry": { "type": "Point", "coordinates": [ -86.3757484, 14.60988805 ] } },
{ "type": "Feature", "properties": { "Latitud Origen": 14.62388829, "Longitud Origen": -86.2602768, "Usuario Origen": "Sergio Ramón Rodríguez Orellana/Ecologia y Servicios S.A de C.V" }, "geometry": { "type": "Point", "coordinates": [ -86.2602768, 14.62388829 ] } },
{ "type": "Feature", "properties": { "Latitud Origen": 14.62411111, "Longitud Origen": -87.8874722, "Usuario Origen": "Sergio Ramón Rodríguez Orellana/Ecologia y Servicios S.A de C.V" }, "geometry": { "type": "Point", "coordinates": [ -87.8874722, 14.62411111 ] } },
{ "type": "Feature", "properties": { "Latitud Origen": 14.64725, "Longitud Origen": -87.9065556, "Usuario Origen": "Sergio Ramón Rodríguez Orellana/Ecologia y Servicios S.A de C.V" }, "geometry": { "type": "Point", "coordinates": [ -87.9065556, 14.64725 ] } },
{ "type": "Feature", "properties": { "Latitud Origen": 14.65544578, "Longitud Origen": -88.0039698, "Usuario Origen": "Sergio Ramón Rodríguez Orellana/Ecologia y Servicios S.A de C.V" }, "geometry": { "type": "Point", "coordinates": [ -88.0039698, 14.65544578 ] } },
{ "type": "Feature", "properties": { "Latitud Origen": 14.65597042, "Longitud Origen": -88.8721427, "Usuario Origen": "Sergio Ramón Rodríguez Orellana/Ecologia y Servicios S.A de C.V" }, "geometry": { "type": "Point", "coordinates": [ -88.8721427, 14.65597042 ] } },
{ "type": "Feature", "properties": { "Latitud Origen": 14.65602778, "Longitud Origen": -87.9404722, "Usuario Origen": "Sergio Ramón Rodríguez Orellana/Ecologia y Servicios S.A de C.V" }, "geometry": { "type": "Point", "coordinates": [ -87.9404722, 14.65602778 ] } },
{ "type": "Feature", "properties": { "Latitud Origen": 14.66122222, "Longitud Origen": -87.9473611, "Usuario Origen": "Sergio Ramón Rodríguez Orellana/Ecologia y Servicios S.A de C.V" }, "geometry": { "type": "Point", "coordinates": [ -87.9473611, 14.66122222 ] } },
{ "type": "Feature", "properties": { "Latitud Origen": 14.67439014, "Longitud Origen": -88.8033872, "Usuario Origen": "Sergio Ramón Rodríguez Orellana/Ecologia y Servicios S.A de C.V" }, "geometry": { "type": "Point", "coordinates": [ -88.8033872, 14.67439014 ] } },
{ "type": "Feature", "properties": { "Latitud Origen": 14.68066733, "Longitud Origen": -86.2113094, "Usuario Origen": "Sergio Ramón Rodríguez Orellana/Ecologia y Servicios S.A de C.V" }, "geometry": { "type": "Point", "coordinates": [ -86.2113094, 14.68066733 ] } },
{ "type": "Feature", "properties": { "Latitud Origen": 14.70239735, "Longitud Origen": -87.9665036, "Usuario Origen": "Sergio Ramón Rodríguez Orellana/Ecologia y Servicios S.A de C.V" }, "geometry": { "type": "Point", "coordinates": [ -87.9665036, 14.70239735 ] } },
{ "type": "Feature", "properties": { "Latitud Origen": 14.714248, "Longitud Origen": -88.107758, "Usuario Origen": "Sergio Ramón Rodríguez Orellana/Ecologia y Servicios S.A de C.V" }, "geometry": { "type": "Point", "coordinates": [ -88.107758, 14.714248 ] } },
{ "type": "Feature", "properties": { "Latitud Origen": 14.7149734, "Longitud Origen": -88.6410515, "Usuario Origen": "Sergio Ramón Rodríguez Orellana/Ecologia y Servicios S.A de C.V" }, "geometry": { "type": "Point", "coordinates": [ -88.6410515, 14.7149734 ] } },
{ "type": "Feature", "properties": { "Latitud Origen": 14.72411111, "Longitud Origen": -88.7665278, "Usuario Origen": "Sergio Ramón Rodríguez Orellana/Ecologia y Servicios S.A de C.V" }, "geometry": { "type": "Point", "coordinates": [ -88.7665278, 14.72411111 ] } },
{ "type": "Feature", "properties": { "Latitud Origen": 14.72683333, "Longitud Origen": -87.9986944, "Usuario Origen": "Sergio Ramón Rodríguez Orellana/Ecologia y Servicios S.A de C.V" }, "geometry": { "type": "Point", "coordinates": [ -87.9986944, 14.72683333 ] } },
{ "type": "Feature", "properties": { "Latitud Origen": 14.72777849, "Longitud Origen": -87.9008372, "Usuario Origen": "Sergio Ramón Rodríguez Orellana/Ecologia y Servicios S.A de C.V" }, "geometry": { "type": "Point", "coordinates": [ -87.9008372, 14.72777849 ] } },
{ "type": "Feature", "properties": { "Latitud Origen": 14.72976413, "Longitud Origen": -87.963921, "Usuario Origen": "Sergio Ramón Rodríguez Orellana/Ecologia y Servicios S.A de C.V" }, "geometry": { "type": "Point", "coordinates": [ -87.963921, 14.72976413 ] } },
{ "type": "Feature", "properties": { "Latitud Origen": 14.74597222, "Longitud Origen": -86.1011667, "Usuario Origen": "Sergio Ramón Rodríguez Orellana/Ecologia y Servicios S.A de C.V" }, "geometry": { "type": "Point", "coordinates": [ -86.1011667, 14.74597222 ] } },
{ "type": "Feature", "properties": { "Latitud Origen": 14.74613709, "Longitud Origen": -88.1907743, "Usuario Origen": "Sergio Ramón Rodríguez Orellana/Ecologia y Servicios S.A de C.V" }, "geometry": { "type": "Point", "coordinates": [ -88.1907743, 14.74613709 ] } },
{ "type": "Feature", "properties": { "Latitud Origen": 14.75311111, "Longitud Origen": -87.95725, "Usuario Origen": "Sergio Ramón Rodríguez Orellana/Ecologia y Servicios S.A de C.V" }, "geometry": { "type": "Point", "coordinates": [ -87.95725, 14.75311111 ] } },
{ "type": "Feature", "properties": { "Latitud Origen": 14.75502778, "Longitud Origen": -88.7733889, "Usuario Origen": "Sergio Ramón Rodríguez Orellana/Ecologia y Servicios S.A de C.V" }, "geometry": { "type": "Point", "coordinates": [ -88.7733889, 14.75502778 ] } },
{ "type": "Feature", "properties": { "Latitud Origen": 14.75658411, "Longitud Origen": -88.1077262, "Usuario Origen": "Sergio Ramón Rodríguez Orellana/Ecologia y Servicios S.A de C.V" }, "geometry": { "type": "Point", "coordinates": [ -88.1077262, 14.75658411 ] } },
{ "type": "Feature", "properties": { "Latitud Origen": 14.76008075, "Longitud Origen": -88.7876826, "Usuario Origen": "Sergio Ramón Rodríguez Orellana/Ecologia y Servicios S.A de C.V" }, "geometry": { "type": "Point", "coordinates": [ -88.7876826, 14.76008075 ] } },
{ "type": "Feature", "properties": { "Latitud Origen": 14.76275, "Longitud Origen": -88.7738917, "Usuario Origen": "Sergio Ramón Rodríguez Orellana/Ecologia y Servicios S.A de C.V" }, "geometry": { "type": "Point", "coordinates": [ -88.7738917, 14.76275 ] } },
{ "type": "Feature", "properties": { "Latitud Origen": 14.76383056, "Longitud Origen": -88.7825556, "Usuario Origen": "Sergio Ramón Rodríguez Orellana/Ecologia y Servicios S.A de C.V" }, "geometry": { "type": "Point", "coordinates": [ -88.7825556, 14.76383056 ] } },
{ "type": "Feature", "properties": { "Latitud Origen": 14.76447222, "Longitud Origen": -86.01725, "Usuario Origen": "Sergio Ramón Rodríguez Orellana/Ecologia y Servicios S.A de C.V" }, "geometry": { "type": "Point", "coordinates": [ -86.01725, 14.76447222 ] } },
{ "type": "Feature", "properties": { "Latitud Origen": 14.76572222, "Longitud Origen": -87.9607222, "Usuario Origen": "Sergio Ramón Rodríguez Orellana/Ecologia y Servicios S.A de C.V" }, "geometry": { "type": "Point", "coordinates": [ -87.9607222, 14.76572222 ] } },
{ "type": "Feature", "properties": { "Latitud Origen": 14.76669444, "Longitud Origen": -88.7689735, "Usuario Origen": "Sergio Ramón Rodríguez Orellana/Ecologia y Servicios S.A de C.V" }, "geometry": { "type": "Point", "coordinates": [ -88.7689735, 14.76669444 ] } },
{ "type": "Feature", "properties": { "Latitud Origen": 14.76933455, "Longitud Origen": -88.7805862, "Usuario Origen": "Sergio Ramón Rodríguez Orellana/Ecologia y Servicios S.A de C.V" }, "geometry": { "type": "Point", "coordinates": [ -88.7805862, 14.76933455 ] } },
{ "type": "Feature", "properties": { "Latitud Origen": 14.77367, "Longitud Origen": -88.78262, "Usuario Origen": "Sergio Ramón Rodríguez Orellana/Ecologia y Servicios S.A de C.V" }, "geometry": { "type": "Point", "coordinates": [ -88.78262, 14.77367 ] } },
{ "type": "Feature", "properties": { "Latitud Origen": 14.77480995, "Longitud Origen": -88.7029159, "Usuario Origen": "Sergio Ramón Rodríguez Orellana/Ecologia y Servicios S.A de C.V" }, "geometry": { "type": "Point", "coordinates": [ -88.7029159, 14.77480995 ] } },
{ "type": "Feature", "properties": { "Latitud Origen": 14.77647222, "Longitud Origen": -88.7778611, "Usuario Origen": "Sergio Ramón Rodríguez Orellana/Ecologia y Servicios S.A de C.V" }, "geometry": { "type": "Point", "coordinates": [ -88.7778611, 14.77647222 ] } },
{ "type": "Feature", "properties": { "Latitud Origen": 14.780548, "Longitud Origen": -88.784581, "Usuario Origen": "Sergio Ramón Rodríguez Orellana/Ecologia y Servicios S.A de C.V" }, "geometry": { "type": "Point", "coordinates": [ -88.784581, 14.780548 ] } },
{ "type": "Feature", "properties": { "Latitud Origen": 14.78332, "Longitud Origen": -88.7803, "Usuario Origen": "Sergio Ramón Rodríguez Orellana/Ecologia y Servicios S.A de C.V" }, "geometry": { "type": "Point", "coordinates": [ -88.7803, 14.78332 ] } },
{ "type": "Feature", "properties": { "Latitud Origen": 14.78511013, "Longitud Origen": -88.625665, "Usuario Origen": "Sergio Ramón Rodríguez Orellana/Ecologia y Servicios S.A de C.V" }, "geometry": { "type": "Point", "coordinates": [ -88.625665, 14.78511013 ] } },
{ "type": "Feature", "properties": { "Latitud Origen": 14.80358605, "Longitud Origen": -88.0147208, "Usuario Origen": "Sergio Ramón Rodríguez Orellana/Ecologia y Servicios S.A de C.V" }, "geometry": { "type": "Point", "coordinates": [ -88.0147208, 14.80358605 ] } },
{ "type": "Feature", "properties": { "Latitud Origen": 14.80408333, "Longitud Origen": -88.156, "Usuario Origen": "Sergio Ramón Rodríguez Orellana/Ecologia y Servicios S.A de C.V" }, "geometry": { "type": "Point", "coordinates": [ -88.156, 14.80408333 ] } },
{ "type": "Feature", "properties": { "Latitud Origen": 14.80763889, "Longitud Origen": -88.8048889, "Usuario Origen": "Sergio Ramón Rodríguez Orellana/Ecologia y Servicios S.A de C.V" }, "geometry": { "type": "Point", "coordinates": [ -88.8048889, 14.80763889 ] } },
{ "type": "Feature", "properties": { "Latitud Origen": 14.80838536, "Longitud Origen": -88.2027746, "Usuario Origen": "Sergio Ramón Rodríguez Orellana/Ecologia y Servicios S.A de C.V" }, "geometry": { "type": "Point", "coordinates": [ -88.2027746, 14.80838536 ] } },
{ "type": "Feature", "properties": { "Latitud Origen": 14.8265, "Longitud Origen": -89.1544167, "Usuario Origen": "Sergio Ramón Rodríguez Orellana/Ecologia y Servicios S.A de C.V" }, "geometry": { "type": "Point", "coordinates": [ -89.1544167, 14.8265 ] } },
{ "type": "Feature", "properties": { "Latitud Origen": 14.82777549, "Longitud Origen": -85.9328845, "Usuario Origen": "Sergio Ramón Rodríguez Orellana/Ecologia y Servicios S.A de C.V" }, "geometry": { "type": "Point", "coordinates": [ -85.9328845, 14.82777549 ] } },
{ "type": "Feature", "properties": { "Latitud Origen": 14.8310818, "Longitud Origen": -88.3559456, "Usuario Origen": "Sergio Ramón Rodríguez Orellana/Ecologia y Servicios S.A de C.V" }, "geometry": { "type": "Point", "coordinates": [ -88.3559456, 14.8310818 ] } },
{ "type": "Feature", "properties": { "Latitud Origen": 14.83799722, "Longitud Origen": -87.9517667, "Usuario Origen": "Sergio Ramón Rodríguez Orellana/Ecologia y Servicios S.A de C.V" }, "geometry": { "type": "Point", "coordinates": [ -87.9517667, 14.83799722 ] } },
{ "type": "Feature", "properties": { "Latitud Origen": 14.83802495, "Longitud Origen": -88.8373928, "Usuario Origen": "Sergio Ramón Rodríguez Orellana/Ecologia y Servicios S.A de C.V" }, "geometry": { "type": "Point", "coordinates": [ -88.8373928, 14.83802495 ] } },
{ "type": "Feature", "properties": { "Latitud Origen": 14.83848597, "Longitud Origen": -89.1548197, "Usuario Origen": "Sergio Ramón Rodríguez Orellana/Ecologia y Servicios S.A de C.V" }, "geometry": { "type": "Point", "coordinates": [ -89.1548197, 14.83848597 ] } },
{ "type": "Feature", "properties": { "Latitud Origen": 14.84246438, "Longitud Origen": -85.8962706, "Usuario Origen": "Sergio Ramón Rodríguez Orellana/Ecologia y Servicios S.A de C.V" }, "geometry": { "type": "Point", "coordinates": [ -85.8962706, 14.84246438 ] } },
{ "type": "Feature", "properties": { "Latitud Origen": 14.84458315, "Longitud Origen": -85.8857397, "Usuario Origen": "Sergio Ramón Rodríguez Orellana/Ecologia y Servicios S.A de C.V" }, "geometry": { "type": "Point", "coordinates": [ -85.8857397, 14.84458315 ] } },
{ "type": "Feature", "properties": { "Latitud Origen": 14.84682898, "Longitud Origen": -88.2946361, "Usuario Origen": "Sergio Ramón Rodríguez Orellana/Ecologia y Servicios S.A de C.V" }, "geometry": { "type": "Point", "coordinates": [ -88.2946361, 14.84682898 ] } },
{ "type": "Feature", "properties": { "Latitud Origen": 14.85663889, "Longitud Origen": -87.9545556, "Usuario Origen": "Sergio Ramón Rodríguez Orellana/Ecologia y Servicios S.A de C.V" }, "geometry": { "type": "Point", "coordinates": [ -87.9545556, 14.85663889 ] } },
{ "type": "Feature", "properties": { "Latitud Origen": 14.8594391, "Longitud Origen": -89.0774552, "Usuario Origen": "Sergio Ramón Rodríguez Orellana/Ecologia y Servicios S.A de C.V" }, "geometry": { "type": "Point", "coordinates": [ -89.0774552, 14.8594391 ] } },
{ "type": "Feature", "properties": { "Latitud Origen": 14.86566389, "Longitud Origen": -88.7998889, "Usuario Origen": "Sergio Ramón Rodríguez Orellana/Ecologia y Servicios S.A de C.V" }, "geometry": { "type": "Point", "coordinates": [ -88.7998889, 14.86566389 ] } },
{ "type": "Feature", "properties": { "Latitud Origen": 14.88744444, "Longitud Origen": -87.9397222, "Usuario Origen": "Sergio Ramón Rodríguez Orellana/Ecologia y Servicios S.A de C.V" }, "geometry": { "type": "Point", "coordinates": [ -87.9397222, 14.88744444 ] } },
{ "type": "Feature", "properties": { "Latitud Origen": 14.89216, "Longitud Origen": -88.29226, "Usuario Origen": "Sergio Ramón Rodríguez Orellana/Ecologia y Servicios S.A de C.V" }, "geometry": { "type": "Point", "coordinates": [ -88.29226, 14.89216 ] } },
{ "type": "Feature", "properties": { "Latitud Origen": 14.89891667, "Longitud Origen": -89.0254444, "Usuario Origen": "Sergio Ramón Rodríguez Orellana/Ecologia y Servicios S.A de C.V" }, "geometry": { "type": "Point", "coordinates": [ -89.0254444, 14.89891667 ] } },
{ "type": "Feature", "properties": { "Latitud Origen": 14.91176239, "Longitud Origen": -88.2433478, "Usuario Origen": "Sergio Ramón Rodríguez Orellana/Ecologia y Servicios S.A de C.V" }, "geometry": { "type": "Point", "coordinates": [ -88.2433478, 14.91176239 ] } },
{ "type": "Feature", "properties": { "Latitud Origen": 14.914115, "Longitud Origen": -87.00476, "Usuario Origen": "Sergio Ramón Rodríguez Orellana/Ecologia y Servicios S.A de C.V" }, "geometry": { "type": "Point", "coordinates": [ -87.00476, 14.914115 ] } },
{ "type": "Feature", "properties": { "Latitud Origen": 14.91508657, "Longitud Origen": -88.7496406, "Usuario Origen": "Sergio Ramón Rodríguez Orellana/Ecologia y Servicios S.A de C.V" }, "geometry": { "type": "Point", "coordinates": [ -88.7496406, 14.91508657 ] } },
{ "type": "Feature", "properties": { "Latitud Origen": 14.919182, "Longitud Origen": -88.23618, "Usuario Origen": "Sergio Ramón Rodríguez Orellana/Ecologia y Servicios S.A de C.V" }, "geometry": { "type": "Point", "coordinates": [ -88.23618, 14.919182 ] } },
{ "type": "Feature", "properties": { "Latitud Origen": 14.92613889, "Longitud Origen": -88.2408333, "Usuario Origen": "Sergio Ramón Rodríguez Orellana/Ecologia y Servicios S.A de C.V" }, "geometry": { "type": "Point", "coordinates": [ -88.2408333, 14.92613889 ] } },
{ "type": "Feature", "properties": { "Latitud Origen": 14.92944836, "Longitud Origen": -87.9566701, "Usuario Origen": "Sergio Ramón Rodríguez Orellana/Ecologia y Servicios S.A de C.V" }, "geometry": { "type": "Point", "coordinates": [ -87.9566701, 14.92944836 ] } },
{ "type": "Feature", "properties": { "Latitud Origen": 14.94336981, "Longitud Origen": -88.3188277, "Usuario Origen": "Sergio Ramón Rodríguez Orellana/Ecologia y Servicios S.A de C.V" }, "geometry": { "type": "Point", "coordinates": [ -88.3188277, 14.94336981 ] } },
{ "type": "Feature", "properties": { "Latitud Origen": 14.95052778, "Longitud Origen": -88.74225, "Usuario Origen": "Sergio Ramón Rodríguez Orellana/Ecologia y Servicios S.A de C.V" }, "geometry": { "type": "Point", "coordinates": [ -88.74225, 14.95052778 ] } },
{ "type": "Feature", "properties": { "Latitud Origen": 14.95741667, "Longitud Origen": -88.2317222, "Usuario Origen": "Sergio Ramón Rodríguez Orellana/Ecologia y Servicios S.A de C.V" }, "geometry": { "type": "Point", "coordinates": [ -88.2317222, 14.95741667 ] } },
{ "type": "Feature", "properties": { "Latitud Origen": 14.96288, "Longitud Origen": -88.025174, "Usuario Origen": "Sergio Ramón Rodríguez Orellana/Ecologia y Servicios S.A de C.V" }, "geometry": { "type": "Point", "coordinates": [ -88.025174, 14.96288 ] } },
{ "type": "Feature", "properties": { "Latitud Origen": 14.97235708, "Longitud Origen": -88.034444, "Usuario Origen": "Sergio Ramón Rodríguez Orellana/Ecologia y Servicios S.A de C.V" }, "geometry": { "type": "Point", "coordinates": [ -88.034444, 14.97235708 ] } },
{ "type": "Feature", "properties": { "Latitud Origen": 14.97755833, "Longitud Origen": -87.8824722, "Usuario Origen": "Sergio Ramón Rodríguez Orellana/Ecologia y Servicios S.A de C.V" }, "geometry": { "type": "Point", "coordinates": [ -87.8824722, 14.97755833 ] } },
{ "type": "Feature", "properties": { "Latitud Origen": 14.98194378, "Longitud Origen": -87.9772212, "Usuario Origen": "Sergio Ramón Rodríguez Orellana/Ecologia y Servicios S.A de C.V" }, "geometry": { "type": "Point", "coordinates": [ -87.9772212, 14.98194378 ] } },
{ "type": "Feature", "properties": { "Latitud Origen": 14.98441667, "Longitud Origen": -87.92925, "Usuario Origen": "Sergio Ramón Rodríguez Orellana/Ecologia y Servicios S.A de C.V" }, "geometry": { "type": "Point", "coordinates": [ -87.92925, 14.98441667 ] } },
{ "type": "Feature", "properties": { "Latitud Origen": 15.00599724, "Longitud Origen": -88.7564684, "Usuario Origen": "Sergio Ramón Rodríguez Orellana/Ecologia y Servicios S.A de C.V" }, "geometry": { "type": "Point", "coordinates": [ -88.7564684, 15.00599724 ] } },
{ "type": "Feature", "properties": { "Latitud Origen": 15.00963889, "Longitud Origen": -87.9281389, "Usuario Origen": "Sergio Ramón Rodríguez Orellana/Ecologia y Servicios S.A de C.V" }, "geometry": { "type": "Point", "coordinates": [ -87.9281389, 15.00963889 ] } },
{ "type": "Feature", "properties": { "Latitud Origen": 15.04139081, "Longitud Origen": -87.9866372, "Usuario Origen": "Sergio Ramón Rodríguez Orellana/Ecologia y Servicios S.A de C.V" }, "geometry": { "type": "Point", "coordinates": [ -87.9866372, 15.04139081 ] } },
{ "type": "Feature", "properties": { "Latitud Origen": 15.0439435, "Longitud Origen": -87.9323319, "Usuario Origen": "Sergio Ramón Rodríguez Orellana/Ecologia y Servicios S.A de C.V" }, "geometry": { "type": "Point", "coordinates": [ -87.9323319, 15.0439435 ] } },
{ "type": "Feature", "properties": { "Latitud Origen": 15.05785682, "Longitud Origen": -88.2515868, "Usuario Origen": "Sergio Ramón Rodríguez Orellana/Ecologia y Servicios S.A de C.V" }, "geometry": { "type": "Point", "coordinates": [ -88.2515868, 15.05785682 ] } },
{ "type": "Feature", "properties": { "Latitud Origen": 15.05919036, "Longitud Origen": -88.7520025, "Usuario Origen": "Sergio Ramón Rodríguez Orellana/Ecologia y Servicios S.A de C.V" }, "geometry": { "type": "Point", "coordinates": [ -88.7520025, 15.05919036 ] } },
{ "type": "Feature", "properties": { "Latitud Origen": 15.06138889, "Longitud Origen": -87.7911667, "Usuario Origen": "Sergio Ramón Rodríguez Orellana/Ecologia y Servicios S.A de C.V" }, "geometry": { "type": "Point", "coordinates": [ -87.7911667, 15.06138889 ] } },
{ "type": "Feature", "properties": { "Latitud Origen": 15.07063967, "Longitud Origen": -88.6811966, "Usuario Origen": "Sergio Ramón Rodríguez Orellana/Ecologia y Servicios S.A de C.V" }, "geometry": { "type": "Point", "coordinates": [ -88.6811966, 15.07063967 ] } },
{ "type": "Feature", "properties": { "Latitud Origen": 15.09183333, "Longitud Origen": -87.9253889, "Usuario Origen": "Sergio Ramón Rodríguez Orellana/Ecologia y Servicios S.A de C.V" }, "geometry": { "type": "Point", "coordinates": [ -87.9253889, 15.09183333 ] } },
{ "type": "Feature", "properties": { "Latitud Origen": 15.10916667, "Longitud Origen": -88.1914167, "Usuario Origen": "Sergio Ramón Rodríguez Orellana/Ecologia y Servicios S.A de C.V" }, "geometry": { "type": "Point", "coordinates": [ -88.1914167, 15.10916667 ] } },
{ "type": "Feature", "properties": { "Latitud Origen": 15.11683333, "Longitud Origen": -88.6358889, "Usuario Origen": "Sergio Ramón Rodríguez Orellana/Ecologia y Servicios S.A de C.V" }, "geometry": { "type": "Point", "coordinates": [ -88.6358889, 15.11683333 ] } },
{ "type": "Feature", "properties": { "Latitud Origen": 15.12077368, "Longitud Origen": -88.2345176, "Usuario Origen": "Sergio Ramón Rodríguez Orellana/Ecologia y Servicios S.A de C.V" }, "geometry": { "type": "Point", "coordinates": [ -88.2345176, 15.12077368 ] } },
{ "type": "Feature", "properties": { "Latitud Origen": 15.14944444, "Longitud Origen": -88.2395028, "Usuario Origen": "Sergio Ramón Rodríguez Orellana/Ecologia y Servicios S.A de C.V" }, "geometry": { "type": "Point", "coordinates": [ -88.2395028, 15.14944444 ] } },
{ "type": "Feature", "properties": { "Latitud Origen": 15.16185602, "Longitud Origen": -88.3498883, "Usuario Origen": "Sergio Ramón Rodríguez Orellana/Ecologia y Servicios S.A de C.V" }, "geometry": { "type": "Point", "coordinates": [ -88.3498883, 15.16185602 ] } },
{ "type": "Feature", "properties": { "Latitud Origen": 15.16419444, "Longitud Origen": -87.9520278, "Usuario Origen": "Sergio Ramón Rodríguez Orellana/Ecologia y Servicios S.A de C.V" }, "geometry": { "type": "Point", "coordinates": [ -87.9520278, 15.16419444 ] } },
{ "type": "Feature", "properties": { "Latitud Origen": 15.16491667, "Longitud Origen": -87.9409722, "Usuario Origen": "Sergio Ramón Rodríguez Orellana/Ecologia y Servicios S.A de C.V" }, "geometry": { "type": "Point", "coordinates": [ -87.9409722, 15.16491667 ] } },
{ "type": "Feature", "properties": { "Latitud Origen": 15.19766667, "Longitud Origen": -87.9634722, "Usuario Origen": "Sergio Ramón Rodríguez Orellana/Ecologia y Servicios S.A de C.V" }, "geometry": { "type": "Point", "coordinates": [ -87.9634722, 15.19766667 ] } },
{ "type": "Feature", "properties": { "Latitud Origen": 15.20744444, "Longitud Origen": -88.2767222, "Usuario Origen": "Sergio Ramón Rodríguez Orellana/Ecologia y Servicios S.A de C.V" }, "geometry": { "type": "Point", "coordinates": [ -88.2767222, 15.20744444 ] } },
{ "type": "Feature", "properties": { "Latitud Origen": 15.21534691, "Longitud Origen": -88.5981851, "Usuario Origen": "Sergio Ramón Rodríguez Orellana/Ecologia y Servicios S.A de C.V" }, "geometry": { "type": "Point", "coordinates": [ -88.5981851, 15.21534691 ] } },
{ "type": "Feature", "properties": { "Latitud Origen": 15.23005565, "Longitud Origen": -87.9613949, "Usuario Origen": "Sergio Ramón Rodríguez Orellana/Ecologia y Servicios S.A de C.V" }, "geometry": { "type": "Point", "coordinates": [ -87.9613949, 15.23005565 ] } },
{ "type": "Feature", "properties": { "Latitud Origen": 15.24058333, "Longitud Origen": -88.2748333, "Usuario Origen": "Sergio Ramón Rodríguez Orellana/Ecologia y Servicios S.A de C.V" }, "geometry": { "type": "Point", "coordinates": [ -88.2748333, 15.24058333 ] } },
{ "type": "Feature", "properties": { "Latitud Origen": 15.26972522, "Longitud Origen": -88.2838879, "Usuario Origen": "Sergio Ramón Rodríguez Orellana/Ecologia y Servicios S.A de C.V" }, "geometry": { "type": "Point", "coordinates": [ -88.2838879, 15.26972522 ] } },
{ "type": "Feature", "properties": { "Latitud Origen": 15.27447222, "Longitud Origen": -87.9729722, "Usuario Origen": "Sergio Ramón Rodríguez Orellana/Ecologia y Servicios S.A de C.V" }, "geometry": { "type": "Point", "coordinates": [ -87.9729722, 15.27447222 ] } },
{ "type": "Feature", "properties": { "Latitud Origen": 15.27873056, "Longitud Origen": -87.9603401, "Usuario Origen": "Sergio Ramón Rodríguez Orellana/Ecologia y Servicios S.A de C.V" }, "geometry": { "type": "Point", "coordinates": [ -87.9603401, 15.27873056 ] } },
{ "type": "Feature", "properties": { "Latitud Origen": 15.28633334, "Longitud Origen": -87.9732806, "Usuario Origen": "Sergio Ramón Rodríguez Orellana/Ecologia y Servicios S.A de C.V" }, "geometry": { "type": "Point", "coordinates": [ -87.9732806, 15.28633334 ] } },
{ "type": "Feature", "properties": { "Latitud Origen": 15.28930556, "Longitud Origen": -87.9776944, "Usuario Origen": "Sergio Ramón Rodríguez Orellana/Ecologia y Servicios S.A de C.V" }, "geometry": { "type": "Point", "coordinates": [ -87.9776944, 15.28930556 ] } },
{ "type": "Feature", "properties": { "Latitud Origen": 15.30133333, "Longitud Origen": -88.3570556, "Usuario Origen": "Sergio Ramón Rodríguez Orellana/Ecologia y Servicios S.A de C.V" }, "geometry": { "type": "Point", "coordinates": [ -88.3570556, 15.30133333 ] } },
{ "type": "Feature", "properties": { "Latitud Origen": 15.30169275, "Longitud Origen": -88.4176627, "Usuario Origen": "Sergio Ramón Rodríguez Orellana/Ecologia y Servicios S.A de C.V" }, "geometry": { "type": "Point", "coordinates": [ -88.4176627, 15.30169275 ] } },
{ "type": "Feature", "properties": { "Latitud Origen": 15.30936111, "Longitud Origen": -88.2545306, "Usuario Origen": "Sergio Ramón Rodríguez Orellana/Ecologia y Servicios S.A de C.V" }, "geometry": { "type": "Point", "coordinates": [ -88.2545306, 15.30936111 ] } },
{ "type": "Feature", "properties": { "Latitud Origen": 15.31286111, "Longitud Origen": -87.9921667, "Usuario Origen": "Sergio Ramón Rodríguez Orellana/Ecologia y Servicios S.A de C.V" }, "geometry": { "type": "Point", "coordinates": [ -87.9921667, 15.31286111 ] } },
{ "type": "Feature", "properties": { "Latitud Origen": 15.31491111, "Longitud Origen": -87.9964194, "Usuario Origen": "Sergio Ramón Rodríguez Orellana/Ecologia y Servicios S.A de C.V" }, "geometry": { "type": "Point", "coordinates": [ -87.9964194, 15.31491111 ] } },
{ "type": "Feature", "properties": { "Latitud Origen": 15.31744444, "Longitud Origen": -87.9918889, "Usuario Origen": "Sergio Ramón Rodríguez Orellana/Ecologia y Servicios S.A de C.V" }, "geometry": { "type": "Point", "coordinates": [ -87.9918889, 15.31744444 ] } },
{ "type": "Feature", "properties": { "Latitud Origen": 15.31933333, "Longitud Origen": -87.9858611, "Usuario Origen": "Sergio Ramón Rodríguez Orellana/Ecologia y Servicios S.A de C.V" }, "geometry": { "type": "Point", "coordinates": [ -87.9858611, 15.31933333 ] } },
{ "type": "Feature", "properties": { "Latitud Origen": 15.32069, "Longitud Origen": -87.99219, "Usuario Origen": "Sergio Ramón Rodríguez Orellana/Ecologia y Servicios S.A de C.V" }, "geometry": { "type": "Point", "coordinates": [ -87.99219, 15.32069 ] } },
{ "type": "Feature", "properties": { "Latitud Origen": 15.3247, "Longitud Origen": -88.00165, "Usuario Origen": "Sergio Ramón Rodríguez Orellana/Ecologia y Servicios S.A de C.V" }, "geometry": { "type": "Point", "coordinates": [ -88.00165, 15.3247 ] } },
{ "type": "Feature", "properties": { "Latitud Origen": 15.32891256, "Longitud Origen": -88.4864399, "Usuario Origen": "Sergio Ramón Rodríguez Orellana/Ecologia y Servicios S.A de C.V" }, "geometry": { "type": "Point", "coordinates": [ -88.4864399, 15.32891256 ] } },
{ "type": "Feature", "properties": { "Latitud Origen": 15.34111111, "Longitud Origen": -88.2889444, "Usuario Origen": "Sergio Ramón Rodríguez Orellana/Ecologia y Servicios S.A de C.V" }, "geometry": { "type": "Point", "coordinates": [ -88.2889444, 15.34111111 ] } },
{ "type": "Feature", "properties": { "Latitud Origen": 15.3438355, "Longitud Origen": -88.4040219, "Usuario Origen": "Sergio Ramón Rodríguez Orellana/Ecologia y Servicios S.A de C.V" }, "geometry": { "type": "Point", "coordinates": [ -88.4040219, 15.3438355 ] } },
{ "type": "Feature", "properties": { "Latitud Origen": 15.34995, "Longitud Origen": -88.19904, "Usuario Origen": "Sergio Ramón Rodríguez Orellana/Ecologia y Servicios S.A de C.V" }, "geometry": { "type": "Point", "coordinates": [ -88.19904, 15.34995 ] } },
{ "type": "Feature", "properties": { "Latitud Origen": 15.36777641, "Longitud Origen": -88.4327801, "Usuario Origen": "Sergio Ramón Rodríguez Orellana/Ecologia y Servicios S.A de C.V" }, "geometry": { "type": "Point", "coordinates": [ -88.4327801, 15.36777641 ] } },
{ "type": "Feature", "properties": { "Latitud Origen": 15.36802778, "Longitud Origen": -87.9859444, "Usuario Origen": "Sergio Ramón Rodríguez Orellana/Ecologia y Servicios S.A de C.V" }, "geometry": { "type": "Point", "coordinates": [ -87.9859444, 15.36802778 ] } },
{ "type": "Feature", "properties": { "Latitud Origen": 15.37596826, "Longitud Origen": -88.1846658, "Usuario Origen": "Sergio Ramón Rodríguez Orellana/Ecologia y Servicios S.A de C.V" }, "geometry": { "type": "Point", "coordinates": [ -88.1846658, 15.37596826 ] } },
{ "type": "Feature", "properties": { "Latitud Origen": 15.381314, "Longitud Origen": -87.989266, "Usuario Origen": "Sergio Ramón Rodríguez Orellana/Ecologia y Servicios S.A de C.V" }, "geometry": { "type": "Point", "coordinates": [ -87.989266, 15.381314 ] } },
{ "type": "Feature", "properties": { "Latitud Origen": 15.38566667, "Longitud Origen": -87.9833861, "Usuario Origen": "Sergio Ramón Rodríguez Orellana/Ecologia y Servicios S.A de C.V" }, "geometry": { "type": "Point", "coordinates": [ -87.9833861, 15.38566667 ] } },
{ "type": "Feature", "properties": { "Latitud Origen": 15.3885, "Longitud Origen": -88.1800556, "Usuario Origen": "Sergio Ramón Rodríguez Orellana/Ecologia y Servicios S.A de C.V" }, "geometry": { "type": "Point", "coordinates": [ -88.1800556, 15.3885 ] } },
{ "type": "Feature", "properties": { "Latitud Origen": 15.392, "Longitud Origen": -88.0230278, "Usuario Origen": "Sergio Ramón Rodríguez Orellana/Ecologia y Servicios S.A de C.V" }, "geometry": { "type": "Point", "coordinates": [ -88.0230278, 15.392 ] } },
{ "type": "Feature", "properties": { "Latitud Origen": 15.39898173, "Longitud Origen": -87.9534729, "Usuario Origen": "Sergio Ramón Rodríguez Orellana/Ecologia y Servicios S.A de C.V" }, "geometry": { "type": "Point", "coordinates": [ -87.9534729, 15.39898173 ] } },
{ "type": "Feature", "properties": { "Latitud Origen": 15.4032776, "Longitud Origen": -88.1620572, "Usuario Origen": "Sergio Ramón Rodríguez Orellana/Ecologia y Servicios S.A de C.V" }, "geometry": { "type": "Point", "coordinates": [ -88.1620572, 15.4032776 ] } },
{ "type": "Feature", "properties": { "Latitud Origen": 15.40455982, "Longitud Origen": -88.1413881, "Usuario Origen": "Sergio Ramón Rodríguez Orellana/Ecologia y Servicios S.A de C.V" }, "geometry": { "type": "Point", "coordinates": [ -88.1413881, 15.40455982 ] } },
{ "type": "Feature", "properties": { "Latitud Origen": 15.40466667, "Longitud Origen": -88.0050556, "Usuario Origen": "Sergio Ramón Rodríguez Orellana/Ecologia y Servicios S.A de C.V" }, "geometry": { "type": "Point", "coordinates": [ -88.0050556, 15.40466667 ] } },
{ "type": "Feature", "properties": { "Latitud Origen": 15.40575, "Longitud Origen": -88.01241, "Usuario Origen": "Sergio Ramón Rodríguez Orellana/Ecologia y Servicios S.A de C.V" }, "geometry": { "type": "Point", "coordinates": [ -88.01241, 15.40575 ] } },
{ "type": "Feature", "properties": { "Latitud Origen": 15.41555556, "Longitud Origen": -88.1221944, "Usuario Origen": "Sergio Ramón Rodríguez Orellana/Ecologia y Servicios S.A de C.V" }, "geometry": { "type": "Point", "coordinates": [ -88.1221944, 15.41555556 ] } },
{ "type": "Feature", "properties": { "Latitud Origen": 15.41583299, "Longitud Origen": -88.0609196, "Usuario Origen": "Sergio Ramón Rodríguez Orellana/Ecologia y Servicios S.A de C.V" }, "geometry": { "type": "Point", "coordinates": [ -88.0609196, 15.41583299 ] } },
{ "type": "Feature", "properties": { "Latitud Origen": 15.43097569, "Longitud Origen": -88.0201128, "Usuario Origen": "Sergio Ramón Rodríguez Orellana/Ecologia y Servicios S.A de C.V" }, "geometry": { "type": "Point", "coordinates": [ -88.0201128, 15.43097569 ] } },
{ "type": "Feature", "properties": { "Latitud Origen": 15.44166667, "Longitud Origen": -88.0191111, "Usuario Origen": "Sergio Ramón Rodríguez Orellana/Ecologia y Servicios S.A de C.V" }, "geometry": { "type": "Point", "coordinates": [ -88.0191111, 15.44166667 ] } },
{ "type": "Feature", "properties": { "Latitud Origen": 15.45058355, "Longitud Origen": -88.0199197, "Usuario Origen": "Sergio Ramón Rodríguez Orellana/Ecologia y Servicios S.A de C.V" }, "geometry": { "type": "Point", "coordinates": [ -88.0199197, 15.45058355 ] } },
{ "type": "Feature", "properties": { "Latitud Origen": 15.4577, "Longitud Origen": -88.0272611, "Usuario Origen": "Sergio Ramón Rodríguez Orellana/Ecologia y Servicios S.A de C.V" }, "geometry": { "type": "Point", "coordinates": [ -88.0272611, 15.4577 ] } },
{ "type": "Feature", "properties": { "Latitud Origen": 15.46941, "Longitud Origen": -88.03432, "Usuario Origen": "Sergio Ramón Rodríguez Orellana/Ecologia y Servicios S.A de C.V" }, "geometry": { "type": "Point", "coordinates": [ -88.03432, 15.46941 ] } },
{ "type": "Feature", "properties": { "Latitud Origen": 15.470933, "Longitud Origen": -88.028387, "Usuario Origen": "Sergio Ramón Rodríguez Orellana/Ecologia y Servicios S.A de C.V" }, "geometry": { "type": "Point", "coordinates": [ -88.028387, 15.470933 ] } },
{ "type": "Feature", "properties": { "Latitud Origen": 15.47788889, "Longitud Origen": -88.0118611, "Usuario Origen": "Sergio Ramón Rodríguez Orellana/Ecologia y Servicios S.A de C.V" }, "geometry": { "type": "Point", "coordinates": [ -88.0118611, 15.47788889 ] } },
{ "type": "Feature", "properties": { "Latitud Origen": 15.47944545, "Longitud Origen": -88.0300257, "Usuario Origen": "Sergio Ramón Rodríguez Orellana/Ecologia y Servicios S.A de C.V" }, "geometry": { "type": "Point", "coordinates": [ -88.0300257, 15.47944545 ] } },
{ "type": "Feature", "properties": { "Latitud Origen": 15.48157587, "Longitud Origen": -88.0209011, "Usuario Origen": "Sergio Ramón Rodríguez Orellana/Ecologia y Servicios S.A de C.V" }, "geometry": { "type": "Point", "coordinates": [ -88.0209011, 15.48157587 ] } },
{ "type": "Feature", "properties": { "Latitud Origen": 15.48394761, "Longitud Origen": -88.0083377, "Usuario Origen": "Sergio Ramón Rodríguez Orellana/Ecologia y Servicios S.A de C.V" }, "geometry": { "type": "Point", "coordinates": [ -88.0083377, 15.48394761 ] } },
{ "type": "Feature", "properties": { "Latitud Origen": 15.48480892, "Longitud Origen": -88.0215788, "Usuario Origen": "Sergio Ramón Rodríguez Orellana/Ecologia y Servicios S.A de C.V" }, "geometry": { "type": "Point", "coordinates": [ -88.0215788, 15.48480892 ] } },
{ "type": "Feature", "properties": { "Latitud Origen": 15.48659515, "Longitud Origen": -88.0340322, "Usuario Origen": "Sergio Ramón Rodríguez Orellana/Ecologia y Servicios S.A de C.V" }, "geometry": { "type": "Point", "coordinates": [ -88.0340322, 15.48659515 ] } },
{ "type": "Feature", "properties": { "Latitud Origen": 15.48659698, "Longitud Origen": -88.034033, "Usuario Origen": "Sergio Ramón Rodríguez Orellana/Ecologia y Servicios S.A de C.V" }, "geometry": { "type": "Point", "coordinates": [ -88.034033, 15.48659698 ] } },
{ "type": "Feature", "properties": { "Latitud Origen": 15.48705556, "Longitud Origen": -88.0433056, "Usuario Origen": "Sergio Ramón Rodríguez Orellana/Ecologia y Servicios S.A de C.V" }, "geometry": { "type": "Point", "coordinates": [ -88.0433056, 15.48705556 ] } },
{ "type": "Feature", "properties": { "Latitud Origen": 15.48883333, "Longitud Origen": -88.03175, "Usuario Origen": "Sergio Ramón Rodríguez Orellana/Ecologia y Servicios S.A de C.V" }, "geometry": { "type": "Point", "coordinates": [ -88.03175, 15.48883333 ] } },
{ "type": "Feature", "properties": { "Latitud Origen": 15.48925176, "Longitud Origen": -88.0088015, "Usuario Origen": "Sergio Ramón Rodríguez Orellana/Ecologia y Servicios S.A de C.V" }, "geometry": { "type": "Point", "coordinates": [ -88.0088015, 15.48925176 ] } },
{ "type": "Feature", "properties": { "Latitud Origen": 15.4911, "Longitud Origen": -88.0285, "Usuario Origen": "Sergio Ramón Rodríguez Orellana/Ecologia y Servicios S.A de C.V" }, "geometry": { "type": "Point", "coordinates": [ -88.0285, 15.4911 ] } },
{ "type": "Feature", "properties": { "Latitud Origen": 15.4911, "Longitud Origen": -88.03444, "Usuario Origen": "Sergio Ramón Rodríguez Orellana/Ecologia y Servicios S.A de C.V" }, "geometry": { "type": "Point", "coordinates": [ -88.03444, 15.4911 ] } },
{ "type": "Feature", "properties": { "Latitud Origen": 15.49192863, "Longitud Origen": -88.0242892, "Usuario Origen": "Sergio Ramón Rodríguez Orellana/Ecologia y Servicios S.A de C.V" }, "geometry": { "type": "Point", "coordinates": [ -88.0242892, 15.49192863 ] } },
{ "type": "Feature", "properties": { "Latitud Origen": 15.493476, "Longitud Origen": -88.034377, "Usuario Origen": "Sergio Ramón Rodríguez Orellana/Ecologia y Servicios S.A de C.V" }, "geometry": { "type": "Point", "coordinates": [ -88.034377, 15.493476 ] } },
{ "type": "Feature", "properties": { "Latitud Origen": 15.49530556, "Longitud Origen": -88.0390278, "Usuario Origen": "Sergio Ramón Rodríguez Orellana/Ecologia y Servicios S.A de C.V" }, "geometry": { "type": "Point", "coordinates": [ -88.0390278, 15.49530556 ] } },
{ "type": "Feature", "properties": { "Latitud Origen": 15.497, "Longitud Origen": -88.0361111, "Usuario Origen": "Sergio Ramón Rodríguez Orellana/Ecologia y Servicios S.A de C.V" }, "geometry": { "type": "Point", "coordinates": [ -88.0361111, 15.497 ] } },
{ "type": "Feature", "properties": { "Latitud Origen": 15.49700715, "Longitud Origen": -88.0324339, "Usuario Origen": "Sergio Ramón Rodríguez Orellana/Ecologia y Servicios S.A de C.V" }, "geometry": { "type": "Point", "coordinates": [ -88.0324339, 15.49700715 ] } },
{ "type": "Feature", "properties": { "Latitud Origen": 15.49771862, "Longitud Origen": -88.0368655, "Usuario Origen": "Sergio Ramón Rodríguez Orellana/Ecologia y Servicios S.A de C.V" }, "geometry": { "type": "Point", "coordinates": [ -88.0368655, 15.49771862 ] } },
{ "type": "Feature", "properties": { "Latitud Origen": 15.50016667, "Longitud Origen": -88.0449444, "Usuario Origen": "Sergio Ramón Rodríguez Orellana/Ecologia y Servicios S.A de C.V" }, "geometry": { "type": "Point", "coordinates": [ -88.0449444, 15.50016667 ] } },
{ "type": "Feature", "properties": { "Latitud Origen": 15.50163889, "Longitud Origen": -88.0384167, "Usuario Origen": "Sergio Ramón Rodríguez Orellana/Ecologia y Servicios S.A de C.V" }, "geometry": { "type": "Point", "coordinates": [ -88.0384167, 15.50163889 ] } },
{ "type": "Feature", "properties": { "Latitud Origen": 15.50327778, "Longitud Origen": -88.0355556, "Usuario Origen": "Sergio Ramón Rodríguez Orellana/Ecologia y Servicios S.A de C.V" }, "geometry": { "type": "Point", "coordinates": [ -88.0355556, 15.50327778 ] } },
{ "type": "Feature", "properties": { "Latitud Origen": 15.5035821, "Longitud Origen": -88.0413882, "Usuario Origen": "Sergio Ramón Rodríguez Orellana/Ecologia y Servicios S.A de C.V" }, "geometry": { "type": "Point", "coordinates": [ -88.0413882, 15.5035821 ] } },
{ "type": "Feature", "properties": { "Latitud Origen": 15.503611, "Longitud Origen": -88.004917, "Usuario Origen": "Sergio Ramón Rodríguez Orellana/Ecologia y Servicios S.A de C.V" }, "geometry": { "type": "Point", "coordinates": [ -88.004917, 15.503611 ] } },
{ "type": "Feature", "properties": { "Latitud Origen": 15.50530556, "Longitud Origen": -88.0188889, "Usuario Origen": "Sergio Ramón Rodríguez Orellana/Ecologia y Servicios S.A de C.V" }, "geometry": { "type": "Point", "coordinates": [ -88.0188889, 15.50530556 ] } },
{ "type": "Feature", "properties": { "Latitud Origen": 15.50652778, "Longitud Origen": -87.9911389, "Usuario Origen": "Sergio Ramón Rodríguez Orellana/Ecologia y Servicios S.A de C.V" }, "geometry": { "type": "Point", "coordinates": [ -87.9911389, 15.50652778 ] } },
{ "type": "Feature", "properties": { "Latitud Origen": 15.50813889, "Longitud Origen": -88.0011111, "Usuario Origen": "Sergio Ramón Rodríguez Orellana/Ecologia y Servicios S.A de C.V" }, "geometry": { "type": "Point", "coordinates": [ -88.0011111, 15.50813889 ] } },
{ "type": "Feature", "properties": { "Latitud Origen": 15.508383, "Longitud Origen": -88.036067, "Usuario Origen": "Sergio Ramón Rodríguez Orellana/Ecologia y Servicios S.A de C.V" }, "geometry": { "type": "Point", "coordinates": [ -88.036067, 15.508383 ] } },
{ "type": "Feature", "properties": { "Latitud Origen": 15.51205, "Longitud Origen": -88.03062, "Usuario Origen": "Sergio Ramón Rodríguez Orellana/Ecologia y Servicios S.A de C.V" }, "geometry": { "type": "Point", "coordinates": [ -88.03062, 15.51205 ] } },
{ "type": "Feature", "properties": { "Latitud Origen": 15.67511111, "Longitud Origen": -87.9407222, "Usuario Origen": "Sergio Ramón Rodríguez Orellana/Ecologia y Servicios S.A de C.V" }, "geometry": { "type": "Point", "coordinates": [ -87.9407222, 15.67511111 ] } },
{ "type": "Feature", "properties": { "Latitud Origen": 15.77327872, "Longitud Origen": -86.7826379, "Usuario Origen": "Sergio Ramón Rodríguez Orellana/Ecologia y Servicios S.A de C.V" }, "geometry": { "type": "Point", "coordinates": [ -86.7826379, 15.77327872 ] } },
{ "type": "Feature", "properties": { "Latitud Origen": 15.78461111, "Longitud Origen": -86.7912778, "Usuario Origen": "Sergio Ramón Rodríguez Orellana/Ecologia y Servicios S.A de C.V" }, "geometry": { "type": "Point", "coordinates": [ -86.7912778, 15.78461111 ] } },
{ "type": "Feature", "properties": { "Latitud Origen": 16.31783333, "Longitud Origen": -86.5269722, "Usuario Origen": "Sergio Ramón Rodríguez Orellana/Ecologia y Servicios S.A de C.V" }, "geometry": { "type": "Point", "coordinates": [ -86.5269722, 16.31783333 ] } },
{ "type": "Feature", "properties": { "Latitud Origen": 16.40902778, "Longitud Origen": -86.365, "Usuario Origen": "Sergio Ramón Rodríguez Orellana/Ecologia y Servicios S.A de C.V" }, "geometry": { "type": "Point", "coordinates": [ -86.365, 16.40902778 ] } },
{ "type": "Feature", "properties": { "Latitud Origen": 16.49597222, "Longitud Origen": -85.8441111, "Usuario Origen": "Sergio Ramón Rodríguez Orellana/Ecologia y Servicios S.A de C.V" }, "geometry": { "type": "Point", "coordinates": [ -85.8441111, 16.49597222 ] } }
]
}
