{
"type": "FeatureCollection",
"name": "imp_EJE_RDC",
"crs": { "type": "name", "properties": { "name": "urn:ogc:def:crs:OGC:1.3:CRS84" } },
"features": [
{ "type": "Feature", "properties": { "Latitud Origen": 13.4183, "Longitud Origen": -87.4483861, "Usuario Origen": "Roberto David Castillo Mejía/STANDARD FRUIT DE HONDURAS S.A./RAFAEL HASBUM" }, "geometry": { "type": "Point", "coordinates": [ -87.4483861, 13.4183 ] } },
{ "type": "Feature", "properties": { "Latitud Origen": 13.42508333, "Longitud Origen": -87.5444722, "Usuario Origen": "Roberto David Castillo Mejía/STANDARD FRUIT DE HONDURAS S.A./RAFAEL HASBUM" }, "geometry": { "type": "Point", "coordinates": [ -87.5444722, 13.42508333 ] } },
{ "type": "Feature", "properties": { "Latitud Origen": 13.43661071, "Longitud Origen": -87.4384691, "Usuario Origen": "Roberto David Castillo Mejía/STANDARD FRUIT DE HONDURAS S.A./RAFAEL HASBUM" }, "geometry": { "type": "Point", "coordinates": [ -87.4384691, 13.43661071 ] } },
{ "type": "Feature", "properties": { "Latitud Origen": 13.437136, "Longitud Origen": -87.438537, "Usuario Origen": "Roberto David Castillo Mejía/STANDARD FRUIT DE HONDURAS S.A./RAFAEL HASBUM" }, "geometry": { "type": "Point", "coordinates": [ -87.438537, 13.437136 ] } },
{ "type": "Feature", "properties": { "Latitud Origen": 13.47107, "Longitud Origen": -87.55991, "Usuario Origen": "Roberto David Castillo Mejía/STANDARD FRUIT DE HONDURAS S.A./RAFAEL HASBUM" }, "geometry": { "type": "Point", "coordinates": [ -87.55991, 13.47107 ] } },
{ "type": "Feature", "properties": { "Latitud Origen": 13.47888889, "Longitud Origen": -87.5194444, "Usuario Origen": "Roberto David Castillo Mejía/STANDARD FRUIT DE HONDURAS S.A./RAFAEL HASBUM" }, "geometry": { "type": "Point", "coordinates": [ -87.5194444, 13.47888889 ] } },
{ "type": "Feature", "properties": { "Latitud Origen": 13.49444444, "Longitud Origen": -87.4295556, "Usuario Origen": "Roberto David Castillo Mejía/STANDARD FRUIT DE HONDURAS S.A./RAFAEL HASBUM" }, "geometry": { "type": "Point", "coordinates": [ -87.4295556, 13.49444444 ] } },
{ "type": "Feature", "properties": { "Latitud Origen": 13.53086111, "Longitud Origen": -87.4885556, "Usuario Origen": "Roberto David Castillo Mejía/STANDARD FRUIT DE HONDURAS S.A./RAFAEL HASBUM" }, "geometry": { "type": "Point", "coordinates": [ -87.4885556, 13.53086111 ] } },
{ "type": "Feature", "properties": { "Latitud Origen": 13.532, "Longitud Origen": -87.4341389, "Usuario Origen": "Roberto David Castillo Mejía/STANDARD FRUIT DE HONDURAS S.A./RAFAEL HASBUM" }, "geometry": { "type": "Point", "coordinates": [ -87.4341389, 13.532 ] } },
{ "type": "Feature", "properties": { "Latitud Origen": 13.53466663, "Longitud Origen": -87.3824129, "Usuario Origen": "Roberto David Castillo Mejía/STANDARD FRUIT DE HONDURAS S.A./RAFAEL HASBUM" }, "geometry": { "type": "Point", "coordinates": [ -87.3824129, 13.53466663 ] } },
{ "type": "Feature", "properties": { "Latitud Origen": 13.53586111, "Longitud Origen": -87.6050278, "Usuario Origen": "Roberto David Castillo Mejía/STANDARD FRUIT DE HONDURAS S.A./RAFAEL HASBUM" }, "geometry": { "type": "Point", "coordinates": [ -87.6050278, 13.53586111 ] } },
{ "type": "Feature", "properties": { "Latitud Origen": 13.53705, "Longitud Origen": -87.48554, "Usuario Origen": "Roberto David Castillo Mejía/STANDARD FRUIT DE HONDURAS S.A./RAFAEL HASBUM" }, "geometry": { "type": "Point", "coordinates": [ -87.48554, 13.53705 ] } },
{ "type": "Feature", "properties": { "Latitud Origen": 13.53727553, "Longitud Origen": -87.5110237, "Usuario Origen": "Roberto David Castillo Mejía/STANDARD FRUIT DE HONDURAS S.A./RAFAEL HASBUM" }, "geometry": { "type": "Point", "coordinates": [ -87.5110237, 13.53727553 ] } },
{ "type": "Feature", "properties": { "Latitud Origen": 13.54202778, "Longitud Origen": -87.4830833, "Usuario Origen": "Roberto David Castillo Mejía/STANDARD FRUIT DE HONDURAS S.A./RAFAEL HASBUM" }, "geometry": { "type": "Point", "coordinates": [ -87.4830833, 13.54202778 ] } },
{ "type": "Feature", "properties": { "Latitud Origen": 13.56094444, "Longitud Origen": -87.4006389, "Usuario Origen": "Roberto David Castillo Mejía/STANDARD FRUIT DE HONDURAS S.A./RAFAEL HASBUM" }, "geometry": { "type": "Point", "coordinates": [ -87.4006389, 13.56094444 ] } },
{ "type": "Feature", "properties": { "Latitud Origen": 13.58646776, "Longitud Origen": -87.3594422, "Usuario Origen": "Roberto David Castillo Mejía/STANDARD FRUIT DE HONDURAS S.A./RAFAEL HASBUM" }, "geometry": { "type": "Point", "coordinates": [ -87.3594422, 13.58646776 ] } },
{ "type": "Feature", "properties": { "Latitud Origen": 13.65252778, "Longitud Origen": -87.3601944, "Usuario Origen": "Roberto David Castillo Mejía/STANDARD FRUIT DE HONDURAS S.A./RAFAEL HASBUM" }, "geometry": { "type": "Point", "coordinates": [ -87.3601944, 13.65252778 ] } },
{ "type": "Feature", "properties": { "Latitud Origen": 13.67740636, "Longitud Origen": -87.3243659, "Usuario Origen": "Roberto David Castillo Mejía/STANDARD FRUIT DE HONDURAS S.A./RAFAEL HASBUM" }, "geometry": { "type": "Point", "coordinates": [ -87.3243659, 13.67740636 ] } },
{ "type": "Feature", "properties": { "Latitud Origen": 13.68736111, "Longitud Origen": -87.3564167, "Usuario Origen": "Roberto David Castillo Mejía/STANDARD FRUIT DE HONDURAS S.A./RAFAEL HASBUM" }, "geometry": { "type": "Point", "coordinates": [ -87.3564167, 13.68736111 ] } },
{ "type": "Feature", "properties": { "Latitud Origen": 13.77216815, "Longitud Origen": -87.3096299, "Usuario Origen": "Roberto David Castillo Mejía/STANDARD FRUIT DE HONDURAS S.A./RAFAEL HASBUM" }, "geometry": { "type": "Point", "coordinates": [ -87.3096299, 13.77216815 ] } },
{ "type": "Feature", "properties": { "Latitud Origen": 13.78491667, "Longitud Origen": -87.3108306, "Usuario Origen": "Roberto David Castillo Mejía/STANDARD FRUIT DE HONDURAS S.A./RAFAEL HASBUM" }, "geometry": { "type": "Point", "coordinates": [ -87.3108306, 13.78491667 ] } },
{ "type": "Feature", "properties": { "Latitud Origen": 13.79308056, "Longitud Origen": -87.3114417, "Usuario Origen": "Roberto David Castillo Mejía/STANDARD FRUIT DE HONDURAS S.A./RAFAEL HASBUM" }, "geometry": { "type": "Point", "coordinates": [ -87.3114417, 13.79308056 ] } },
{ "type": "Feature", "properties": { "Latitud Origen": 13.80585897, "Longitud Origen": -87.2712221, "Usuario Origen": "Roberto David Castillo Mejía/STANDARD FRUIT DE HONDURAS S.A./RAFAEL HASBUM" }, "geometry": { "type": "Point", "coordinates": [ -87.2712221, 13.80585897 ] } },
{ "type": "Feature", "properties": { "Latitud Origen": 13.90305164, "Longitud Origen": -87.2363838, "Usuario Origen": "Roberto David Castillo Mejía/STANDARD FRUIT DE HONDURAS S.A./RAFAEL HASBUM" }, "geometry": { "type": "Point", "coordinates": [ -87.2363838, 13.90305164 ] } },
{ "type": "Feature", "properties": { "Latitud Origen": 13.92983056, "Longitud Origen": -87.2404972, "Usuario Origen": "Roberto David Castillo Mejía/STANDARD FRUIT DE HONDURAS S.A./RAFAEL HASBUM" }, "geometry": { "type": "Point", "coordinates": [ -87.2404972, 13.92983056 ] } },
{ "type": "Feature", "properties": { "Latitud Origen": 13.93458014, "Longitud Origen": -87.2765287, "Usuario Origen": "Roberto David Castillo Mejía/STANDARD FRUIT DE HONDURAS S.A./RAFAEL HASBUM" }, "geometry": { "type": "Point", "coordinates": [ -87.2765287, 13.93458014 ] } },
{ "type": "Feature", "properties": { "Latitud Origen": 13.94736103, "Longitud Origen": -87.2472797, "Usuario Origen": "Roberto David Castillo Mejía/STANDARD FRUIT DE HONDURAS S.A./RAFAEL HASBUM" }, "geometry": { "type": "Point", "coordinates": [ -87.2472797, 13.94736103 ] } },
{ "type": "Feature", "properties": { "Latitud Origen": 13.94736462, "Longitud Origen": -87.2472791, "Usuario Origen": "Roberto David Castillo Mejía/STANDARD FRUIT DE HONDURAS S.A./RAFAEL HASBUM" }, "geometry": { "type": "Point", "coordinates": [ -87.2472791, 13.94736462 ] } },
{ "type": "Feature", "properties": { "Latitud Origen": 13.95727778, "Longitud Origen": -87.2080278, "Usuario Origen": "Roberto David Castillo Mejía/STANDARD FRUIT DE HONDURAS S.A./RAFAEL HASBUM" }, "geometry": { "type": "Point", "coordinates": [ -87.2080278, 13.95727778 ] } },
{ "type": "Feature", "properties": { "Latitud Origen": 13.97827495, "Longitud Origen": -87.2029146, "Usuario Origen": "Roberto David Castillo Mejía/STANDARD FRUIT DE HONDURAS S.A./RAFAEL HASBUM" }, "geometry": { "type": "Point", "coordinates": [ -87.2029146, 13.97827495 ] } },
{ "type": "Feature", "properties": { "Latitud Origen": 14.00494583, "Longitud Origen": -87.2030126, "Usuario Origen": "Roberto David Castillo Mejía/STANDARD FRUIT DE HONDURAS S.A./RAFAEL HASBUM" }, "geometry": { "type": "Point", "coordinates": [ -87.2030126, 14.00494583 ] } },
{ "type": "Feature", "properties": { "Latitud Origen": 14.00494863, "Longitud Origen": -87.203012, "Usuario Origen": "Roberto David Castillo Mejía/STANDARD FRUIT DE HONDURAS S.A./RAFAEL HASBUM" }, "geometry": { "type": "Point", "coordinates": [ -87.203012, 14.00494863 ] } },
{ "type": "Feature", "properties": { "Latitud Origen": 14.0143653, "Longitud Origen": -87.1867773, "Usuario Origen": "Roberto David Castillo Mejía/STANDARD FRUIT DE HONDURAS S.A./RAFAEL HASBUM" }, "geometry": { "type": "Point", "coordinates": [ -87.1867773, 14.0143653 ] } },
{ "type": "Feature", "properties": { "Latitud Origen": 14.02283495, "Longitud Origen": -87.2119645, "Usuario Origen": "Roberto David Castillo Mejía/STANDARD FRUIT DE HONDURAS S.A./RAFAEL HASBUM" }, "geometry": { "type": "Point", "coordinates": [ -87.2119645, 14.02283495 ] } },
{ "type": "Feature", "properties": { "Latitud Origen": 14.04055556, "Longitud Origen": -87.2245833, "Usuario Origen": "Roberto David Castillo Mejía/STANDARD FRUIT DE HONDURAS S.A./RAFAEL HASBUM" }, "geometry": { "type": "Point", "coordinates": [ -87.2245833, 14.04055556 ] } },
{ "type": "Feature", "properties": { "Latitud Origen": 14.04177307, "Longitud Origen": -87.2172611, "Usuario Origen": "Roberto David Castillo Mejía/STANDARD FRUIT DE HONDURAS S.A./RAFAEL HASBUM" }, "geometry": { "type": "Point", "coordinates": [ -87.2172611, 14.04177307 ] } },
{ "type": "Feature", "properties": { "Latitud Origen": 14.04255539, "Longitud Origen": -87.2119456, "Usuario Origen": "Roberto David Castillo Mejía/STANDARD FRUIT DE HONDURAS S.A./RAFAEL HASBUM" }, "geometry": { "type": "Point", "coordinates": [ -87.2119456, 14.04255539 ] } },
{ "type": "Feature", "properties": { "Latitud Origen": 14.04314637, "Longitud Origen": -87.186004, "Usuario Origen": "Roberto David Castillo Mejía/STANDARD FRUIT DE HONDURAS S.A./RAFAEL HASBUM" }, "geometry": { "type": "Point", "coordinates": [ -87.186004, 14.04314637 ] } },
{ "type": "Feature", "properties": { "Latitud Origen": 14.04763889, "Longitud Origen": -87.0812194, "Usuario Origen": "Roberto David Castillo Mejía/STANDARD FRUIT DE HONDURAS S.A./RAFAEL HASBUM" }, "geometry": { "type": "Point", "coordinates": [ -87.0812194, 14.04763889 ] } },
{ "type": "Feature", "properties": { "Latitud Origen": 14.04860414, "Longitud Origen": -87.2586961, "Usuario Origen": "Roberto David Castillo Mejía/STANDARD FRUIT DE HONDURAS S.A./RAFAEL HASBUM" }, "geometry": { "type": "Point", "coordinates": [ -87.2586961, 14.04860414 ] } },
{ "type": "Feature", "properties": { "Latitud Origen": 14.04869243, "Longitud Origen": -87.1691147, "Usuario Origen": "Roberto David Castillo Mejía/STANDARD FRUIT DE HONDURAS S.A./RAFAEL HASBUM" }, "geometry": { "type": "Point", "coordinates": [ -87.1691147, 14.04869243 ] } },
{ "type": "Feature", "properties": { "Latitud Origen": 14.04875833, "Longitud Origen": -87.2197861, "Usuario Origen": "Roberto David Castillo Mejía/STANDARD FRUIT DE HONDURAS S.A./RAFAEL HASBUM" }, "geometry": { "type": "Point", "coordinates": [ -87.2197861, 14.04875833 ] } },
{ "type": "Feature", "properties": { "Latitud Origen": 14.0491, "Longitud Origen": -87.19848, "Usuario Origen": "Roberto David Castillo Mejía/STANDARD FRUIT DE HONDURAS S.A./RAFAEL HASBUM" }, "geometry": { "type": "Point", "coordinates": [ -87.19848, 14.0491 ] } },
{ "type": "Feature", "properties": { "Latitud Origen": 14.04922222, "Longitud Origen": -87.2179806, "Usuario Origen": "Roberto David Castillo Mejía/STANDARD FRUIT DE HONDURAS S.A./RAFAEL HASBUM" }, "geometry": { "type": "Point", "coordinates": [ -87.2179806, 14.04922222 ] } },
{ "type": "Feature", "properties": { "Latitud Origen": 14.0504483, "Longitud Origen": -87.1910577, "Usuario Origen": "Roberto David Castillo Mejía/STANDARD FRUIT DE HONDURAS S.A./RAFAEL HASBUM" }, "geometry": { "type": "Point", "coordinates": [ -87.1910577, 14.0504483 ] } },
{ "type": "Feature", "properties": { "Latitud Origen": 14.05076, "Longitud Origen": -87.182239, "Usuario Origen": "Roberto David Castillo Mejía/STANDARD FRUIT DE HONDURAS S.A./RAFAEL HASBUM" }, "geometry": { "type": "Point", "coordinates": [ -87.182239, 14.05076 ] } },
{ "type": "Feature", "properties": { "Latitud Origen": 14.05147801, "Longitud Origen": -87.2334696, "Usuario Origen": "Roberto David Castillo Mejía/STANDARD FRUIT DE HONDURAS S.A./RAFAEL HASBUM" }, "geometry": { "type": "Point", "coordinates": [ -87.2334696, 14.05147801 ] } },
{ "type": "Feature", "properties": { "Latitud Origen": 14.05153562, "Longitud Origen": -87.1994223, "Usuario Origen": "Roberto David Castillo Mejía/STANDARD FRUIT DE HONDURAS S.A./RAFAEL HASBUM" }, "geometry": { "type": "Point", "coordinates": [ -87.1994223, 14.05153562 ] } },
{ "type": "Feature", "properties": { "Latitud Origen": 14.05258334, "Longitud Origen": -87.1775833, "Usuario Origen": "Roberto David Castillo Mejía/STANDARD FRUIT DE HONDURAS S.A./RAFAEL HASBUM" }, "geometry": { "type": "Point", "coordinates": [ -87.1775833, 14.05258334 ] } },
{ "type": "Feature", "properties": { "Latitud Origen": 14.053321, "Longitud Origen": -87.222129, "Usuario Origen": "Roberto David Castillo Mejía/STANDARD FRUIT DE HONDURAS S.A./RAFAEL HASBUM" }, "geometry": { "type": "Point", "coordinates": [ -87.222129, 14.053321 ] } },
{ "type": "Feature", "properties": { "Latitud Origen": 14.05718999, "Longitud Origen": -87.2240379, "Usuario Origen": "Roberto David Castillo Mejía/STANDARD FRUIT DE HONDURAS S.A./RAFAEL HASBUM" }, "geometry": { "type": "Point", "coordinates": [ -87.2240379, 14.05718999 ] } },
{ "type": "Feature", "properties": { "Latitud Origen": 14.05719237, "Longitud Origen": -87.2240371, "Usuario Origen": "Roberto David Castillo Mejía/STANDARD FRUIT DE HONDURAS S.A./RAFAEL HASBUM" }, "geometry": { "type": "Point", "coordinates": [ -87.2240371, 14.05719237 ] } },
{ "type": "Feature", "properties": { "Latitud Origen": 14.057208, "Longitud Origen": -87.256688, "Usuario Origen": "Roberto David Castillo Mejía/STANDARD FRUIT DE HONDURAS S.A./RAFAEL HASBUM" }, "geometry": { "type": "Point", "coordinates": [ -87.256688, 14.057208 ] } },
{ "type": "Feature", "properties": { "Latitud Origen": 14.05892, "Longitud Origen": -87.17635, "Usuario Origen": "Roberto David Castillo Mejía/STANDARD FRUIT DE HONDURAS S.A./RAFAEL HASBUM" }, "geometry": { "type": "Point", "coordinates": [ -87.17635, 14.05892 ] } },
{ "type": "Feature", "properties": { "Latitud Origen": 14.05988611, "Longitud Origen": -87.2114639, "Usuario Origen": "Roberto David Castillo Mejía/STANDARD FRUIT DE HONDURAS S.A./RAFAEL HASBUM" }, "geometry": { "type": "Point", "coordinates": [ -87.2114639, 14.05988611 ] } },
{ "type": "Feature", "properties": { "Latitud Origen": 14.06006111, "Longitud Origen": -87.2195472, "Usuario Origen": "Roberto David Castillo Mejía/STANDARD FRUIT DE HONDURAS S.A./RAFAEL HASBUM" }, "geometry": { "type": "Point", "coordinates": [ -87.2195472, 14.06006111 ] } },
{ "type": "Feature", "properties": { "Latitud Origen": 14.06006277, "Longitud Origen": -87.2195476, "Usuario Origen": "Roberto David Castillo Mejía/STANDARD FRUIT DE HONDURAS S.A./RAFAEL HASBUM" }, "geometry": { "type": "Point", "coordinates": [ -87.2195476, 14.06006277 ] } },
{ "type": "Feature", "properties": { "Latitud Origen": 14.06025394, "Longitud Origen": -87.1604165, "Usuario Origen": "Roberto David Castillo Mejía/STANDARD FRUIT DE HONDURAS S.A./RAFAEL HASBUM" }, "geometry": { "type": "Point", "coordinates": [ -87.1604165, 14.06025394 ] } },
{ "type": "Feature", "properties": { "Latitud Origen": 14.06211111, "Longitud Origen": -87.2233333, "Usuario Origen": "Roberto David Castillo Mejía/STANDARD FRUIT DE HONDURAS S.A./RAFAEL HASBUM" }, "geometry": { "type": "Point", "coordinates": [ -87.2233333, 14.06211111 ] } },
{ "type": "Feature", "properties": { "Latitud Origen": 14.062315, "Longitud Origen": -87.220803, "Usuario Origen": "Roberto David Castillo Mejía/STANDARD FRUIT DE HONDURAS S.A./RAFAEL HASBUM" }, "geometry": { "type": "Point", "coordinates": [ -87.220803, 14.062315 ] } },
{ "type": "Feature", "properties": { "Latitud Origen": 14.0628045, "Longitud Origen": -87.1846954, "Usuario Origen": "Roberto David Castillo Mejía/STANDARD FRUIT DE HONDURAS S.A./RAFAEL HASBUM" }, "geometry": { "type": "Point", "coordinates": [ -87.1846954, 14.0628045 ] } },
{ "type": "Feature", "properties": { "Latitud Origen": 14.06322222, "Longitud Origen": -87.2001111, "Usuario Origen": "Roberto David Castillo Mejía/STANDARD FRUIT DE HONDURAS S.A./RAFAEL HASBUM" }, "geometry": { "type": "Point", "coordinates": [ -87.2001111, 14.06322222 ] } },
{ "type": "Feature", "properties": { "Latitud Origen": 14.06356896, "Longitud Origen": -87.1781196, "Usuario Origen": "Roberto David Castillo Mejía/STANDARD FRUIT DE HONDURAS S.A./RAFAEL HASBUM" }, "geometry": { "type": "Point", "coordinates": [ -87.1781196, 14.06356896 ] } },
{ "type": "Feature", "properties": { "Latitud Origen": 14.06419722, "Longitud Origen": -87.1941, "Usuario Origen": "Roberto David Castillo Mejía/STANDARD FRUIT DE HONDURAS S.A./RAFAEL HASBUM" }, "geometry": { "type": "Point", "coordinates": [ -87.1941, 14.06419722 ] } },
{ "type": "Feature", "properties": { "Latitud Origen": 14.06433086, "Longitud Origen": -87.1748597, "Usuario Origen": "Roberto David Castillo Mejía/STANDARD FRUIT DE HONDURAS S.A./RAFAEL HASBUM" }, "geometry": { "type": "Point", "coordinates": [ -87.1748597, 14.06433086 ] } },
{ "type": "Feature", "properties": { "Latitud Origen": 14.06477387, "Longitud Origen": -87.2289907, "Usuario Origen": "Roberto David Castillo Mejía/STANDARD FRUIT DE HONDURAS S.A./RAFAEL HASBUM" }, "geometry": { "type": "Point", "coordinates": [ -87.2289907, 14.06477387 ] } },
{ "type": "Feature", "properties": { "Latitud Origen": 14.06626389, "Longitud Origen": -87.2193306, "Usuario Origen": "Roberto David Castillo Mejía/STANDARD FRUIT DE HONDURAS S.A./RAFAEL HASBUM" }, "geometry": { "type": "Point", "coordinates": [ -87.2193306, 14.06626389 ] } },
{ "type": "Feature", "properties": { "Latitud Origen": 14.06640556, "Longitud Origen": -87.1715417, "Usuario Origen": "Roberto David Castillo Mejía/STANDARD FRUIT DE HONDURAS S.A./RAFAEL HASBUM" }, "geometry": { "type": "Point", "coordinates": [ -87.1715417, 14.06640556 ] } },
{ "type": "Feature", "properties": { "Latitud Origen": 14.06838698, "Longitud Origen": -87.2132199, "Usuario Origen": "Roberto David Castillo Mejía/STANDARD FRUIT DE HONDURAS S.A./RAFAEL HASBUM" }, "geometry": { "type": "Point", "coordinates": [ -87.2132199, 14.06838698 ] } },
{ "type": "Feature", "properties": { "Latitud Origen": 14.07041543, "Longitud Origen": -87.2730317, "Usuario Origen": "Roberto David Castillo Mejía/STANDARD FRUIT DE HONDURAS S.A./RAFAEL HASBUM" }, "geometry": { "type": "Point", "coordinates": [ -87.2730317, 14.07041543 ] } },
{ "type": "Feature", "properties": { "Latitud Origen": 14.07101, "Longitud Origen": -87.15902, "Usuario Origen": "Roberto David Castillo Mejía/STANDARD FRUIT DE HONDURAS S.A./RAFAEL HASBUM" }, "geometry": { "type": "Point", "coordinates": [ -87.15902, 14.07101 ] } },
{ "type": "Feature", "properties": { "Latitud Origen": 14.07120981, "Longitud Origen": -87.1894262, "Usuario Origen": "Roberto David Castillo Mejía/STANDARD FRUIT DE HONDURAS S.A./RAFAEL HASBUM" }, "geometry": { "type": "Point", "coordinates": [ -87.1894262, 14.07120981 ] } },
{ "type": "Feature", "properties": { "Latitud Origen": 14.07122222, "Longitud Origen": -87.2078889, "Usuario Origen": "Roberto David Castillo Mejía/STANDARD FRUIT DE HONDURAS S.A./RAFAEL HASBUM" }, "geometry": { "type": "Point", "coordinates": [ -87.2078889, 14.07122222 ] } },
{ "type": "Feature", "properties": { "Latitud Origen": 14.071972, "Longitud Origen": -87.161725, "Usuario Origen": "Roberto David Castillo Mejía/STANDARD FRUIT DE HONDURAS S.A./RAFAEL HASBUM" }, "geometry": { "type": "Point", "coordinates": [ -87.161725, 14.071972 ] } },
{ "type": "Feature", "properties": { "Latitud Origen": 14.07241978, "Longitud Origen": -87.1671684, "Usuario Origen": "Roberto David Castillo Mejía/STANDARD FRUIT DE HONDURAS S.A./RAFAEL HASBUM" }, "geometry": { "type": "Point", "coordinates": [ -87.1671684, 14.07241978 ] } },
{ "type": "Feature", "properties": { "Latitud Origen": 14.07273048, "Longitud Origen": -87.2195227, "Usuario Origen": "Roberto David Castillo Mejía/STANDARD FRUIT DE HONDURAS S.A./RAFAEL HASBUM" }, "geometry": { "type": "Point", "coordinates": [ -87.2195227, 14.07273048 ] } },
{ "type": "Feature", "properties": { "Latitud Origen": 14.07281, "Longitud Origen": -87.17689, "Usuario Origen": "Roberto David Castillo Mejía/STANDARD FRUIT DE HONDURAS S.A./RAFAEL HASBUM" }, "geometry": { "type": "Point", "coordinates": [ -87.17689, 14.07281 ] } },
{ "type": "Feature", "properties": { "Latitud Origen": 14.07299871, "Longitud Origen": -87.1794144, "Usuario Origen": "Roberto David Castillo Mejía/STANDARD FRUIT DE HONDURAS S.A./RAFAEL HASBUM" }, "geometry": { "type": "Point", "coordinates": [ -87.1794144, 14.07299871 ] } },
{ "type": "Feature", "properties": { "Latitud Origen": 14.073271, "Longitud Origen": -87.212122, "Usuario Origen": "Roberto David Castillo Mejía/STANDARD FRUIT DE HONDURAS S.A./RAFAEL HASBUM" }, "geometry": { "type": "Point", "coordinates": [ -87.212122, 14.073271 ] } },
{ "type": "Feature", "properties": { "Latitud Origen": 14.07327778, "Longitud Origen": -87.1942472, "Usuario Origen": "Roberto David Castillo Mejía/STANDARD FRUIT DE HONDURAS S.A./RAFAEL HASBUM" }, "geometry": { "type": "Point", "coordinates": [ -87.1942472, 14.07327778 ] } },
{ "type": "Feature", "properties": { "Latitud Origen": 14.07391667, "Longitud Origen": -87.2036389, "Usuario Origen": "Roberto David Castillo Mejía/STANDARD FRUIT DE HONDURAS S.A./RAFAEL HASBUM" }, "geometry": { "type": "Point", "coordinates": [ -87.2036389, 14.07391667 ] } },
{ "type": "Feature", "properties": { "Latitud Origen": 14.07402778, "Longitud Origen": -87.1883611, "Usuario Origen": "Roberto David Castillo Mejía/STANDARD FRUIT DE HONDURAS S.A./RAFAEL HASBUM" }, "geometry": { "type": "Point", "coordinates": [ -87.1883611, 14.07402778 ] } },
{ "type": "Feature", "properties": { "Latitud Origen": 14.07521143, "Longitud Origen": -87.1704588, "Usuario Origen": "Roberto David Castillo Mejía/STANDARD FRUIT DE HONDURAS S.A./RAFAEL HASBUM" }, "geometry": { "type": "Point", "coordinates": [ -87.1704588, 14.07521143 ] } },
{ "type": "Feature", "properties": { "Latitud Origen": 14.07539259, "Longitud Origen": -87.1823897, "Usuario Origen": "Roberto David Castillo Mejía/STANDARD FRUIT DE HONDURAS S.A./RAFAEL HASBUM" }, "geometry": { "type": "Point", "coordinates": [ -87.1823897, 14.07539259 ] } },
{ "type": "Feature", "properties": { "Latitud Origen": 14.07575219, "Longitud Origen": -87.1851041, "Usuario Origen": "Roberto David Castillo Mejía/STANDARD FRUIT DE HONDURAS S.A./RAFAEL HASBUM" }, "geometry": { "type": "Point", "coordinates": [ -87.1851041, 14.07575219 ] } },
{ "type": "Feature", "properties": { "Latitud Origen": 14.07594801, "Longitud Origen": -87.1644198, "Usuario Origen": "Roberto David Castillo Mejía/STANDARD FRUIT DE HONDURAS S.A./RAFAEL HASBUM" }, "geometry": { "type": "Point", "coordinates": [ -87.1644198, 14.07594801 ] } },
{ "type": "Feature", "properties": { "Latitud Origen": 14.07623056, "Longitud Origen": -87.2011889, "Usuario Origen": "Roberto David Castillo Mejía/STANDARD FRUIT DE HONDURAS S.A./RAFAEL HASBUM" }, "geometry": { "type": "Point", "coordinates": [ -87.2011889, 14.07623056 ] } },
{ "type": "Feature", "properties": { "Latitud Origen": 14.076236, "Longitud Origen": -87.166561, "Usuario Origen": "Roberto David Castillo Mejía/STANDARD FRUIT DE HONDURAS S.A./RAFAEL HASBUM" }, "geometry": { "type": "Point", "coordinates": [ -87.166561, 14.076236 ] } },
{ "type": "Feature", "properties": { "Latitud Origen": 14.07628, "Longitud Origen": -87.19333, "Usuario Origen": "Roberto David Castillo Mejía/STANDARD FRUIT DE HONDURAS S.A./RAFAEL HASBUM" }, "geometry": { "type": "Point", "coordinates": [ -87.19333, 14.07628 ] } },
{ "type": "Feature", "properties": { "Latitud Origen": 14.0772246, "Longitud Origen": -87.1869486, "Usuario Origen": "Roberto David Castillo Mejía/STANDARD FRUIT DE HONDURAS S.A./RAFAEL HASBUM" }, "geometry": { "type": "Point", "coordinates": [ -87.1869486, 14.0772246 ] } },
{ "type": "Feature", "properties": { "Latitud Origen": 14.07778012, "Longitud Origen": -87.1933962, "Usuario Origen": "Roberto David Castillo Mejía/STANDARD FRUIT DE HONDURAS S.A./RAFAEL HASBUM" }, "geometry": { "type": "Point", "coordinates": [ -87.1933962, 14.07778012 ] } },
{ "type": "Feature", "properties": { "Latitud Origen": 14.07817005, "Longitud Origen": -87.2005577, "Usuario Origen": "Roberto David Castillo Mejía/STANDARD FRUIT DE HONDURAS S.A./RAFAEL HASBUM" }, "geometry": { "type": "Point", "coordinates": [ -87.2005577, 14.07817005 ] } },
{ "type": "Feature", "properties": { "Latitud Origen": 14.07817212, "Longitud Origen": -87.200557, "Usuario Origen": "Roberto David Castillo Mejía/STANDARD FRUIT DE HONDURAS S.A./RAFAEL HASBUM" }, "geometry": { "type": "Point", "coordinates": [ -87.200557, 14.07817212 ] } },
{ "type": "Feature", "properties": { "Latitud Origen": 14.07872478, "Longitud Origen": -87.2098854, "Usuario Origen": "Roberto David Castillo Mejía/STANDARD FRUIT DE HONDURAS S.A./RAFAEL HASBUM" }, "geometry": { "type": "Point", "coordinates": [ -87.2098854, 14.07872478 ] } },
{ "type": "Feature", "properties": { "Latitud Origen": 14.07901207, "Longitud Origen": -87.1660987, "Usuario Origen": "Roberto David Castillo Mejía/STANDARD FRUIT DE HONDURAS S.A./RAFAEL HASBUM" }, "geometry": { "type": "Point", "coordinates": [ -87.1660987, 14.07901207 ] } },
{ "type": "Feature", "properties": { "Latitud Origen": 14.07976111, "Longitud Origen": -87.1857083, "Usuario Origen": "Roberto David Castillo Mejía/STANDARD FRUIT DE HONDURAS S.A./RAFAEL HASBUM" }, "geometry": { "type": "Point", "coordinates": [ -87.1857083, 14.07976111 ] } },
{ "type": "Feature", "properties": { "Latitud Origen": 14.080084, "Longitud Origen": -87.180053, "Usuario Origen": "Roberto David Castillo Mejía/STANDARD FRUIT DE HONDURAS S.A./RAFAEL HASBUM" }, "geometry": { "type": "Point", "coordinates": [ -87.180053, 14.080084 ] } },
{ "type": "Feature", "properties": { "Latitud Origen": 14.08054167, "Longitud Origen": -87.1851444, "Usuario Origen": "Roberto David Castillo Mejía/STANDARD FRUIT DE HONDURAS S.A./RAFAEL HASBUM" }, "geometry": { "type": "Point", "coordinates": [ -87.1851444, 14.08054167 ] } },
{ "type": "Feature", "properties": { "Latitud Origen": 14.08054437, "Longitud Origen": -87.185145, "Usuario Origen": "Roberto David Castillo Mejía/STANDARD FRUIT DE HONDURAS S.A./RAFAEL HASBUM" }, "geometry": { "type": "Point", "coordinates": [ -87.185145, 14.08054437 ] } },
{ "type": "Feature", "properties": { "Latitud Origen": 14.08144167, "Longitud Origen": -87.1656083, "Usuario Origen": "Roberto David Castillo Mejía/STANDARD FRUIT DE HONDURAS S.A./RAFAEL HASBUM" }, "geometry": { "type": "Point", "coordinates": [ -87.1656083, 14.08144167 ] } },
{ "type": "Feature", "properties": { "Latitud Origen": 14.08144444, "Longitud Origen": -87.1656111, "Usuario Origen": "Roberto David Castillo Mejía/STANDARD FRUIT DE HONDURAS S.A./RAFAEL HASBUM" }, "geometry": { "type": "Point", "coordinates": [ -87.1656111, 14.08144444 ] } },
{ "type": "Feature", "properties": { "Latitud Origen": 14.08146091, "Longitud Origen": -87.1682773, "Usuario Origen": "Roberto David Castillo Mejía/STANDARD FRUIT DE HONDURAS S.A./RAFAEL HASBUM" }, "geometry": { "type": "Point", "coordinates": [ -87.1682773, 14.08146091 ] } },
{ "type": "Feature", "properties": { "Latitud Origen": 14.08158527, "Longitud Origen": -87.207275, "Usuario Origen": "Roberto David Castillo Mejía/STANDARD FRUIT DE HONDURAS S.A./RAFAEL HASBUM" }, "geometry": { "type": "Point", "coordinates": [ -87.207275, 14.08158527 ] } },
{ "type": "Feature", "properties": { "Latitud Origen": 14.082389, "Longitud Origen": -87.163611, "Usuario Origen": "Roberto David Castillo Mejía/STANDARD FRUIT DE HONDURAS S.A./RAFAEL HASBUM" }, "geometry": { "type": "Point", "coordinates": [ -87.163611, 14.082389 ] } },
{ "type": "Feature", "properties": { "Latitud Origen": 14.082442, "Longitud Origen": -87.198004, "Usuario Origen": "Roberto David Castillo Mejía/STANDARD FRUIT DE HONDURAS S.A./RAFAEL HASBUM" }, "geometry": { "type": "Point", "coordinates": [ -87.198004, 14.082442 ] } },
{ "type": "Feature", "properties": { "Latitud Origen": 14.08244444, "Longitud Origen": -87.198, "Usuario Origen": "Roberto David Castillo Mejía/STANDARD FRUIT DE HONDURAS S.A./RAFAEL HASBUM" }, "geometry": { "type": "Point", "coordinates": [ -87.198, 14.08244444 ] } },
{ "type": "Feature", "properties": { "Latitud Origen": 14.08276389, "Longitud Origen": -87.1755917, "Usuario Origen": "Roberto David Castillo Mejía/STANDARD FRUIT DE HONDURAS S.A./RAFAEL HASBUM" }, "geometry": { "type": "Point", "coordinates": [ -87.1755917, 14.08276389 ] } },
{ "type": "Feature", "properties": { "Latitud Origen": 14.08276944, "Longitud Origen": -87.1755917, "Usuario Origen": "Roberto David Castillo Mejía/STANDARD FRUIT DE HONDURAS S.A./RAFAEL HASBUM" }, "geometry": { "type": "Point", "coordinates": [ -87.1755917, 14.08276944 ] } },
{ "type": "Feature", "properties": { "Latitud Origen": 14.08276944, "Longitud Origen": -87.1755944, "Usuario Origen": "Roberto David Castillo Mejía/STANDARD FRUIT DE HONDURAS S.A./RAFAEL HASBUM" }, "geometry": { "type": "Point", "coordinates": [ -87.1755944, 14.08276944 ] } },
{ "type": "Feature", "properties": { "Latitud Origen": 14.08277501, "Longitud Origen": -87.2105005, "Usuario Origen": "Roberto David Castillo Mejía/STANDARD FRUIT DE HONDURAS S.A./RAFAEL HASBUM" }, "geometry": { "type": "Point", "coordinates": [ -87.2105005, 14.08277501 ] } },
{ "type": "Feature", "properties": { "Latitud Origen": 14.08277778, "Longitud Origen": -87.2105, "Usuario Origen": "Roberto David Castillo Mejía/STANDARD FRUIT DE HONDURAS S.A./RAFAEL HASBUM" }, "geometry": { "type": "Point", "coordinates": [ -87.2105, 14.08277778 ] } },
{ "type": "Feature", "properties": { "Latitud Origen": 14.08279784, "Longitud Origen": -87.1940489, "Usuario Origen": "Roberto David Castillo Mejía/STANDARD FRUIT DE HONDURAS S.A./RAFAEL HASBUM" }, "geometry": { "type": "Point", "coordinates": [ -87.1940489, 14.08279784 ] } },
{ "type": "Feature", "properties": { "Latitud Origen": 14.0828521, "Longitud Origen": -87.1940489, "Usuario Origen": "Roberto David Castillo Mejía/STANDARD FRUIT DE HONDURAS S.A./RAFAEL HASBUM" }, "geometry": { "type": "Point", "coordinates": [ -87.1940489, 14.0828521 ] } },
{ "type": "Feature", "properties": { "Latitud Origen": 14.08285556, "Longitud Origen": -87.1940528, "Usuario Origen": "Roberto David Castillo Mejía/STANDARD FRUIT DE HONDURAS S.A./RAFAEL HASBUM" }, "geometry": { "type": "Point", "coordinates": [ -87.1940528, 14.08285556 ] } },
{ "type": "Feature", "properties": { "Latitud Origen": 14.08296561, "Longitud Origen": -87.1600902, "Usuario Origen": "Roberto David Castillo Mejía/STANDARD FRUIT DE HONDURAS S.A./RAFAEL HASBUM" }, "geometry": { "type": "Point", "coordinates": [ -87.1600902, 14.08296561 ] } },
{ "type": "Feature", "properties": { "Latitud Origen": 14.08296667, "Longitud Origen": -87.1600889, "Usuario Origen": "Roberto David Castillo Mejía/STANDARD FRUIT DE HONDURAS S.A./RAFAEL HASBUM" }, "geometry": { "type": "Point", "coordinates": [ -87.1600889, 14.08296667 ] } },
{ "type": "Feature", "properties": { "Latitud Origen": 14.08296744, "Longitud Origen": -87.1600896, "Usuario Origen": "Roberto David Castillo Mejía/STANDARD FRUIT DE HONDURAS S.A./RAFAEL HASBUM" }, "geometry": { "type": "Point", "coordinates": [ -87.1600896, 14.08296744 ] } },
{ "type": "Feature", "properties": { "Latitud Origen": 14.08305556, "Longitud Origen": -87.1663889, "Usuario Origen": "Roberto David Castillo Mejía/STANDARD FRUIT DE HONDURAS S.A./RAFAEL HASBUM" }, "geometry": { "type": "Point", "coordinates": [ -87.1663889, 14.08305556 ] } },
{ "type": "Feature", "properties": { "Latitud Origen": 14.083119, "Longitud Origen": -87.178549, "Usuario Origen": "Roberto David Castillo Mejía/STANDARD FRUIT DE HONDURAS S.A./RAFAEL HASBUM" }, "geometry": { "type": "Point", "coordinates": [ -87.178549, 14.083119 ] } },
{ "type": "Feature", "properties": { "Latitud Origen": 14.083913, "Longitud Origen": -87.184661, "Usuario Origen": "Roberto David Castillo Mejía/STANDARD FRUIT DE HONDURAS S.A./RAFAEL HASBUM" }, "geometry": { "type": "Point", "coordinates": [ -87.184661, 14.083913 ] } },
{ "type": "Feature", "properties": { "Latitud Origen": 14.084621, "Longitud Origen": -87.180895, "Usuario Origen": "Roberto David Castillo Mejía/STANDARD FRUIT DE HONDURAS S.A./RAFAEL HASBUM" }, "geometry": { "type": "Point", "coordinates": [ -87.180895, 14.084621 ] } },
{ "type": "Feature", "properties": { "Latitud Origen": 14.084632, "Longitud Origen": -87.186117, "Usuario Origen": "Roberto David Castillo Mejía/STANDARD FRUIT DE HONDURAS S.A./RAFAEL HASBUM" }, "geometry": { "type": "Point", "coordinates": [ -87.186117, 14.084632 ] } },
{ "type": "Feature", "properties": { "Latitud Origen": 14.084691, "Longitud Origen": -87.2103056, "Usuario Origen": "Roberto David Castillo Mejía/STANDARD FRUIT DE HONDURAS S.A./RAFAEL HASBUM" }, "geometry": { "type": "Point", "coordinates": [ -87.2103056, 14.084691 ] } },
{ "type": "Feature", "properties": { "Latitud Origen": 14.08469444, "Longitud Origen": -87.1559028, "Usuario Origen": "Roberto David Castillo Mejía/STANDARD FRUIT DE HONDURAS S.A./RAFAEL HASBUM" }, "geometry": { "type": "Point", "coordinates": [ -87.1559028, 14.08469444 ] } },
{ "type": "Feature", "properties": { "Latitud Origen": 14.084908, "Longitud Origen": -87.176694, "Usuario Origen": "Roberto David Castillo Mejía/STANDARD FRUIT DE HONDURAS S.A./RAFAEL HASBUM" }, "geometry": { "type": "Point", "coordinates": [ -87.176694, 14.084908 ] } },
{ "type": "Feature", "properties": { "Latitud Origen": 14.08513488, "Longitud Origen": -87.1714158, "Usuario Origen": "Roberto David Castillo Mejía/STANDARD FRUIT DE HONDURAS S.A./RAFAEL HASBUM" }, "geometry": { "type": "Point", "coordinates": [ -87.1714158, 14.08513488 ] } },
{ "type": "Feature", "properties": { "Latitud Origen": 14.08513875, "Longitud Origen": -87.1714203, "Usuario Origen": "Roberto David Castillo Mejía/STANDARD FRUIT DE HONDURAS S.A./RAFAEL HASBUM" }, "geometry": { "type": "Point", "coordinates": [ -87.1714203, 14.08513875 ] } },
{ "type": "Feature", "properties": { "Latitud Origen": 14.08563759, "Longitud Origen": -87.2042781, "Usuario Origen": "Roberto David Castillo Mejía/STANDARD FRUIT DE HONDURAS S.A./RAFAEL HASBUM" }, "geometry": { "type": "Point", "coordinates": [ -87.2042781, 14.08563759 ] } },
{ "type": "Feature", "properties": { "Latitud Origen": 14.085638, "Longitud Origen": -87.204278, "Usuario Origen": "Roberto David Castillo Mejía/STANDARD FRUIT DE HONDURAS S.A./RAFAEL HASBUM" }, "geometry": { "type": "Point", "coordinates": [ -87.204278, 14.085638 ] } },
{ "type": "Feature", "properties": { "Latitud Origen": 14.08576, "Longitud Origen": -87.19781, "Usuario Origen": "Roberto David Castillo Mejía/STANDARD FRUIT DE HONDURAS S.A./RAFAEL HASBUM" }, "geometry": { "type": "Point", "coordinates": [ -87.19781, 14.08576 ] } },
{ "type": "Feature", "properties": { "Latitud Origen": 14.08576049, "Longitud Origen": -87.1978587, "Usuario Origen": "Roberto David Castillo Mejía/STANDARD FRUIT DE HONDURAS S.A./RAFAEL HASBUM" }, "geometry": { "type": "Point", "coordinates": [ -87.1978587, 14.08576049 ] } },
{ "type": "Feature", "properties": { "Latitud Origen": 14.08591534, "Longitud Origen": -87.1850289, "Usuario Origen": "Roberto David Castillo Mejía/STANDARD FRUIT DE HONDURAS S.A./RAFAEL HASBUM" }, "geometry": { "type": "Point", "coordinates": [ -87.1850289, 14.08591534 ] } },
{ "type": "Feature", "properties": { "Latitud Origen": 14.08616667, "Longitud Origen": -87.1913333, "Usuario Origen": "Roberto David Castillo Mejía/STANDARD FRUIT DE HONDURAS S.A./RAFAEL HASBUM" }, "geometry": { "type": "Point", "coordinates": [ -87.1913333, 14.08616667 ] } },
{ "type": "Feature", "properties": { "Latitud Origen": 14.08649, "Longitud Origen": -87.22362, "Usuario Origen": "Roberto David Castillo Mejía/STANDARD FRUIT DE HONDURAS S.A./RAFAEL HASBUM" }, "geometry": { "type": "Point", "coordinates": [ -87.22362, 14.08649 ] } },
{ "type": "Feature", "properties": { "Latitud Origen": 14.08652318, "Longitud Origen": -87.1939501, "Usuario Origen": "Roberto David Castillo Mejía/STANDARD FRUIT DE HONDURAS S.A./RAFAEL HASBUM" }, "geometry": { "type": "Point", "coordinates": [ -87.1939501, 14.08652318 ] } },
{ "type": "Feature", "properties": { "Latitud Origen": 14.086559, "Longitud Origen": -87.18226, "Usuario Origen": "Roberto David Castillo Mejía/STANDARD FRUIT DE HONDURAS S.A./RAFAEL HASBUM" }, "geometry": { "type": "Point", "coordinates": [ -87.18226, 14.086559 ] } },
{ "type": "Feature", "properties": { "Latitud Origen": 14.08655943, "Longitud Origen": -87.1822596, "Usuario Origen": "Roberto David Castillo Mejía/STANDARD FRUIT DE HONDURAS S.A./RAFAEL HASBUM" }, "geometry": { "type": "Point", "coordinates": [ -87.1822596, 14.08655943 ] } },
{ "type": "Feature", "properties": { "Latitud Origen": 14.0866075, "Longitud Origen": -87.1878092, "Usuario Origen": "Roberto David Castillo Mejía/STANDARD FRUIT DE HONDURAS S.A./RAFAEL HASBUM" }, "geometry": { "type": "Point", "coordinates": [ -87.1878092, 14.0866075 ] } },
{ "type": "Feature", "properties": { "Latitud Origen": 14.08660942, "Longitud Origen": -87.1878085, "Usuario Origen": "Roberto David Castillo Mejía/STANDARD FRUIT DE HONDURAS S.A./RAFAEL HASBUM" }, "geometry": { "type": "Point", "coordinates": [ -87.1878085, 14.08660942 ] } },
{ "type": "Feature", "properties": { "Latitud Origen": 14.08662248, "Longitud Origen": -87.194154, "Usuario Origen": "Roberto David Castillo Mejía/STANDARD FRUIT DE HONDURAS S.A./RAFAEL HASBUM" }, "geometry": { "type": "Point", "coordinates": [ -87.194154, 14.08662248 ] } },
{ "type": "Feature", "properties": { "Latitud Origen": 14.08795556, "Longitud Origen": -87.1832833, "Usuario Origen": "Roberto David Castillo Mejía/STANDARD FRUIT DE HONDURAS S.A./RAFAEL HASBUM" }, "geometry": { "type": "Point", "coordinates": [ -87.1832833, 14.08795556 ] } },
{ "type": "Feature", "properties": { "Latitud Origen": 14.08844167, "Longitud Origen": -87.2020556, "Usuario Origen": "Roberto David Castillo Mejía/STANDARD FRUIT DE HONDURAS S.A./RAFAEL HASBUM" }, "geometry": { "type": "Point", "coordinates": [ -87.2020556, 14.08844167 ] } },
{ "type": "Feature", "properties": { "Latitud Origen": 14.08849511, "Longitud Origen": -87.214368, "Usuario Origen": "Roberto David Castillo Mejía/STANDARD FRUIT DE HONDURAS S.A./RAFAEL HASBUM" }, "geometry": { "type": "Point", "coordinates": [ -87.214368, 14.08849511 ] } },
{ "type": "Feature", "properties": { "Latitud Origen": 14.08864445, "Longitud Origen": -87.2116083, "Usuario Origen": "Roberto David Castillo Mejía/STANDARD FRUIT DE HONDURAS S.A./RAFAEL HASBUM" }, "geometry": { "type": "Point", "coordinates": [ -87.2116083, 14.08864445 ] } },
{ "type": "Feature", "properties": { "Latitud Origen": 14.088705, "Longitud Origen": -87.219183, "Usuario Origen": "Roberto David Castillo Mejía/STANDARD FRUIT DE HONDURAS S.A./RAFAEL HASBUM" }, "geometry": { "type": "Point", "coordinates": [ -87.219183, 14.088705 ] } },
{ "type": "Feature", "properties": { "Latitud Origen": 14.08873334, "Longitud Origen": -87.1774861, "Usuario Origen": "Roberto David Castillo Mejía/STANDARD FRUIT DE HONDURAS S.A./RAFAEL HASBUM" }, "geometry": { "type": "Point", "coordinates": [ -87.1774861, 14.08873334 ] } },
{ "type": "Feature", "properties": { "Latitud Origen": 14.088734, "Longitud Origen": -87.177488, "Usuario Origen": "Roberto David Castillo Mejía/STANDARD FRUIT DE HONDURAS S.A./RAFAEL HASBUM" }, "geometry": { "type": "Point", "coordinates": [ -87.177488, 14.088734 ] } },
{ "type": "Feature", "properties": { "Latitud Origen": 14.08934098, "Longitud Origen": -87.1956114, "Usuario Origen": "Roberto David Castillo Mejía/STANDARD FRUIT DE HONDURAS S.A./RAFAEL HASBUM" }, "geometry": { "type": "Point", "coordinates": [ -87.1956114, 14.08934098 ] } },
{ "type": "Feature", "properties": { "Latitud Origen": 14.08934291, "Longitud Origen": -87.1956107, "Usuario Origen": "Roberto David Castillo Mejía/STANDARD FRUIT DE HONDURAS S.A./RAFAEL HASBUM" }, "geometry": { "type": "Point", "coordinates": [ -87.1956107, 14.08934291 ] } },
{ "type": "Feature", "properties": { "Latitud Origen": 14.089405, "Longitud Origen": -87.164227, "Usuario Origen": "Roberto David Castillo Mejía/STANDARD FRUIT DE HONDURAS S.A./RAFAEL HASBUM" }, "geometry": { "type": "Point", "coordinates": [ -87.164227, 14.089405 ] } },
{ "type": "Feature", "properties": { "Latitud Origen": 14.089405, "Longitud Origen": -87.17998, "Usuario Origen": "Roberto David Castillo Mejía/STANDARD FRUIT DE HONDURAS S.A./RAFAEL HASBUM" }, "geometry": { "type": "Point", "coordinates": [ -87.17998, 14.089405 ] } },
{ "type": "Feature", "properties": { "Latitud Origen": 14.08947223, "Longitud Origen": -87.1906944, "Usuario Origen": "Roberto David Castillo Mejía/STANDARD FRUIT DE HONDURAS S.A./RAFAEL HASBUM" }, "geometry": { "type": "Point", "coordinates": [ -87.1906944, 14.08947223 ] } },
{ "type": "Feature", "properties": { "Latitud Origen": 14.08983018, "Longitud Origen": -87.2076075, "Usuario Origen": "Roberto David Castillo Mejía/STANDARD FRUIT DE HONDURAS S.A./RAFAEL HASBUM" }, "geometry": { "type": "Point", "coordinates": [ -87.2076075, 14.08983018 ] } },
{ "type": "Feature", "properties": { "Latitud Origen": 14.089977, "Longitud Origen": -87.178104, "Usuario Origen": "Roberto David Castillo Mejía/STANDARD FRUIT DE HONDURAS S.A./RAFAEL HASBUM" }, "geometry": { "type": "Point", "coordinates": [ -87.178104, 14.089977 ] } },
{ "type": "Feature", "properties": { "Latitud Origen": 14.08999, "Longitud Origen": -87.18642, "Usuario Origen": "Roberto David Castillo Mejía/STANDARD FRUIT DE HONDURAS S.A./RAFAEL HASBUM" }, "geometry": { "type": "Point", "coordinates": [ -87.18642, 14.08999 ] } },
{ "type": "Feature", "properties": { "Latitud Origen": 14.09019444, "Longitud Origen": -87.2382222, "Usuario Origen": "Roberto David Castillo Mejía/STANDARD FRUIT DE HONDURAS S.A./RAFAEL HASBUM" }, "geometry": { "type": "Point", "coordinates": [ -87.2382222, 14.09019444 ] } },
{ "type": "Feature", "properties": { "Latitud Origen": 14.09072223, "Longitud Origen": -87.1620806, "Usuario Origen": "Roberto David Castillo Mejía/STANDARD FRUIT DE HONDURAS S.A./RAFAEL HASBUM" }, "geometry": { "type": "Point", "coordinates": [ -87.1620806, 14.09072223 ] } },
{ "type": "Feature", "properties": { "Latitud Origen": 14.09075, "Longitud Origen": -87.1873861, "Usuario Origen": "Roberto David Castillo Mejía/STANDARD FRUIT DE HONDURAS S.A./RAFAEL HASBUM" }, "geometry": { "type": "Point", "coordinates": [ -87.1873861, 14.09075 ] } },
{ "type": "Feature", "properties": { "Latitud Origen": 14.0907711, "Longitud Origen": -87.1961399, "Usuario Origen": "Roberto David Castillo Mejía/STANDARD FRUIT DE HONDURAS S.A./RAFAEL HASBUM" }, "geometry": { "type": "Point", "coordinates": [ -87.1961399, 14.0907711 ] } },
{ "type": "Feature", "properties": { "Latitud Origen": 14.09091461, "Longitud Origen": -87.2282756, "Usuario Origen": "Roberto David Castillo Mejía/STANDARD FRUIT DE HONDURAS S.A./RAFAEL HASBUM" }, "geometry": { "type": "Point", "coordinates": [ -87.2282756, 14.09091461 ] } },
{ "type": "Feature", "properties": { "Latitud Origen": 14.0911456, "Longitud Origen": -87.1678768, "Usuario Origen": "Roberto David Castillo Mejía/STANDARD FRUIT DE HONDURAS S.A./RAFAEL HASBUM" }, "geometry": { "type": "Point", "coordinates": [ -87.1678768, 14.0911456 ] } },
{ "type": "Feature", "properties": { "Latitud Origen": 14.09191337, "Longitud Origen": -87.2513617, "Usuario Origen": "Roberto David Castillo Mejía/STANDARD FRUIT DE HONDURAS S.A./RAFAEL HASBUM" }, "geometry": { "type": "Point", "coordinates": [ -87.2513617, 14.09191337 ] } },
{ "type": "Feature", "properties": { "Latitud Origen": 14.09199817, "Longitud Origen": -87.1880816, "Usuario Origen": "Roberto David Castillo Mejía/STANDARD FRUIT DE HONDURAS S.A./RAFAEL HASBUM" }, "geometry": { "type": "Point", "coordinates": [ -87.1880816, 14.09199817 ] } },
{ "type": "Feature", "properties": { "Latitud Origen": 14.09229443, "Longitud Origen": -87.1663769, "Usuario Origen": "Roberto David Castillo Mejía/STANDARD FRUIT DE HONDURAS S.A./RAFAEL HASBUM" }, "geometry": { "type": "Point", "coordinates": [ -87.1663769, 14.09229443 ] } },
{ "type": "Feature", "properties": { "Latitud Origen": 14.0924965, "Longitud Origen": -87.1980868, "Usuario Origen": "Roberto David Castillo Mejía/STANDARD FRUIT DE HONDURAS S.A./RAFAEL HASBUM" }, "geometry": { "type": "Point", "coordinates": [ -87.1980868, 14.0924965 ] } },
{ "type": "Feature", "properties": { "Latitud Origen": 14.092549, "Longitud Origen": -87.188136, "Usuario Origen": "Roberto David Castillo Mejía/STANDARD FRUIT DE HONDURAS S.A./RAFAEL HASBUM" }, "geometry": { "type": "Point", "coordinates": [ -87.188136, 14.092549 ] } },
{ "type": "Feature", "properties": { "Latitud Origen": 14.09255556, "Longitud Origen": -87.1608889, "Usuario Origen": "Roberto David Castillo Mejía/STANDARD FRUIT DE HONDURAS S.A./RAFAEL HASBUM" }, "geometry": { "type": "Point", "coordinates": [ -87.1608889, 14.09255556 ] } },
{ "type": "Feature", "properties": { "Latitud Origen": 14.09258333, "Longitud Origen": -87.1880833, "Usuario Origen": "Roberto David Castillo Mejía/STANDARD FRUIT DE HONDURAS S.A./RAFAEL HASBUM" }, "geometry": { "type": "Point", "coordinates": [ -87.1880833, 14.09258333 ] } },
{ "type": "Feature", "properties": { "Latitud Origen": 14.09266667, "Longitud Origen": -87.1955278, "Usuario Origen": "Roberto David Castillo Mejía/STANDARD FRUIT DE HONDURAS S.A./RAFAEL HASBUM" }, "geometry": { "type": "Point", "coordinates": [ -87.1955278, 14.09266667 ] } },
{ "type": "Feature", "properties": { "Latitud Origen": 14.09283056, "Longitud Origen": -87.2104694, "Usuario Origen": "Roberto David Castillo Mejía/STANDARD FRUIT DE HONDURAS S.A./RAFAEL HASBUM" }, "geometry": { "type": "Point", "coordinates": [ -87.2104694, 14.09283056 ] } },
{ "type": "Feature", "properties": { "Latitud Origen": 14.09308039, "Longitud Origen": -87.1916397, "Usuario Origen": "Roberto David Castillo Mejía/STANDARD FRUIT DE HONDURAS S.A./RAFAEL HASBUM" }, "geometry": { "type": "Point", "coordinates": [ -87.1916397, 14.09308039 ] } },
{ "type": "Feature", "properties": { "Latitud Origen": 14.0930804, "Longitud Origen": -87.1916397, "Usuario Origen": "Roberto David Castillo Mejía/STANDARD FRUIT DE HONDURAS S.A./RAFAEL HASBUM" }, "geometry": { "type": "Point", "coordinates": [ -87.1916397, 14.0930804 ] } },
{ "type": "Feature", "properties": { "Latitud Origen": 14.09319444, "Longitud Origen": -87.1641944, "Usuario Origen": "Roberto David Castillo Mejía/STANDARD FRUIT DE HONDURAS S.A./RAFAEL HASBUM" }, "geometry": { "type": "Point", "coordinates": [ -87.1641944, 14.09319444 ] } },
{ "type": "Feature", "properties": { "Latitud Origen": 14.09327908, "Longitud Origen": -87.1802177, "Usuario Origen": "Roberto David Castillo Mejía/STANDARD FRUIT DE HONDURAS S.A./RAFAEL HASBUM" }, "geometry": { "type": "Point", "coordinates": [ -87.1802177, 14.09327908 ] } },
{ "type": "Feature", "properties": { "Latitud Origen": 14.09329719, "Longitud Origen": -87.1801899, "Usuario Origen": "Roberto David Castillo Mejía/STANDARD FRUIT DE HONDURAS S.A./RAFAEL HASBUM" }, "geometry": { "type": "Point", "coordinates": [ -87.1801899, 14.09329719 ] } },
{ "type": "Feature", "properties": { "Latitud Origen": 14.09447222, "Longitud Origen": -87.2045, "Usuario Origen": "Roberto David Castillo Mejía/STANDARD FRUIT DE HONDURAS S.A./RAFAEL HASBUM" }, "geometry": { "type": "Point", "coordinates": [ -87.2045, 14.09447222 ] } },
{ "type": "Feature", "properties": { "Latitud Origen": 14.09452222, "Longitud Origen": -87.1713889, "Usuario Origen": "Roberto David Castillo Mejía/STANDARD FRUIT DE HONDURAS S.A./RAFAEL HASBUM" }, "geometry": { "type": "Point", "coordinates": [ -87.1713889, 14.09452222 ] } },
{ "type": "Feature", "properties": { "Latitud Origen": 14.09452426, "Longitud Origen": -87.1713902, "Usuario Origen": "Roberto David Castillo Mejía/STANDARD FRUIT DE HONDURAS S.A./RAFAEL HASBUM" }, "geometry": { "type": "Point", "coordinates": [ -87.1713902, 14.09452426 ] } },
{ "type": "Feature", "properties": { "Latitud Origen": 14.09463889, "Longitud Origen": -87.1588889, "Usuario Origen": "Roberto David Castillo Mejía/STANDARD FRUIT DE HONDURAS S.A./RAFAEL HASBUM" }, "geometry": { "type": "Point", "coordinates": [ -87.1588889, 14.09463889 ] } },
{ "type": "Feature", "properties": { "Latitud Origen": 14.095628, "Longitud Origen": -87.189723, "Usuario Origen": "Roberto David Castillo Mejía/STANDARD FRUIT DE HONDURAS S.A./RAFAEL HASBUM" }, "geometry": { "type": "Point", "coordinates": [ -87.189723, 14.095628 ] } },
{ "type": "Feature", "properties": { "Latitud Origen": 14.09587778, "Longitud Origen": -87.1778278, "Usuario Origen": "Roberto David Castillo Mejía/STANDARD FRUIT DE HONDURAS S.A./RAFAEL HASBUM" }, "geometry": { "type": "Point", "coordinates": [ -87.1778278, 14.09587778 ] } },
{ "type": "Feature", "properties": { "Latitud Origen": 14.09605283, "Longitud Origen": -87.1830268, "Usuario Origen": "Roberto David Castillo Mejía/STANDARD FRUIT DE HONDURAS S.A./RAFAEL HASBUM" }, "geometry": { "type": "Point", "coordinates": [ -87.1830268, 14.09605283 ] } },
{ "type": "Feature", "properties": { "Latitud Origen": 14.09608917, "Longitud Origen": -87.1943565, "Usuario Origen": "Roberto David Castillo Mejía/STANDARD FRUIT DE HONDURAS S.A./RAFAEL HASBUM" }, "geometry": { "type": "Point", "coordinates": [ -87.1943565, 14.09608917 ] } },
{ "type": "Feature", "properties": { "Latitud Origen": 14.096317, "Longitud Origen": -87.188902, "Usuario Origen": "Roberto David Castillo Mejía/STANDARD FRUIT DE HONDURAS S.A./RAFAEL HASBUM" }, "geometry": { "type": "Point", "coordinates": [ -87.188902, 14.096317 ] } },
{ "type": "Feature", "properties": { "Latitud Origen": 14.09658333, "Longitud Origen": -87.1731944, "Usuario Origen": "Roberto David Castillo Mejía/STANDARD FRUIT DE HONDURAS S.A./RAFAEL HASBUM" }, "geometry": { "type": "Point", "coordinates": [ -87.1731944, 14.09658333 ] } },
{ "type": "Feature", "properties": { "Latitud Origen": 14.0966, "Longitud Origen": -87.191799, "Usuario Origen": "Roberto David Castillo Mejía/STANDARD FRUIT DE HONDURAS S.A./RAFAEL HASBUM" }, "geometry": { "type": "Point", "coordinates": [ -87.191799, 14.0966 ] } },
{ "type": "Feature", "properties": { "Latitud Origen": 14.09660935, "Longitud Origen": -87.207985, "Usuario Origen": "Roberto David Castillo Mejía/STANDARD FRUIT DE HONDURAS S.A./RAFAEL HASBUM" }, "geometry": { "type": "Point", "coordinates": [ -87.207985, 14.09660935 ] } },
{ "type": "Feature", "properties": { "Latitud Origen": 14.09763702, "Longitud Origen": -87.2137195, "Usuario Origen": "Roberto David Castillo Mejía/STANDARD FRUIT DE HONDURAS S.A./RAFAEL HASBUM" }, "geometry": { "type": "Point", "coordinates": [ -87.2137195, 14.09763702 ] } },
{ "type": "Feature", "properties": { "Latitud Origen": 14.09791306, "Longitud Origen": -87.1468896, "Usuario Origen": "Roberto David Castillo Mejía/STANDARD FRUIT DE HONDURAS S.A./RAFAEL HASBUM" }, "geometry": { "type": "Point", "coordinates": [ -87.1468896, 14.09791306 ] } },
{ "type": "Feature", "properties": { "Latitud Origen": 14.09817, "Longitud Origen": -87.203362, "Usuario Origen": "Roberto David Castillo Mejía/STANDARD FRUIT DE HONDURAS S.A./RAFAEL HASBUM" }, "geometry": { "type": "Point", "coordinates": [ -87.203362, 14.09817 ] } },
{ "type": "Feature", "properties": { "Latitud Origen": 14.09817041, "Longitud Origen": -87.2033629, "Usuario Origen": "Roberto David Castillo Mejía/STANDARD FRUIT DE HONDURAS S.A./RAFAEL HASBUM" }, "geometry": { "type": "Point", "coordinates": [ -87.2033629, 14.09817041 ] } },
{ "type": "Feature", "properties": { "Latitud Origen": 14.098253, "Longitud Origen": -87.178341, "Usuario Origen": "Roberto David Castillo Mejía/STANDARD FRUIT DE HONDURAS S.A./RAFAEL HASBUM" }, "geometry": { "type": "Point", "coordinates": [ -87.178341, 14.098253 ] } },
{ "type": "Feature", "properties": { "Latitud Origen": 14.09830556, "Longitud Origen": -87.1916389, "Usuario Origen": "Roberto David Castillo Mejía/STANDARD FRUIT DE HONDURAS S.A./RAFAEL HASBUM" }, "geometry": { "type": "Point", "coordinates": [ -87.1916389, 14.09830556 ] } },
{ "type": "Feature", "properties": { "Latitud Origen": 14.09833056, "Longitud Origen": -87.1735806, "Usuario Origen": "Roberto David Castillo Mejía/STANDARD FRUIT DE HONDURAS S.A./RAFAEL HASBUM" }, "geometry": { "type": "Point", "coordinates": [ -87.1735806, 14.09833056 ] } },
{ "type": "Feature", "properties": { "Latitud Origen": 14.09851067, "Longitud Origen": -87.1850576, "Usuario Origen": "Roberto David Castillo Mejía/STANDARD FRUIT DE HONDURAS S.A./RAFAEL HASBUM" }, "geometry": { "type": "Point", "coordinates": [ -87.1850576, 14.09851067 ] } },
{ "type": "Feature", "properties": { "Latitud Origen": 14.09891194, "Longitud Origen": -87.2032524, "Usuario Origen": "Roberto David Castillo Mejía/STANDARD FRUIT DE HONDURAS S.A./RAFAEL HASBUM" }, "geometry": { "type": "Point", "coordinates": [ -87.2032524, 14.09891194 ] } },
{ "type": "Feature", "properties": { "Latitud Origen": 14.099, "Longitud Origen": -87.2107778, "Usuario Origen": "Roberto David Castillo Mejía/STANDARD FRUIT DE HONDURAS S.A./RAFAEL HASBUM" }, "geometry": { "type": "Point", "coordinates": [ -87.2107778, 14.099 ] } },
{ "type": "Feature", "properties": { "Latitud Origen": 14.099574, "Longitud Origen": -87.187894, "Usuario Origen": "Roberto David Castillo Mejía/STANDARD FRUIT DE HONDURAS S.A./RAFAEL HASBUM" }, "geometry": { "type": "Point", "coordinates": [ -87.187894, 14.099574 ] } },
{ "type": "Feature", "properties": { "Latitud Origen": 14.0998355, "Longitud Origen": -87.199502, "Usuario Origen": "Roberto David Castillo Mejía/STANDARD FRUIT DE HONDURAS S.A./RAFAEL HASBUM" }, "geometry": { "type": "Point", "coordinates": [ -87.199502, 14.0998355 ] } },
{ "type": "Feature", "properties": { "Latitud Origen": 14.09983734, "Longitud Origen": -87.1995012, "Usuario Origen": "Roberto David Castillo Mejía/STANDARD FRUIT DE HONDURAS S.A./RAFAEL HASBUM" }, "geometry": { "type": "Point", "coordinates": [ -87.1995012, 14.09983734 ] } },
{ "type": "Feature", "properties": { "Latitud Origen": 14.100139, "Longitud Origen": -87.18927, "Usuario Origen": "Roberto David Castillo Mejía/STANDARD FRUIT DE HONDURAS S.A./RAFAEL HASBUM" }, "geometry": { "type": "Point", "coordinates": [ -87.18927, 14.100139 ] } },
{ "type": "Feature", "properties": { "Latitud Origen": 14.1001425, "Longitud Origen": -87.2503609, "Usuario Origen": "Roberto David Castillo Mejía/STANDARD FRUIT DE HONDURAS S.A./RAFAEL HASBUM" }, "geometry": { "type": "Point", "coordinates": [ -87.2503609, 14.1001425 ] } },
{ "type": "Feature", "properties": { "Latitud Origen": 14.10018237, "Longitud Origen": -87.1743404, "Usuario Origen": "Roberto David Castillo Mejía/STANDARD FRUIT DE HONDURAS S.A./RAFAEL HASBUM" }, "geometry": { "type": "Point", "coordinates": [ -87.1743404, 14.10018237 ] } },
{ "type": "Feature", "properties": { "Latitud Origen": 14.10041797, "Longitud Origen": -87.1857539, "Usuario Origen": "Roberto David Castillo Mejía/STANDARD FRUIT DE HONDURAS S.A./RAFAEL HASBUM" }, "geometry": { "type": "Point", "coordinates": [ -87.1857539, 14.10041797 ] } },
{ "type": "Feature", "properties": { "Latitud Origen": 14.100555, "Longitud Origen": -87.1948889, "Usuario Origen": "Roberto David Castillo Mejía/STANDARD FRUIT DE HONDURAS S.A./RAFAEL HASBUM" }, "geometry": { "type": "Point", "coordinates": [ -87.1948889, 14.100555 ] } },
{ "type": "Feature", "properties": { "Latitud Origen": 14.10055556, "Longitud Origen": -87.1948889, "Usuario Origen": "Roberto David Castillo Mejía/STANDARD FRUIT DE HONDURAS S.A./RAFAEL HASBUM" }, "geometry": { "type": "Point", "coordinates": [ -87.1948889, 14.10055556 ] } },
{ "type": "Feature", "properties": { "Latitud Origen": 14.100899, "Longitud Origen": -87.18766, "Usuario Origen": "Roberto David Castillo Mejía/STANDARD FRUIT DE HONDURAS S.A./RAFAEL HASBUM" }, "geometry": { "type": "Point", "coordinates": [ -87.18766, 14.100899 ] } },
{ "type": "Feature", "properties": { "Latitud Origen": 14.10096982, "Longitud Origen": -87.192031, "Usuario Origen": "Roberto David Castillo Mejía/STANDARD FRUIT DE HONDURAS S.A./RAFAEL HASBUM" }, "geometry": { "type": "Point", "coordinates": [ -87.192031, 14.10096982 ] } },
{ "type": "Feature", "properties": { "Latitud Origen": 14.10105, "Longitud Origen": -87.2070222, "Usuario Origen": "Roberto David Castillo Mejía/STANDARD FRUIT DE HONDURAS S.A./RAFAEL HASBUM" }, "geometry": { "type": "Point", "coordinates": [ -87.2070222, 14.10105 ] } },
{ "type": "Feature", "properties": { "Latitud Origen": 14.10109097, "Longitud Origen": -87.1782883, "Usuario Origen": "Roberto David Castillo Mejía/STANDARD FRUIT DE HONDURAS S.A./RAFAEL HASBUM" }, "geometry": { "type": "Point", "coordinates": [ -87.1782883, 14.10109097 ] } },
{ "type": "Feature", "properties": { "Latitud Origen": 14.10109271, "Longitud Origen": -87.1782876, "Usuario Origen": "Roberto David Castillo Mejía/STANDARD FRUIT DE HONDURAS S.A./RAFAEL HASBUM" }, "geometry": { "type": "Point", "coordinates": [ -87.1782876, 14.10109271 ] } },
{ "type": "Feature", "properties": { "Latitud Origen": 14.10116667, "Longitud Origen": -87.2126667, "Usuario Origen": "Roberto David Castillo Mejía/STANDARD FRUIT DE HONDURAS S.A./RAFAEL HASBUM" }, "geometry": { "type": "Point", "coordinates": [ -87.2126667, 14.10116667 ] } },
{ "type": "Feature", "properties": { "Latitud Origen": 14.101209, "Longitud Origen": -87.186677, "Usuario Origen": "Roberto David Castillo Mejía/STANDARD FRUIT DE HONDURAS S.A./RAFAEL HASBUM" }, "geometry": { "type": "Point", "coordinates": [ -87.186677, 14.101209 ] } },
{ "type": "Feature", "properties": { "Latitud Origen": 14.10158333, "Longitud Origen": -87.1748611, "Usuario Origen": "Roberto David Castillo Mejía/STANDARD FRUIT DE HONDURAS S.A./RAFAEL HASBUM" }, "geometry": { "type": "Point", "coordinates": [ -87.1748611, 14.10158333 ] } },
{ "type": "Feature", "properties": { "Latitud Origen": 14.10163773, "Longitud Origen": -87.1869129, "Usuario Origen": "Roberto David Castillo Mejía/STANDARD FRUIT DE HONDURAS S.A./RAFAEL HASBUM" }, "geometry": { "type": "Point", "coordinates": [ -87.1869129, 14.10163773 ] } },
{ "type": "Feature", "properties": { "Latitud Origen": 14.10173642, "Longitud Origen": -87.187895, "Usuario Origen": "Roberto David Castillo Mejía/STANDARD FRUIT DE HONDURAS S.A./RAFAEL HASBUM" }, "geometry": { "type": "Point", "coordinates": [ -87.187895, 14.10173642 ] } },
{ "type": "Feature", "properties": { "Latitud Origen": 14.10180278, "Longitud Origen": -87.1678083, "Usuario Origen": "Roberto David Castillo Mejía/STANDARD FRUIT DE HONDURAS S.A./RAFAEL HASBUM" }, "geometry": { "type": "Point", "coordinates": [ -87.1678083, 14.10180278 ] } },
{ "type": "Feature", "properties": { "Latitud Origen": 14.1018055, "Longitud Origen": -87.1678105, "Usuario Origen": "Roberto David Castillo Mejía/STANDARD FRUIT DE HONDURAS S.A./RAFAEL HASBUM" }, "geometry": { "type": "Point", "coordinates": [ -87.1678105, 14.1018055 ] } },
{ "type": "Feature", "properties": { "Latitud Origen": 14.102165, "Longitud Origen": -87.174709, "Usuario Origen": "Roberto David Castillo Mejía/STANDARD FRUIT DE HONDURAS S.A./RAFAEL HASBUM" }, "geometry": { "type": "Point", "coordinates": [ -87.174709, 14.102165 ] } },
{ "type": "Feature", "properties": { "Latitud Origen": 14.10258334, "Longitud Origen": -87.1838611, "Usuario Origen": "Roberto David Castillo Mejía/STANDARD FRUIT DE HONDURAS S.A./RAFAEL HASBUM" }, "geometry": { "type": "Point", "coordinates": [ -87.1838611, 14.10258334 ] } },
{ "type": "Feature", "properties": { "Latitud Origen": 14.102784, "Longitud Origen": -87.16921, "Usuario Origen": "Roberto David Castillo Mejía/STANDARD FRUIT DE HONDURAS S.A./RAFAEL HASBUM" }, "geometry": { "type": "Point", "coordinates": [ -87.16921, 14.102784 ] } },
{ "type": "Feature", "properties": { "Latitud Origen": 14.103172, "Longitud Origen": -87.197425, "Usuario Origen": "Roberto David Castillo Mejía/STANDARD FRUIT DE HONDURAS S.A./RAFAEL HASBUM" }, "geometry": { "type": "Point", "coordinates": [ -87.197425, 14.103172 ] } },
{ "type": "Feature", "properties": { "Latitud Origen": 14.10334, "Longitud Origen": -87.1892, "Usuario Origen": "Roberto David Castillo Mejía/STANDARD FRUIT DE HONDURAS S.A./RAFAEL HASBUM" }, "geometry": { "type": "Point", "coordinates": [ -87.1892, 14.10334 ] } },
{ "type": "Feature", "properties": { "Latitud Origen": 14.10347475, "Longitud Origen": -87.1571956, "Usuario Origen": "Roberto David Castillo Mejía/STANDARD FRUIT DE HONDURAS S.A./RAFAEL HASBUM" }, "geometry": { "type": "Point", "coordinates": [ -87.1571956, 14.10347475 ] } },
{ "type": "Feature", "properties": { "Latitud Origen": 14.10347637, "Longitud Origen": -87.1571949, "Usuario Origen": "Roberto David Castillo Mejía/STANDARD FRUIT DE HONDURAS S.A./RAFAEL HASBUM" }, "geometry": { "type": "Point", "coordinates": [ -87.1571949, 14.10347637 ] } },
{ "type": "Feature", "properties": { "Latitud Origen": 14.1035399, "Longitud Origen": -87.2049888, "Usuario Origen": "Roberto David Castillo Mejía/STANDARD FRUIT DE HONDURAS S.A./RAFAEL HASBUM" }, "geometry": { "type": "Point", "coordinates": [ -87.2049888, 14.1035399 ] } },
{ "type": "Feature", "properties": { "Latitud Origen": 14.10372061, "Longitud Origen": -87.2439448, "Usuario Origen": "Roberto David Castillo Mejía/STANDARD FRUIT DE HONDURAS S.A./RAFAEL HASBUM" }, "geometry": { "type": "Point", "coordinates": [ -87.2439448, 14.10372061 ] } },
{ "type": "Feature", "properties": { "Latitud Origen": 14.104002, "Longitud Origen": -87.197422, "Usuario Origen": "Roberto David Castillo Mejía/STANDARD FRUIT DE HONDURAS S.A./RAFAEL HASBUM" }, "geometry": { "type": "Point", "coordinates": [ -87.197422, 14.104002 ] } },
{ "type": "Feature", "properties": { "Latitud Origen": 14.10464728, "Longitud Origen": -87.2302904, "Usuario Origen": "Roberto David Castillo Mejía/STANDARD FRUIT DE HONDURAS S.A./RAFAEL HASBUM" }, "geometry": { "type": "Point", "coordinates": [ -87.2302904, 14.10464728 ] } },
{ "type": "Feature", "properties": { "Latitud Origen": 14.10480409, "Longitud Origen": -87.2069447, "Usuario Origen": "Roberto David Castillo Mejía/STANDARD FRUIT DE HONDURAS S.A./RAFAEL HASBUM" }, "geometry": { "type": "Point", "coordinates": [ -87.2069447, 14.10480409 ] } },
{ "type": "Feature", "properties": { "Latitud Origen": 14.10491668, "Longitud Origen": -87.2021367, "Usuario Origen": "Roberto David Castillo Mejía/STANDARD FRUIT DE HONDURAS S.A./RAFAEL HASBUM" }, "geometry": { "type": "Point", "coordinates": [ -87.2021367, 14.10491668 ] } },
{ "type": "Feature", "properties": { "Latitud Origen": 14.10535833, "Longitud Origen": -87.1801667, "Usuario Origen": "Roberto David Castillo Mejía/STANDARD FRUIT DE HONDURAS S.A./RAFAEL HASBUM" }, "geometry": { "type": "Point", "coordinates": [ -87.1801667, 14.10535833 ] } },
{ "type": "Feature", "properties": { "Latitud Origen": 14.105398, "Longitud Origen": -87.187824, "Usuario Origen": "Roberto David Castillo Mejía/STANDARD FRUIT DE HONDURAS S.A./RAFAEL HASBUM" }, "geometry": { "type": "Point", "coordinates": [ -87.187824, 14.105398 ] } },
{ "type": "Feature", "properties": { "Latitud Origen": 14.10539844, "Longitud Origen": -87.1878239, "Usuario Origen": "Roberto David Castillo Mejía/STANDARD FRUIT DE HONDURAS S.A./RAFAEL HASBUM" }, "geometry": { "type": "Point", "coordinates": [ -87.1878239, 14.10539844 ] } },
{ "type": "Feature", "properties": { "Latitud Origen": 14.1062215, "Longitud Origen": -87.1987749, "Usuario Origen": "Roberto David Castillo Mejía/STANDARD FRUIT DE HONDURAS S.A./RAFAEL HASBUM" }, "geometry": { "type": "Point", "coordinates": [ -87.1987749, 14.1062215 ] } },
{ "type": "Feature", "properties": { "Latitud Origen": 14.10622222, "Longitud Origen": -87.1987778, "Usuario Origen": "Roberto David Castillo Mejía/STANDARD FRUIT DE HONDURAS S.A./RAFAEL HASBUM" }, "geometry": { "type": "Point", "coordinates": [ -87.1987778, 14.10622222 ] } },
{ "type": "Feature", "properties": { "Latitud Origen": 14.10630583, "Longitud Origen": -87.2060289, "Usuario Origen": "Roberto David Castillo Mejía/STANDARD FRUIT DE HONDURAS S.A./RAFAEL HASBUM" }, "geometry": { "type": "Point", "coordinates": [ -87.2060289, 14.10630583 ] } },
{ "type": "Feature", "properties": { "Latitud Origen": 14.10652778, "Longitud Origen": -87.2044722, "Usuario Origen": "Roberto David Castillo Mejía/STANDARD FRUIT DE HONDURAS S.A./RAFAEL HASBUM" }, "geometry": { "type": "Point", "coordinates": [ -87.2044722, 14.10652778 ] } },
{ "type": "Feature", "properties": { "Latitud Origen": 14.10666944, "Longitud Origen": -87.105002, "Usuario Origen": "Roberto David Castillo Mejía/STANDARD FRUIT DE HONDURAS S.A./RAFAEL HASBUM" }, "geometry": { "type": "Point", "coordinates": [ -87.105002, 14.10666944 ] } },
{ "type": "Feature", "properties": { "Latitud Origen": 14.10736324, "Longitud Origen": -87.1720854, "Usuario Origen": "Roberto David Castillo Mejía/STANDARD FRUIT DE HONDURAS S.A./RAFAEL HASBUM" }, "geometry": { "type": "Point", "coordinates": [ -87.1720854, 14.10736324 ] } },
{ "type": "Feature", "properties": { "Latitud Origen": 14.10752778, "Longitud Origen": -87.2019722, "Usuario Origen": "Roberto David Castillo Mejía/STANDARD FRUIT DE HONDURAS S.A./RAFAEL HASBUM" }, "geometry": { "type": "Point", "coordinates": [ -87.2019722, 14.10752778 ] } },
{ "type": "Feature", "properties": { "Latitud Origen": 14.10791667, "Longitud Origen": -87.2456389, "Usuario Origen": "Roberto David Castillo Mejía/STANDARD FRUIT DE HONDURAS S.A./RAFAEL HASBUM" }, "geometry": { "type": "Point", "coordinates": [ -87.2456389, 14.10791667 ] } },
{ "type": "Feature", "properties": { "Latitud Origen": 14.107946, "Longitud Origen": -87.193636, "Usuario Origen": "Roberto David Castillo Mejía/STANDARD FRUIT DE HONDURAS S.A./RAFAEL HASBUM" }, "geometry": { "type": "Point", "coordinates": [ -87.193636, 14.107946 ] } },
{ "type": "Feature", "properties": { "Latitud Origen": 14.10843709, "Longitud Origen": -87.2090695, "Usuario Origen": "Roberto David Castillo Mejía/STANDARD FRUIT DE HONDURAS S.A./RAFAEL HASBUM" }, "geometry": { "type": "Point", "coordinates": [ -87.2090695, 14.10843709 ] } },
{ "type": "Feature", "properties": { "Latitud Origen": 14.10869999, "Longitud Origen": -87.1611174, "Usuario Origen": "Roberto David Castillo Mejía/STANDARD FRUIT DE HONDURAS S.A./RAFAEL HASBUM" }, "geometry": { "type": "Point", "coordinates": [ -87.1611174, 14.10869999 ] } },
{ "type": "Feature", "properties": { "Latitud Origen": 14.10972391, "Longitud Origen": -87.1948591, "Usuario Origen": "Roberto David Castillo Mejía/STANDARD FRUIT DE HONDURAS S.A./RAFAEL HASBUM" }, "geometry": { "type": "Point", "coordinates": [ -87.1948591, 14.10972391 ] } },
{ "type": "Feature", "properties": { "Latitud Origen": 14.10991667, "Longitud Origen": -87.1543056, "Usuario Origen": "Roberto David Castillo Mejía/STANDARD FRUIT DE HONDURAS S.A./RAFAEL HASBUM" }, "geometry": { "type": "Point", "coordinates": [ -87.1543056, 14.10991667 ] } },
{ "type": "Feature", "properties": { "Latitud Origen": 14.10997222, "Longitud Origen": -87.2059444, "Usuario Origen": "Roberto David Castillo Mejía/STANDARD FRUIT DE HONDURAS S.A./RAFAEL HASBUM" }, "geometry": { "type": "Point", "coordinates": [ -87.2059444, 14.10997222 ] } },
{ "type": "Feature", "properties": { "Latitud Origen": 14.11102778, "Longitud Origen": -87.1893056, "Usuario Origen": "Roberto David Castillo Mejía/STANDARD FRUIT DE HONDURAS S.A./RAFAEL HASBUM" }, "geometry": { "type": "Point", "coordinates": [ -87.1893056, 14.11102778 ] } },
{ "type": "Feature", "properties": { "Latitud Origen": 14.11255865, "Longitud Origen": -87.2002257, "Usuario Origen": "Roberto David Castillo Mejía/STANDARD FRUIT DE HONDURAS S.A./RAFAEL HASBUM" }, "geometry": { "type": "Point", "coordinates": [ -87.2002257, 14.11255865 ] } },
{ "type": "Feature", "properties": { "Latitud Origen": 14.11266252, "Longitud Origen": -87.1833365, "Usuario Origen": "Roberto David Castillo Mejía/STANDARD FRUIT DE HONDURAS S.A./RAFAEL HASBUM" }, "geometry": { "type": "Point", "coordinates": [ -87.1833365, 14.11266252 ] } },
{ "type": "Feature", "properties": { "Latitud Origen": 14.11472338, "Longitud Origen": -87.158861, "Usuario Origen": "Roberto David Castillo Mejía/STANDARD FRUIT DE HONDURAS S.A./RAFAEL HASBUM" }, "geometry": { "type": "Point", "coordinates": [ -87.158861, 14.11472338 ] } },
{ "type": "Feature", "properties": { "Latitud Origen": 14.11839045, "Longitud Origen": -87.2211135, "Usuario Origen": "Roberto David Castillo Mejía/STANDARD FRUIT DE HONDURAS S.A./RAFAEL HASBUM" }, "geometry": { "type": "Point", "coordinates": [ -87.2211135, 14.11839045 ] } },
{ "type": "Feature", "properties": { "Latitud Origen": 14.12105556, "Longitud Origen": -87.1033889, "Usuario Origen": "Roberto David Castillo Mejía/STANDARD FRUIT DE HONDURAS S.A./RAFAEL HASBUM" }, "geometry": { "type": "Point", "coordinates": [ -87.1033889, 14.12105556 ] } },
{ "type": "Feature", "properties": { "Latitud Origen": 14.12228889, "Longitud Origen": -87.185075, "Usuario Origen": "Roberto David Castillo Mejía/STANDARD FRUIT DE HONDURAS S.A./RAFAEL HASBUM" }, "geometry": { "type": "Point", "coordinates": [ -87.185075, 14.12228889 ] } },
{ "type": "Feature", "properties": { "Latitud Origen": 14.12253056, "Longitud Origen": -87.1181639, "Usuario Origen": "Roberto David Castillo Mejía/STANDARD FRUIT DE HONDURAS S.A./RAFAEL HASBUM" }, "geometry": { "type": "Point", "coordinates": [ -87.1181639, 14.12253056 ] } },
{ "type": "Feature", "properties": { "Latitud Origen": 14.12253186, "Longitud Origen": -87.1181655, "Usuario Origen": "Roberto David Castillo Mejía/STANDARD FRUIT DE HONDURAS S.A./RAFAEL HASBUM" }, "geometry": { "type": "Point", "coordinates": [ -87.1181655, 14.12253186 ] } },
{ "type": "Feature", "properties": { "Latitud Origen": 14.12689026, "Longitud Origen": -87.2484167, "Usuario Origen": "Roberto David Castillo Mejía/STANDARD FRUIT DE HONDURAS S.A./RAFAEL HASBUM" }, "geometry": { "type": "Point", "coordinates": [ -87.2484167, 14.12689026 ] } },
{ "type": "Feature", "properties": { "Latitud Origen": 14.12868, "Longitud Origen": -87.17697, "Usuario Origen": "Roberto David Castillo Mejía/STANDARD FRUIT DE HONDURAS S.A./RAFAEL HASBUM" }, "geometry": { "type": "Point", "coordinates": [ -87.17697, 14.12868 ] } },
{ "type": "Feature", "properties": { "Latitud Origen": 14.12874, "Longitud Origen": -87.0241, "Usuario Origen": "Roberto David Castillo Mejía/STANDARD FRUIT DE HONDURAS S.A./RAFAEL HASBUM" }, "geometry": { "type": "Point", "coordinates": [ -87.0241, 14.12874 ] } },
{ "type": "Feature", "properties": { "Latitud Origen": 14.12905885, "Longitud Origen": -87.1787819, "Usuario Origen": "Roberto David Castillo Mejía/STANDARD FRUIT DE HONDURAS S.A./RAFAEL HASBUM" }, "geometry": { "type": "Point", "coordinates": [ -87.1787819, 14.12905885 ] } },
{ "type": "Feature", "properties": { "Latitud Origen": 14.13575906, "Longitud Origen": -87.1659081, "Usuario Origen": "Roberto David Castillo Mejía/STANDARD FRUIT DE HONDURAS S.A./RAFAEL HASBUM" }, "geometry": { "type": "Point", "coordinates": [ -87.1659081, 14.13575906 ] } },
{ "type": "Feature", "properties": { "Latitud Origen": 14.13805462, "Longitud Origen": -87.2658306, "Usuario Origen": "Roberto David Castillo Mejía/STANDARD FRUIT DE HONDURAS S.A./RAFAEL HASBUM" }, "geometry": { "type": "Point", "coordinates": [ -87.2658306, 14.13805462 ] } },
{ "type": "Feature", "properties": { "Latitud Origen": 14.13914, "Longitud Origen": -87.058852, "Usuario Origen": "Roberto David Castillo Mejía/STANDARD FRUIT DE HONDURAS S.A./RAFAEL HASBUM" }, "geometry": { "type": "Point", "coordinates": [ -87.058852, 14.13914 ] } },
{ "type": "Feature", "properties": { "Latitud Origen": 14.15344024, "Longitud Origen": -87.2705545, "Usuario Origen": "Roberto David Castillo Mejía/STANDARD FRUIT DE HONDURAS S.A./RAFAEL HASBUM" }, "geometry": { "type": "Point", "coordinates": [ -87.2705545, 14.15344024 ] } },
{ "type": "Feature", "properties": { "Latitud Origen": 14.15456, "Longitud Origen": -87.03224, "Usuario Origen": "Roberto David Castillo Mejía/STANDARD FRUIT DE HONDURAS S.A./RAFAEL HASBUM" }, "geometry": { "type": "Point", "coordinates": [ -87.03224, 14.15456 ] } },
{ "type": "Feature", "properties": { "Latitud Origen": 14.15822485, "Longitud Origen": -87.2848859, "Usuario Origen": "Roberto David Castillo Mejía/STANDARD FRUIT DE HONDURAS S.A./RAFAEL HASBUM" }, "geometry": { "type": "Point", "coordinates": [ -87.2848859, 14.15822485 ] } },
{ "type": "Feature", "properties": { "Latitud Origen": 14.15875042, "Longitud Origen": -87.0497237, "Usuario Origen": "Roberto David Castillo Mejía/STANDARD FRUIT DE HONDURAS S.A./RAFAEL HASBUM" }, "geometry": { "type": "Point", "coordinates": [ -87.0497237, 14.15875042 ] } },
{ "type": "Feature", "properties": { "Latitud Origen": 14.15893, "Longitud Origen": -87.0435, "Usuario Origen": "Roberto David Castillo Mejía/STANDARD FRUIT DE HONDURAS S.A./RAFAEL HASBUM" }, "geometry": { "type": "Point", "coordinates": [ -87.0435, 14.15893 ] } },
{ "type": "Feature", "properties": { "Latitud Origen": 14.16888889, "Longitud Origen": -87.3088611, "Usuario Origen": "Roberto David Castillo Mejía/STANDARD FRUIT DE HONDURAS S.A./RAFAEL HASBUM" }, "geometry": { "type": "Point", "coordinates": [ -87.3088611, 14.16888889 ] } },
{ "type": "Feature", "properties": { "Latitud Origen": 14.17421944, "Longitud Origen": -87.3336667, "Usuario Origen": "Roberto David Castillo Mejía/STANDARD FRUIT DE HONDURAS S.A./RAFAEL HASBUM" }, "geometry": { "type": "Point", "coordinates": [ -87.3336667, 14.17421944 ] } },
{ "type": "Feature", "properties": { "Latitud Origen": 14.17577, "Longitud Origen": -87.0461, "Usuario Origen": "Roberto David Castillo Mejía/STANDARD FRUIT DE HONDURAS S.A./RAFAEL HASBUM" }, "geometry": { "type": "Point", "coordinates": [ -87.0461, 14.17577 ] } },
{ "type": "Feature", "properties": { "Latitud Origen": 14.19172222, "Longitud Origen": -87.3768611, "Usuario Origen": "Roberto David Castillo Mejía/STANDARD FRUIT DE HONDURAS S.A./RAFAEL HASBUM" }, "geometry": { "type": "Point", "coordinates": [ -87.3768611, 14.19172222 ] } },
{ "type": "Feature", "properties": { "Latitud Origen": 14.22055556, "Longitud Origen": -87.3808889, "Usuario Origen": "Roberto David Castillo Mejía/STANDARD FRUIT DE HONDURAS S.A./RAFAEL HASBUM" }, "geometry": { "type": "Point", "coordinates": [ -87.3808889, 14.22055556 ] } },
{ "type": "Feature", "properties": { "Latitud Origen": 14.24546944, "Longitud Origen": -87.3776667, "Usuario Origen": "Roberto David Castillo Mejía/STANDARD FRUIT DE HONDURAS S.A./RAFAEL HASBUM" }, "geometry": { "type": "Point", "coordinates": [ -87.3776667, 14.24546944 ] } },
{ "type": "Feature", "properties": { "Latitud Origen": 14.26652778, "Longitud Origen": -87.5515, "Usuario Origen": "Roberto David Castillo Mejía/STANDARD FRUIT DE HONDURAS S.A./RAFAEL HASBUM" }, "geometry": { "type": "Point", "coordinates": [ -87.5515, 14.26652778 ] } },
{ "type": "Feature", "properties": { "Latitud Origen": 14.27491667, "Longitud Origen": -87.4034111, "Usuario Origen": "Roberto David Castillo Mejía/STANDARD FRUIT DE HONDURAS S.A./RAFAEL HASBUM" }, "geometry": { "type": "Point", "coordinates": [ -87.4034111, 14.27491667 ] } },
{ "type": "Feature", "properties": { "Latitud Origen": 14.2755, "Longitud Origen": -87.5168611, "Usuario Origen": "Roberto David Castillo Mejía/STANDARD FRUIT DE HONDURAS S.A./RAFAEL HASBUM" }, "geometry": { "type": "Point", "coordinates": [ -87.5168611, 14.2755 ] } },
{ "type": "Feature", "properties": { "Latitud Origen": 14.27808333, "Longitud Origen": -87.6648889, "Usuario Origen": "Roberto David Castillo Mejía/STANDARD FRUIT DE HONDURAS S.A./RAFAEL HASBUM" }, "geometry": { "type": "Point", "coordinates": [ -87.6648889, 14.27808333 ] } },
{ "type": "Feature", "properties": { "Latitud Origen": 14.27916773, "Longitud Origen": -87.3694445, "Usuario Origen": "Roberto David Castillo Mejía/STANDARD FRUIT DE HONDURAS S.A./RAFAEL HASBUM" }, "geometry": { "type": "Point", "coordinates": [ -87.3694445, 14.27916773 ] } },
{ "type": "Feature", "properties": { "Latitud Origen": 14.28363889, "Longitud Origen": -87.4973889, "Usuario Origen": "Roberto David Castillo Mejía/STANDARD FRUIT DE HONDURAS S.A./RAFAEL HASBUM" }, "geometry": { "type": "Point", "coordinates": [ -87.4973889, 14.28363889 ] } },
{ "type": "Feature", "properties": { "Latitud Origen": 14.28516667, "Longitud Origen": -87.4657778, "Usuario Origen": "Roberto David Castillo Mejía/STANDARD FRUIT DE HONDURAS S.A./RAFAEL HASBUM" }, "geometry": { "type": "Point", "coordinates": [ -87.4657778, 14.28516667 ] } },
{ "type": "Feature", "properties": { "Latitud Origen": 14.29077778, "Longitud Origen": -87.4373889, "Usuario Origen": "Roberto David Castillo Mejía/STANDARD FRUIT DE HONDURAS S.A./RAFAEL HASBUM" }, "geometry": { "type": "Point", "coordinates": [ -87.4373889, 14.29077778 ] } },
{ "type": "Feature", "properties": { "Latitud Origen": 14.29133333, "Longitud Origen": -87.4904444, "Usuario Origen": "Roberto David Castillo Mejía/STANDARD FRUIT DE HONDURAS S.A./RAFAEL HASBUM" }, "geometry": { "type": "Point", "coordinates": [ -87.4904444, 14.29133333 ] } },
{ "type": "Feature", "properties": { "Latitud Origen": 14.30141389, "Longitud Origen": -87.57325, "Usuario Origen": "Roberto David Castillo Mejía/STANDARD FRUIT DE HONDURAS S.A./RAFAEL HASBUM" }, "geometry": { "type": "Point", "coordinates": [ -87.57325, 14.30141389 ] } },
{ "type": "Feature", "properties": { "Latitud Origen": 14.30663462, "Longitud Origen": -88.2172527, "Usuario Origen": "Roberto David Castillo Mejía/STANDARD FRUIT DE HONDURAS S.A./RAFAEL HASBUM" }, "geometry": { "type": "Point", "coordinates": [ -88.2172527, 14.30663462 ] } },
{ "type": "Feature", "properties": { "Latitud Origen": 14.30891667, "Longitud Origen": -87.1999694, "Usuario Origen": "Roberto David Castillo Mejía/STANDARD FRUIT DE HONDURAS S.A./RAFAEL HASBUM" }, "geometry": { "type": "Point", "coordinates": [ -87.1999694, 14.30891667 ] } },
{ "type": "Feature", "properties": { "Latitud Origen": 14.30900578, "Longitud Origen": -88.1686992, "Usuario Origen": "Roberto David Castillo Mejía/STANDARD FRUIT DE HONDURAS S.A./RAFAEL HASBUM" }, "geometry": { "type": "Point", "coordinates": [ -88.1686992, 14.30900578 ] } },
{ "type": "Feature", "properties": { "Latitud Origen": 14.309009, "Longitud Origen": -88.168697, "Usuario Origen": "Roberto David Castillo Mejía/STANDARD FRUIT DE HONDURAS S.A./RAFAEL HASBUM" }, "geometry": { "type": "Point", "coordinates": [ -88.168697, 14.309009 ] } },
{ "type": "Feature", "properties": { "Latitud Origen": 14.30991944, "Longitud Origen": -88.17665, "Usuario Origen": "Roberto David Castillo Mejía/STANDARD FRUIT DE HONDURAS S.A./RAFAEL HASBUM" }, "geometry": { "type": "Point", "coordinates": [ -88.17665, 14.30991944 ] } },
{ "type": "Feature", "properties": { "Latitud Origen": 14.31247222, "Longitud Origen": -88.1611389, "Usuario Origen": "Roberto David Castillo Mejía/STANDARD FRUIT DE HONDURAS S.A./RAFAEL HASBUM" }, "geometry": { "type": "Point", "coordinates": [ -88.1611389, 14.31247222 ] } },
{ "type": "Feature", "properties": { "Latitud Origen": 14.32883839, "Longitud Origen": -87.6122466, "Usuario Origen": "Roberto David Castillo Mejía/STANDARD FRUIT DE HONDURAS S.A./RAFAEL HASBUM" }, "geometry": { "type": "Point", "coordinates": [ -87.6122466, 14.32883839 ] } },
{ "type": "Feature", "properties": { "Latitud Origen": 14.330963, "Longitud Origen": -87.594207, "Usuario Origen": "Roberto David Castillo Mejía/STANDARD FRUIT DE HONDURAS S.A./RAFAEL HASBUM" }, "geometry": { "type": "Point", "coordinates": [ -87.594207, 14.330963 ] } },
{ "type": "Feature", "properties": { "Latitud Origen": 14.4400034, "Longitud Origen": -87.5563924, "Usuario Origen": "Roberto David Castillo Mejía/STANDARD FRUIT DE HONDURAS S.A./RAFAEL HASBUM" }, "geometry": { "type": "Point", "coordinates": [ -87.5563924, 14.4400034 ] } },
{ "type": "Feature", "properties": { "Latitud Origen": 14.4856427, "Longitud Origen": -87.9927964, "Usuario Origen": "Roberto David Castillo Mejía/STANDARD FRUIT DE HONDURAS S.A./RAFAEL HASBUM" }, "geometry": { "type": "Point", "coordinates": [ -87.9927964, 14.4856427 ] } },
{ "type": "Feature", "properties": { "Latitud Origen": 14.49061172, "Longitud Origen": -87.6595593, "Usuario Origen": "Roberto David Castillo Mejía/STANDARD FRUIT DE HONDURAS S.A./RAFAEL HASBUM" }, "geometry": { "type": "Point", "coordinates": [ -87.6595593, 14.49061172 ] } },
{ "type": "Feature", "properties": { "Latitud Origen": 14.50471822, "Longitud Origen": -87.7797215, "Usuario Origen": "Roberto David Castillo Mejía/STANDARD FRUIT DE HONDURAS S.A./RAFAEL HASBUM" }, "geometry": { "type": "Point", "coordinates": [ -87.7797215, 14.50471822 ] } },
{ "type": "Feature", "properties": { "Latitud Origen": 14.51060733, "Longitud Origen": -87.7395311, "Usuario Origen": "Roberto David Castillo Mejía/STANDARD FRUIT DE HONDURAS S.A./RAFAEL HASBUM" }, "geometry": { "type": "Point", "coordinates": [ -87.7395311, 14.51060733 ] } },
{ "type": "Feature", "properties": { "Latitud Origen": 14.53044444, "Longitud Origen": -87.7908333, "Usuario Origen": "Roberto David Castillo Mejía/STANDARD FRUIT DE HONDURAS S.A./RAFAEL HASBUM" }, "geometry": { "type": "Point", "coordinates": [ -87.7908333, 14.53044444 ] } },
{ "type": "Feature", "properties": { "Latitud Origen": 14.54527872, "Longitud Origen": -87.6514418, "Usuario Origen": "Roberto David Castillo Mejía/STANDARD FRUIT DE HONDURAS S.A./RAFAEL HASBUM" }, "geometry": { "type": "Point", "coordinates": [ -87.6514418, 14.54527872 ] } },
{ "type": "Feature", "properties": { "Latitud Origen": 14.55052688, "Longitud Origen": -87.8249729, "Usuario Origen": "Roberto David Castillo Mejía/STANDARD FRUIT DE HONDURAS S.A./RAFAEL HASBUM" }, "geometry": { "type": "Point", "coordinates": [ -87.8249729, 14.55052688 ] } },
{ "type": "Feature", "properties": { "Latitud Origen": 14.57077778, "Longitud Origen": -87.95125, "Usuario Origen": "Roberto David Castillo Mejía/STANDARD FRUIT DE HONDURAS S.A./RAFAEL HASBUM" }, "geometry": { "type": "Point", "coordinates": [ -87.95125, 14.57077778 ] } },
{ "type": "Feature", "properties": { "Latitud Origen": 14.5785, "Longitud Origen": -87.8415, "Usuario Origen": "Roberto David Castillo Mejía/STANDARD FRUIT DE HONDURAS S.A./RAFAEL HASBUM" }, "geometry": { "type": "Point", "coordinates": [ -87.8415, 14.5785 ] } },
{ "type": "Feature", "properties": { "Latitud Origen": 14.58680556, "Longitud Origen": -87.8546111, "Usuario Origen": "Roberto David Castillo Mejía/STANDARD FRUIT DE HONDURAS S.A./RAFAEL HASBUM" }, "geometry": { "type": "Point", "coordinates": [ -87.8546111, 14.58680556 ] } },
{ "type": "Feature", "properties": { "Latitud Origen": 14.58688889, "Longitud Origen": -87.8426389, "Usuario Origen": "Roberto David Castillo Mejía/STANDARD FRUIT DE HONDURAS S.A./RAFAEL HASBUM" }, "geometry": { "type": "Point", "coordinates": [ -87.8426389, 14.58688889 ] } },
{ "type": "Feature", "properties": { "Latitud Origen": 14.58925278, "Longitud Origen": -87.8360417, "Usuario Origen": "Roberto David Castillo Mejía/STANDARD FRUIT DE HONDURAS S.A./RAFAEL HASBUM" }, "geometry": { "type": "Point", "coordinates": [ -87.8360417, 14.58925278 ] } },
{ "type": "Feature", "properties": { "Latitud Origen": 14.59636111, "Longitud Origen": -87.8466944, "Usuario Origen": "Roberto David Castillo Mejía/STANDARD FRUIT DE HONDURAS S.A./RAFAEL HASBUM" }, "geometry": { "type": "Point", "coordinates": [ -87.8466944, 14.59636111 ] } },
{ "type": "Feature", "properties": { "Latitud Origen": 14.60086111, "Longitud Origen": -87.8683611, "Usuario Origen": "Roberto David Castillo Mejía/STANDARD FRUIT DE HONDURAS S.A./RAFAEL HASBUM" }, "geometry": { "type": "Point", "coordinates": [ -87.8683611, 14.60086111 ] } },
{ "type": "Feature", "properties": { "Latitud Origen": 14.62411111, "Longitud Origen": -87.8874722, "Usuario Origen": "Roberto David Castillo Mejía/STANDARD FRUIT DE HONDURAS S.A./RAFAEL HASBUM" }, "geometry": { "type": "Point", "coordinates": [ -87.8874722, 14.62411111 ] } },
{ "type": "Feature", "properties": { "Latitud Origen": 14.64725, "Longitud Origen": -87.9065556, "Usuario Origen": "Roberto David Castillo Mejía/STANDARD FRUIT DE HONDURAS S.A./RAFAEL HASBUM" }, "geometry": { "type": "Point", "coordinates": [ -87.9065556, 14.64725 ] } },
{ "type": "Feature", "properties": { "Latitud Origen": 14.65544578, "Longitud Origen": -88.0039698, "Usuario Origen": "Roberto David Castillo Mejía/STANDARD FRUIT DE HONDURAS S.A./RAFAEL HASBUM" }, "geometry": { "type": "Point", "coordinates": [ -88.0039698, 14.65544578 ] } },
{ "type": "Feature", "properties": { "Latitud Origen": 14.65602778, "Longitud Origen": -87.9404722, "Usuario Origen": "Roberto David Castillo Mejía/STANDARD FRUIT DE HONDURAS S.A./RAFAEL HASBUM" }, "geometry": { "type": "Point", "coordinates": [ -87.9404722, 14.65602778 ] } },
{ "type": "Feature", "properties": { "Latitud Origen": 14.66122222, "Longitud Origen": -87.9473611, "Usuario Origen": "Roberto David Castillo Mejía/STANDARD FRUIT DE HONDURAS S.A./RAFAEL HASBUM" }, "geometry": { "type": "Point", "coordinates": [ -87.9473611, 14.66122222 ] } },
{ "type": "Feature", "properties": { "Latitud Origen": 14.68583594, "Longitud Origen": -87.5161981, "Usuario Origen": "Roberto David Castillo Mejía/STANDARD FRUIT DE HONDURAS S.A./RAFAEL HASBUM" }, "geometry": { "type": "Point", "coordinates": [ -87.5161981, 14.68583594 ] } },
{ "type": "Feature", "properties": { "Latitud Origen": 14.70239735, "Longitud Origen": -87.9665036, "Usuario Origen": "Roberto David Castillo Mejía/STANDARD FRUIT DE HONDURAS S.A./RAFAEL HASBUM" }, "geometry": { "type": "Point", "coordinates": [ -87.9665036, 14.70239735 ] } },
{ "type": "Feature", "properties": { "Latitud Origen": 14.72683333, "Longitud Origen": -87.9986944, "Usuario Origen": "Roberto David Castillo Mejía/STANDARD FRUIT DE HONDURAS S.A./RAFAEL HASBUM" }, "geometry": { "type": "Point", "coordinates": [ -87.9986944, 14.72683333 ] } },
{ "type": "Feature", "properties": { "Latitud Origen": 14.72777849, "Longitud Origen": -87.9008372, "Usuario Origen": "Roberto David Castillo Mejía/STANDARD FRUIT DE HONDURAS S.A./RAFAEL HASBUM" }, "geometry": { "type": "Point", "coordinates": [ -87.9008372, 14.72777849 ] } },
{ "type": "Feature", "properties": { "Latitud Origen": 14.74613709, "Longitud Origen": -88.1907743, "Usuario Origen": "Roberto David Castillo Mejía/STANDARD FRUIT DE HONDURAS S.A./RAFAEL HASBUM" }, "geometry": { "type": "Point", "coordinates": [ -88.1907743, 14.74613709 ] } },
{ "type": "Feature", "properties": { "Latitud Origen": 14.75311111, "Longitud Origen": -87.95725, "Usuario Origen": "Roberto David Castillo Mejía/STANDARD FRUIT DE HONDURAS S.A./RAFAEL HASBUM" }, "geometry": { "type": "Point", "coordinates": [ -87.95725, 14.75311111 ] } },
{ "type": "Feature", "properties": { "Latitud Origen": 14.75658411, "Longitud Origen": -88.1077262, "Usuario Origen": "Roberto David Castillo Mejía/STANDARD FRUIT DE HONDURAS S.A./RAFAEL HASBUM" }, "geometry": { "type": "Point", "coordinates": [ -88.1077262, 14.75658411 ] } },
{ "type": "Feature", "properties": { "Latitud Origen": 14.76572222, "Longitud Origen": -87.9607222, "Usuario Origen": "Roberto David Castillo Mejía/STANDARD FRUIT DE HONDURAS S.A./RAFAEL HASBUM" }, "geometry": { "type": "Point", "coordinates": [ -87.9607222, 14.76572222 ] } },
{ "type": "Feature", "properties": { "Latitud Origen": 14.80358605, "Longitud Origen": -88.0147208, "Usuario Origen": "Roberto David Castillo Mejía/STANDARD FRUIT DE HONDURAS S.A./RAFAEL HASBUM" }, "geometry": { "type": "Point", "coordinates": [ -88.0147208, 14.80358605 ] } },
{ "type": "Feature", "properties": { "Latitud Origen": 14.80408333, "Longitud Origen": -88.156, "Usuario Origen": "Roberto David Castillo Mejía/STANDARD FRUIT DE HONDURAS S.A./RAFAEL HASBUM" }, "geometry": { "type": "Point", "coordinates": [ -88.156, 14.80408333 ] } },
{ "type": "Feature", "properties": { "Latitud Origen": 14.80838536, "Longitud Origen": -88.2027746, "Usuario Origen": "Roberto David Castillo Mejía/STANDARD FRUIT DE HONDURAS S.A./RAFAEL HASBUM" }, "geometry": { "type": "Point", "coordinates": [ -88.2027746, 14.80838536 ] } },
{ "type": "Feature", "properties": { "Latitud Origen": 14.8310818, "Longitud Origen": -88.3559456, "Usuario Origen": "Roberto David Castillo Mejía/STANDARD FRUIT DE HONDURAS S.A./RAFAEL HASBUM" }, "geometry": { "type": "Point", "coordinates": [ -88.3559456, 14.8310818 ] } },
{ "type": "Feature", "properties": { "Latitud Origen": 14.83799722, "Longitud Origen": -87.9517667, "Usuario Origen": "Roberto David Castillo Mejía/STANDARD FRUIT DE HONDURAS S.A./RAFAEL HASBUM" }, "geometry": { "type": "Point", "coordinates": [ -87.9517667, 14.83799722 ] } },
{ "type": "Feature", "properties": { "Latitud Origen": 14.84682898, "Longitud Origen": -88.2946361, "Usuario Origen": "Roberto David Castillo Mejía/STANDARD FRUIT DE HONDURAS S.A./RAFAEL HASBUM" }, "geometry": { "type": "Point", "coordinates": [ -88.2946361, 14.84682898 ] } },
{ "type": "Feature", "properties": { "Latitud Origen": 14.89216, "Longitud Origen": -88.29226, "Usuario Origen": "Roberto David Castillo Mejía/STANDARD FRUIT DE HONDURAS S.A./RAFAEL HASBUM" }, "geometry": { "type": "Point", "coordinates": [ -88.29226, 14.89216 ] } },
{ "type": "Feature", "properties": { "Latitud Origen": 14.91176239, "Longitud Origen": -88.2433478, "Usuario Origen": "Roberto David Castillo Mejía/STANDARD FRUIT DE HONDURAS S.A./RAFAEL HASBUM" }, "geometry": { "type": "Point", "coordinates": [ -88.2433478, 14.91176239 ] } },
{ "type": "Feature", "properties": { "Latitud Origen": 14.919182, "Longitud Origen": -88.23618, "Usuario Origen": "Roberto David Castillo Mejía/STANDARD FRUIT DE HONDURAS S.A./RAFAEL HASBUM" }, "geometry": { "type": "Point", "coordinates": [ -88.23618, 14.919182 ] } },
{ "type": "Feature", "properties": { "Latitud Origen": 14.92613889, "Longitud Origen": -88.2408333, "Usuario Origen": "Roberto David Castillo Mejía/STANDARD FRUIT DE HONDURAS S.A./RAFAEL HASBUM" }, "geometry": { "type": "Point", "coordinates": [ -88.2408333, 14.92613889 ] } },
{ "type": "Feature", "properties": { "Latitud Origen": 14.92944836, "Longitud Origen": -87.9566701, "Usuario Origen": "Roberto David Castillo Mejía/STANDARD FRUIT DE HONDURAS S.A./RAFAEL HASBUM" }, "geometry": { "type": "Point", "coordinates": [ -87.9566701, 14.92944836 ] } },
{ "type": "Feature", "properties": { "Latitud Origen": 14.95741667, "Longitud Origen": -88.2317222, "Usuario Origen": "Roberto David Castillo Mejía/STANDARD FRUIT DE HONDURAS S.A./RAFAEL HASBUM" }, "geometry": { "type": "Point", "coordinates": [ -88.2317222, 14.95741667 ] } },
{ "type": "Feature", "properties": { "Latitud Origen": 15.0439435, "Longitud Origen": -87.9323319, "Usuario Origen": "Roberto David Castillo Mejía/STANDARD FRUIT DE HONDURAS S.A./RAFAEL HASBUM" }, "geometry": { "type": "Point", "coordinates": [ -87.9323319, 15.0439435 ] } },
{ "type": "Feature", "properties": { "Latitud Origen": 15.09183333, "Longitud Origen": -87.9253889, "Usuario Origen": "Roberto David Castillo Mejía/STANDARD FRUIT DE HONDURAS S.A./RAFAEL HASBUM" }, "geometry": { "type": "Point", "coordinates": [ -87.9253889, 15.09183333 ] } },
{ "type": "Feature", "properties": { "Latitud Origen": 15.19766667, "Longitud Origen": -87.9634722, "Usuario Origen": "Roberto David Castillo Mejía/STANDARD FRUIT DE HONDURAS S.A./RAFAEL HASBUM" }, "geometry": { "type": "Point", "coordinates": [ -87.9634722, 15.19766667 ] } },
{ "type": "Feature", "properties": { "Latitud Origen": 15.23005565, "Longitud Origen": -87.9613949, "Usuario Origen": "Roberto David Castillo Mejía/STANDARD FRUIT DE HONDURAS S.A./RAFAEL HASBUM" }, "geometry": { "type": "Point", "coordinates": [ -87.9613949, 15.23005565 ] } },
{ "type": "Feature", "properties": { "Latitud Origen": 15.27447222, "Longitud Origen": -87.9729722, "Usuario Origen": "Roberto David Castillo Mejía/STANDARD FRUIT DE HONDURAS S.A./RAFAEL HASBUM" }, "geometry": { "type": "Point", "coordinates": [ -87.9729722, 15.27447222 ] } },
{ "type": "Feature", "properties": { "Latitud Origen": 15.27873056, "Longitud Origen": -87.9603401, "Usuario Origen": "Roberto David Castillo Mejía/STANDARD FRUIT DE HONDURAS S.A./RAFAEL HASBUM" }, "geometry": { "type": "Point", "coordinates": [ -87.9603401, 15.27873056 ] } },
{ "type": "Feature", "properties": { "Latitud Origen": 15.31491332, "Longitud Origen": -87.9964212, "Usuario Origen": "Roberto David Castillo Mejía/STANDARD FRUIT DE HONDURAS S.A./RAFAEL HASBUM" }, "geometry": { "type": "Point", "coordinates": [ -87.9964212, 15.31491332 ] } },
{ "type": "Feature", "properties": { "Latitud Origen": 15.32703901, "Longitud Origen": -87.9752315, "Usuario Origen": "Roberto David Castillo Mejía/STANDARD FRUIT DE HONDURAS S.A./RAFAEL HASBUM" }, "geometry": { "type": "Point", "coordinates": [ -87.9752315, 15.32703901 ] } },
{ "type": "Feature", "properties": { "Latitud Origen": 15.34970278, "Longitud Origen": -87.9905333, "Usuario Origen": "Roberto David Castillo Mejía/STANDARD FRUIT DE HONDURAS S.A./RAFAEL HASBUM" }, "geometry": { "type": "Point", "coordinates": [ -87.9905333, 15.34970278 ] } },
{ "type": "Feature", "properties": { "Latitud Origen": 15.36802778, "Longitud Origen": -87.9859444, "Usuario Origen": "Roberto David Castillo Mejía/STANDARD FRUIT DE HONDURAS S.A./RAFAEL HASBUM" }, "geometry": { "type": "Point", "coordinates": [ -87.9859444, 15.36802778 ] } },
{ "type": "Feature", "properties": { "Latitud Origen": 15.38566667, "Longitud Origen": -87.9833861, "Usuario Origen": "Roberto David Castillo Mejía/STANDARD FRUIT DE HONDURAS S.A./RAFAEL HASBUM" }, "geometry": { "type": "Point", "coordinates": [ -87.9833861, 15.38566667 ] } },
{ "type": "Feature", "properties": { "Latitud Origen": 15.41758124, "Longitud Origen": -88.0237568, "Usuario Origen": "Roberto David Castillo Mejía/STANDARD FRUIT DE HONDURAS S.A./RAFAEL HASBUM" }, "geometry": { "type": "Point", "coordinates": [ -88.0237568, 15.41758124 ] } },
{ "type": "Feature", "properties": { "Latitud Origen": 15.42666351, "Longitud Origen": -87.9295832, "Usuario Origen": "Roberto David Castillo Mejía/STANDARD FRUIT DE HONDURAS S.A./RAFAEL HASBUM" }, "geometry": { "type": "Point", "coordinates": [ -87.9295832, 15.42666351 ] } },
{ "type": "Feature", "properties": { "Latitud Origen": 15.43097569, "Longitud Origen": -88.0201128, "Usuario Origen": "Roberto David Castillo Mejía/STANDARD FRUIT DE HONDURAS S.A./RAFAEL HASBUM" }, "geometry": { "type": "Point", "coordinates": [ -88.0201128, 15.43097569 ] } },
{ "type": "Feature", "properties": { "Latitud Origen": 15.43610819, "Longitud Origen": -87.9129988, "Usuario Origen": "Roberto David Castillo Mejía/STANDARD FRUIT DE HONDURAS S.A./RAFAEL HASBUM" }, "geometry": { "type": "Point", "coordinates": [ -87.9129988, 15.43610819 ] } },
{ "type": "Feature", "properties": { "Latitud Origen": 15.43972222, "Longitud Origen": -87.9268889, "Usuario Origen": "Roberto David Castillo Mejía/STANDARD FRUIT DE HONDURAS S.A./RAFAEL HASBUM" }, "geometry": { "type": "Point", "coordinates": [ -87.9268889, 15.43972222 ] } },
{ "type": "Feature", "properties": { "Latitud Origen": 15.445281, "Longitud Origen": -87.94085, "Usuario Origen": "Roberto David Castillo Mejía/STANDARD FRUIT DE HONDURAS S.A./RAFAEL HASBUM" }, "geometry": { "type": "Point", "coordinates": [ -87.94085, 15.445281 ] } },
{ "type": "Feature", "properties": { "Latitud Origen": 15.45058355, "Longitud Origen": -88.0199197, "Usuario Origen": "Roberto David Castillo Mejía/STANDARD FRUIT DE HONDURAS S.A./RAFAEL HASBUM" }, "geometry": { "type": "Point", "coordinates": [ -88.0199197, 15.45058355 ] } },
{ "type": "Feature", "properties": { "Latitud Origen": 15.45614281, "Longitud Origen": -87.9273377, "Usuario Origen": "Roberto David Castillo Mejía/STANDARD FRUIT DE HONDURAS S.A./RAFAEL HASBUM" }, "geometry": { "type": "Point", "coordinates": [ -87.9273377, 15.45614281 ] } },
{ "type": "Feature", "properties": { "Latitud Origen": 15.4577, "Longitud Origen": -88.02726, "Usuario Origen": "Roberto David Castillo Mejía/STANDARD FRUIT DE HONDURAS S.A./RAFAEL HASBUM" }, "geometry": { "type": "Point", "coordinates": [ -88.02726, 15.4577 ] } },
{ "type": "Feature", "properties": { "Latitud Origen": 15.45800049, "Longitud Origen": -87.949753, "Usuario Origen": "Roberto David Castillo Mejía/STANDARD FRUIT DE HONDURAS S.A./RAFAEL HASBUM" }, "geometry": { "type": "Point", "coordinates": [ -87.949753, 15.45800049 ] } },
{ "type": "Feature", "properties": { "Latitud Origen": 15.45977778, "Longitud Origen": -87.9562222, "Usuario Origen": "Roberto David Castillo Mejía/STANDARD FRUIT DE HONDURAS S.A./RAFAEL HASBUM" }, "geometry": { "type": "Point", "coordinates": [ -87.9562222, 15.45977778 ] } },
{ "type": "Feature", "properties": { "Latitud Origen": 15.465988, "Longitud Origen": -87.96074, "Usuario Origen": "Roberto David Castillo Mejía/STANDARD FRUIT DE HONDURAS S.A./RAFAEL HASBUM" }, "geometry": { "type": "Point", "coordinates": [ -87.96074, 15.465988 ] } },
{ "type": "Feature", "properties": { "Latitud Origen": 15.46941, "Longitud Origen": -88.03432, "Usuario Origen": "Roberto David Castillo Mejía/STANDARD FRUIT DE HONDURAS S.A./RAFAEL HASBUM" }, "geometry": { "type": "Point", "coordinates": [ -88.03432, 15.46941 ] } },
{ "type": "Feature", "properties": { "Latitud Origen": 15.47151396, "Longitud Origen": -87.9810875, "Usuario Origen": "Roberto David Castillo Mejía/STANDARD FRUIT DE HONDURAS S.A./RAFAEL HASBUM" }, "geometry": { "type": "Point", "coordinates": [ -87.9810875, 15.47151396 ] } },
{ "type": "Feature", "properties": { "Latitud Origen": 15.47191667, "Longitud Origen": -87.9896111, "Usuario Origen": "Roberto David Castillo Mejía/STANDARD FRUIT DE HONDURAS S.A./RAFAEL HASBUM" }, "geometry": { "type": "Point", "coordinates": [ -87.9896111, 15.47191667 ] } },
{ "type": "Feature", "properties": { "Latitud Origen": 15.47402587, "Longitud Origen": -87.9375311, "Usuario Origen": "Roberto David Castillo Mejía/STANDARD FRUIT DE HONDURAS S.A./RAFAEL HASBUM" }, "geometry": { "type": "Point", "coordinates": [ -87.9375311, 15.47402587 ] } },
{ "type": "Feature", "properties": { "Latitud Origen": 15.478597, "Longitud Origen": -88.035453, "Usuario Origen": "Roberto David Castillo Mejía/STANDARD FRUIT DE HONDURAS S.A./RAFAEL HASBUM" }, "geometry": { "type": "Point", "coordinates": [ -88.035453, 15.478597 ] } },
{ "type": "Feature", "properties": { "Latitud Origen": 15.47924765, "Longitud Origen": -88.0356083, "Usuario Origen": "Roberto David Castillo Mejía/STANDARD FRUIT DE HONDURAS S.A./RAFAEL HASBUM" }, "geometry": { "type": "Point", "coordinates": [ -88.0356083, 15.47924765 ] } },
{ "type": "Feature", "properties": { "Latitud Origen": 15.47944545, "Longitud Origen": -88.0300257, "Usuario Origen": "Roberto David Castillo Mejía/STANDARD FRUIT DE HONDURAS S.A./RAFAEL HASBUM" }, "geometry": { "type": "Point", "coordinates": [ -88.0300257, 15.47944545 ] } },
{ "type": "Feature", "properties": { "Latitud Origen": 15.48157587, "Longitud Origen": -88.0209011, "Usuario Origen": "Roberto David Castillo Mejía/STANDARD FRUIT DE HONDURAS S.A./RAFAEL HASBUM" }, "geometry": { "type": "Point", "coordinates": [ -88.0209011, 15.48157587 ] } },
{ "type": "Feature", "properties": { "Latitud Origen": 15.48659515, "Longitud Origen": -88.0340322, "Usuario Origen": "Roberto David Castillo Mejía/STANDARD FRUIT DE HONDURAS S.A./RAFAEL HASBUM" }, "geometry": { "type": "Point", "coordinates": [ -88.0340322, 15.48659515 ] } },
{ "type": "Feature", "properties": { "Latitud Origen": 15.48705556, "Longitud Origen": -88.0433056, "Usuario Origen": "Roberto David Castillo Mejía/STANDARD FRUIT DE HONDURAS S.A./RAFAEL HASBUM" }, "geometry": { "type": "Point", "coordinates": [ -88.0433056, 15.48705556 ] } },
{ "type": "Feature", "properties": { "Latitud Origen": 15.48855, "Longitud Origen": -87.98866, "Usuario Origen": "Roberto David Castillo Mejía/STANDARD FRUIT DE HONDURAS S.A./RAFAEL HASBUM" }, "geometry": { "type": "Point", "coordinates": [ -87.98866, 15.48855 ] } },
{ "type": "Feature", "properties": { "Latitud Origen": 15.4911, "Longitud Origen": -88.0285, "Usuario Origen": "Roberto David Castillo Mejía/STANDARD FRUIT DE HONDURAS S.A./RAFAEL HASBUM" }, "geometry": { "type": "Point", "coordinates": [ -88.0285, 15.4911 ] } },
{ "type": "Feature", "properties": { "Latitud Origen": 15.4911, "Longitud Origen": -88.03444, "Usuario Origen": "Roberto David Castillo Mejía/STANDARD FRUIT DE HONDURAS S.A./RAFAEL HASBUM" }, "geometry": { "type": "Point", "coordinates": [ -88.03444, 15.4911 ] } },
{ "type": "Feature", "properties": { "Latitud Origen": 15.493476, "Longitud Origen": -88.034377, "Usuario Origen": "Roberto David Castillo Mejía/STANDARD FRUIT DE HONDURAS S.A./RAFAEL HASBUM" }, "geometry": { "type": "Point", "coordinates": [ -88.034377, 15.493476 ] } },
{ "type": "Feature", "properties": { "Latitud Origen": 15.49530556, "Longitud Origen": -88.0390278, "Usuario Origen": "Roberto David Castillo Mejía/STANDARD FRUIT DE HONDURAS S.A./RAFAEL HASBUM" }, "geometry": { "type": "Point", "coordinates": [ -88.0390278, 15.49530556 ] } },
{ "type": "Feature", "properties": { "Latitud Origen": 15.495418, "Longitud Origen": -88.037889, "Usuario Origen": "Roberto David Castillo Mejía/STANDARD FRUIT DE HONDURAS S.A./RAFAEL HASBUM" }, "geometry": { "type": "Point", "coordinates": [ -88.037889, 15.495418 ] } },
{ "type": "Feature", "properties": { "Latitud Origen": 15.49652427, "Longitud Origen": -88.0428724, "Usuario Origen": "Roberto David Castillo Mejía/STANDARD FRUIT DE HONDURAS S.A./RAFAEL HASBUM" }, "geometry": { "type": "Point", "coordinates": [ -88.0428724, 15.49652427 ] } },
{ "type": "Feature", "properties": { "Latitud Origen": 15.497, "Longitud Origen": -88.0361111, "Usuario Origen": "Roberto David Castillo Mejía/STANDARD FRUIT DE HONDURAS S.A./RAFAEL HASBUM" }, "geometry": { "type": "Point", "coordinates": [ -88.0361111, 15.497 ] } },
{ "type": "Feature", "properties": { "Latitud Origen": 15.49700715, "Longitud Origen": -88.0324339, "Usuario Origen": "Roberto David Castillo Mejía/STANDARD FRUIT DE HONDURAS S.A./RAFAEL HASBUM" }, "geometry": { "type": "Point", "coordinates": [ -88.0324339, 15.49700715 ] } },
{ "type": "Feature", "properties": { "Latitud Origen": 15.49771862, "Longitud Origen": -88.0368655, "Usuario Origen": "Roberto David Castillo Mejía/STANDARD FRUIT DE HONDURAS S.A./RAFAEL HASBUM" }, "geometry": { "type": "Point", "coordinates": [ -88.0368655, 15.49771862 ] } },
{ "type": "Feature", "properties": { "Latitud Origen": 15.49986111, "Longitud Origen": -88.0266944, "Usuario Origen": "Roberto David Castillo Mejía/STANDARD FRUIT DE HONDURAS S.A./RAFAEL HASBUM" }, "geometry": { "type": "Point", "coordinates": [ -88.0266944, 15.49986111 ] } },
{ "type": "Feature", "properties": { "Latitud Origen": 15.50016667, "Longitud Origen": -88.0449444, "Usuario Origen": "Roberto David Castillo Mejía/STANDARD FRUIT DE HONDURAS S.A./RAFAEL HASBUM" }, "geometry": { "type": "Point", "coordinates": [ -88.0449444, 15.50016667 ] } },
{ "type": "Feature", "properties": { "Latitud Origen": 15.50163889, "Longitud Origen": -88.0384167, "Usuario Origen": "Roberto David Castillo Mejía/STANDARD FRUIT DE HONDURAS S.A./RAFAEL HASBUM" }, "geometry": { "type": "Point", "coordinates": [ -88.0384167, 15.50163889 ] } },
{ "type": "Feature", "properties": { "Latitud Origen": 15.5035821, "Longitud Origen": -88.0413882, "Usuario Origen": "Roberto David Castillo Mejía/STANDARD FRUIT DE HONDURAS S.A./RAFAEL HASBUM" }, "geometry": { "type": "Point", "coordinates": [ -88.0413882, 15.5035821 ] } },
{ "type": "Feature", "properties": { "Latitud Origen": 15.504, "Longitud Origen": -88.0098333, "Usuario Origen": "Roberto David Castillo Mejía/STANDARD FRUIT DE HONDURAS S.A./RAFAEL HASBUM" }, "geometry": { "type": "Point", "coordinates": [ -88.0098333, 15.504 ] } },
{ "type": "Feature", "properties": { "Latitud Origen": 15.50468334, "Longitud Origen": -88.0459278, "Usuario Origen": "Roberto David Castillo Mejía/STANDARD FRUIT DE HONDURAS S.A./RAFAEL HASBUM" }, "geometry": { "type": "Point", "coordinates": [ -88.0459278, 15.50468334 ] } },
{ "type": "Feature", "properties": { "Latitud Origen": 15.50483333, "Longitud Origen": -88.0146944, "Usuario Origen": "Roberto David Castillo Mejía/STANDARD FRUIT DE HONDURAS S.A./RAFAEL HASBUM" }, "geometry": { "type": "Point", "coordinates": [ -88.0146944, 15.50483333 ] } },
{ "type": "Feature", "properties": { "Latitud Origen": 15.50605556, "Longitud Origen": -88.0363611, "Usuario Origen": "Roberto David Castillo Mejía/STANDARD FRUIT DE HONDURAS S.A./RAFAEL HASBUM" }, "geometry": { "type": "Point", "coordinates": [ -88.0363611, 15.50605556 ] } },
{ "type": "Feature", "properties": { "Latitud Origen": 15.50652778, "Longitud Origen": -87.9911389, "Usuario Origen": "Roberto David Castillo Mejía/STANDARD FRUIT DE HONDURAS S.A./RAFAEL HASBUM" }, "geometry": { "type": "Point", "coordinates": [ -87.9911389, 15.50652778 ] } },
{ "type": "Feature", "properties": { "Latitud Origen": 15.50789, "Longitud Origen": -88.03257, "Usuario Origen": "Roberto David Castillo Mejía/STANDARD FRUIT DE HONDURAS S.A./RAFAEL HASBUM" }, "geometry": { "type": "Point", "coordinates": [ -88.03257, 15.50789 ] } },
{ "type": "Feature", "properties": { "Latitud Origen": 15.50822223, "Longitud Origen": -88.0402972, "Usuario Origen": "Roberto David Castillo Mejía/STANDARD FRUIT DE HONDURAS S.A./RAFAEL HASBUM" }, "geometry": { "type": "Point", "coordinates": [ -88.0402972, 15.50822223 ] } },
{ "type": "Feature", "properties": { "Latitud Origen": 15.508383, "Longitud Origen": -88.036067, "Usuario Origen": "Roberto David Castillo Mejía/STANDARD FRUIT DE HONDURAS S.A./RAFAEL HASBUM" }, "geometry": { "type": "Point", "coordinates": [ -88.036067, 15.508383 ] } },
{ "type": "Feature", "properties": { "Latitud Origen": 15.51008276, "Longitud Origen": -88.0295528, "Usuario Origen": "Roberto David Castillo Mejía/STANDARD FRUIT DE HONDURAS S.A./RAFAEL HASBUM" }, "geometry": { "type": "Point", "coordinates": [ -88.0295528, 15.51008276 ] } },
{ "type": "Feature", "properties": { "Latitud Origen": 15.51288889, "Longitud Origen": -88.0245556, "Usuario Origen": "Roberto David Castillo Mejía/STANDARD FRUIT DE HONDURAS S.A./RAFAEL HASBUM" }, "geometry": { "type": "Point", "coordinates": [ -88.0245556, 15.51288889 ] } },
{ "type": "Feature", "properties": { "Latitud Origen": 15.51380082, "Longitud Origen": -88.0366847, "Usuario Origen": "Roberto David Castillo Mejía/STANDARD FRUIT DE HONDURAS S.A./RAFAEL HASBUM" }, "geometry": { "type": "Point", "coordinates": [ -88.0366847, 15.51380082 ] } },
{ "type": "Feature", "properties": { "Latitud Origen": 15.51705816, "Longitud Origen": -88.0456139, "Usuario Origen": "Roberto David Castillo Mejía/STANDARD FRUIT DE HONDURAS S.A./RAFAEL HASBUM" }, "geometry": { "type": "Point", "coordinates": [ -88.0456139, 15.51705816 ] } },
{ "type": "Feature", "properties": { "Latitud Origen": 15.51723829, "Longitud Origen": -88.0264837, "Usuario Origen": "Roberto David Castillo Mejía/STANDARD FRUIT DE HONDURAS S.A./RAFAEL HASBUM" }, "geometry": { "type": "Point", "coordinates": [ -88.0264837, 15.51723829 ] } },
{ "type": "Feature", "properties": { "Latitud Origen": 15.51784, "Longitud Origen": -88.030801, "Usuario Origen": "Roberto David Castillo Mejía/STANDARD FRUIT DE HONDURAS S.A./RAFAEL HASBUM" }, "geometry": { "type": "Point", "coordinates": [ -88.030801, 15.51784 ] } },
{ "type": "Feature", "properties": { "Latitud Origen": 15.518861, "Longitud Origen": -88.035528, "Usuario Origen": "Roberto David Castillo Mejía/STANDARD FRUIT DE HONDURAS S.A./RAFAEL HASBUM" }, "geometry": { "type": "Point", "coordinates": [ -88.035528, 15.518861 ] } },
{ "type": "Feature", "properties": { "Latitud Origen": 15.52067475, "Longitud Origen": -88.0164035, "Usuario Origen": "Roberto David Castillo Mejía/STANDARD FRUIT DE HONDURAS S.A./RAFAEL HASBUM" }, "geometry": { "type": "Point", "coordinates": [ -88.0164035, 15.52067475 ] } },
{ "type": "Feature", "properties": { "Latitud Origen": 15.52408333, "Longitud Origen": -88.0435833, "Usuario Origen": "Roberto David Castillo Mejía/STANDARD FRUIT DE HONDURAS S.A./RAFAEL HASBUM" }, "geometry": { "type": "Point", "coordinates": [ -88.0435833, 15.52408333 ] } },
{ "type": "Feature", "properties": { "Latitud Origen": 15.52768334, "Longitud Origen": -88.0167111, "Usuario Origen": "Roberto David Castillo Mejía/STANDARD FRUIT DE HONDURAS S.A./RAFAEL HASBUM" }, "geometry": { "type": "Point", "coordinates": [ -88.0167111, 15.52768334 ] } },
{ "type": "Feature", "properties": { "Latitud Origen": 15.528467, "Longitud Origen": -88.039406, "Usuario Origen": "Roberto David Castillo Mejía/STANDARD FRUIT DE HONDURAS S.A./RAFAEL HASBUM" }, "geometry": { "type": "Point", "coordinates": [ -88.039406, 15.528467 ] } },
{ "type": "Feature", "properties": { "Latitud Origen": 15.52922825, "Longitud Origen": -88.0198765, "Usuario Origen": "Roberto David Castillo Mejía/STANDARD FRUIT DE HONDURAS S.A./RAFAEL HASBUM" }, "geometry": { "type": "Point", "coordinates": [ -88.0198765, 15.52922825 ] } },
{ "type": "Feature", "properties": { "Latitud Origen": 15.52946858, "Longitud Origen": -88.0148056, "Usuario Origen": "Roberto David Castillo Mejía/STANDARD FRUIT DE HONDURAS S.A./RAFAEL HASBUM" }, "geometry": { "type": "Point", "coordinates": [ -88.0148056, 15.52946858 ] } },
{ "type": "Feature", "properties": { "Latitud Origen": 15.53034603, "Longitud Origen": -88.0475642, "Usuario Origen": "Roberto David Castillo Mejía/STANDARD FRUIT DE HONDURAS S.A./RAFAEL HASBUM" }, "geometry": { "type": "Point", "coordinates": [ -88.0475642, 15.53034603 ] } },
{ "type": "Feature", "properties": { "Latitud Origen": 15.530453, "Longitud Origen": -88.047506, "Usuario Origen": "Roberto David Castillo Mejía/STANDARD FRUIT DE HONDURAS S.A./RAFAEL HASBUM" }, "geometry": { "type": "Point", "coordinates": [ -88.047506, 15.530453 ] } },
{ "type": "Feature", "properties": { "Latitud Origen": 15.53346, "Longitud Origen": -88.039399, "Usuario Origen": "Roberto David Castillo Mejía/STANDARD FRUIT DE HONDURAS S.A./RAFAEL HASBUM" }, "geometry": { "type": "Point", "coordinates": [ -88.039399, 15.53346 ] } },
{ "type": "Feature", "properties": { "Latitud Origen": 15.555207, "Longitud Origen": -87.967496, "Usuario Origen": "Roberto David Castillo Mejía/STANDARD FRUIT DE HONDURAS S.A./RAFAEL HASBUM" }, "geometry": { "type": "Point", "coordinates": [ -87.967496, 15.555207 ] } },
{ "type": "Feature", "properties": { "Latitud Origen": 15.56033333, "Longitud Origen": -88.0196389, "Usuario Origen": "Roberto David Castillo Mejía/STANDARD FRUIT DE HONDURAS S.A./RAFAEL HASBUM" }, "geometry": { "type": "Point", "coordinates": [ -88.0196389, 15.56033333 ] } },
{ "type": "Feature", "properties": { "Latitud Origen": 15.57041667, "Longitud Origen": -87.9566944, "Usuario Origen": "Roberto David Castillo Mejía/STANDARD FRUIT DE HONDURAS S.A./RAFAEL HASBUM" }, "geometry": { "type": "Point", "coordinates": [ -87.9566944, 15.57041667 ] } },
{ "type": "Feature", "properties": { "Latitud Origen": 15.67511111, "Longitud Origen": -87.9407222, "Usuario Origen": "Roberto David Castillo Mejía/STANDARD FRUIT DE HONDURAS S.A./RAFAEL HASBUM" }, "geometry": { "type": "Point", "coordinates": [ -87.9407222, 15.67511111 ] } },
{ "type": "Feature", "properties": { "Latitud Origen": 15.702592, "Longitud Origen": -88.091868, "Usuario Origen": "Roberto David Castillo Mejía/STANDARD FRUIT DE HONDURAS S.A./RAFAEL HASBUM" }, "geometry": { "type": "Point", "coordinates": [ -88.091868, 15.702592 ] } },
{ "type": "Feature", "properties": { "Latitud Origen": 15.7498692, "Longitud Origen": -86.8544114, "Usuario Origen": "Roberto David Castillo Mejía/STANDARD FRUIT DE HONDURAS S.A./RAFAEL HASBUM" }, "geometry": { "type": "Point", "coordinates": [ -86.8544114, 15.7498692 ] } },
{ "type": "Feature", "properties": { "Latitud Origen": 15.74987062, "Longitud Origen": -86.8544087, "Usuario Origen": "Roberto David Castillo Mejía/STANDARD FRUIT DE HONDURAS S.A./RAFAEL HASBUM" }, "geometry": { "type": "Point", "coordinates": [ -86.8544087, 15.74987062 ] } },
{ "type": "Feature", "properties": { "Latitud Origen": 15.7605, "Longitud Origen": -86.8132222, "Usuario Origen": "Roberto David Castillo Mejía/STANDARD FRUIT DE HONDURAS S.A./RAFAEL HASBUM" }, "geometry": { "type": "Point", "coordinates": [ -86.8132222, 15.7605 ] } },
{ "type": "Feature", "properties": { "Latitud Origen": 15.76577143, "Longitud Origen": -86.8076002, "Usuario Origen": "Roberto David Castillo Mejía/STANDARD FRUIT DE HONDURAS S.A./RAFAEL HASBUM" }, "geometry": { "type": "Point", "coordinates": [ -86.8076002, 15.76577143 ] } },
{ "type": "Feature", "properties": { "Latitud Origen": 15.7665274, "Longitud Origen": -86.775662, "Usuario Origen": "Roberto David Castillo Mejía/STANDARD FRUIT DE HONDURAS S.A./RAFAEL HASBUM" }, "geometry": { "type": "Point", "coordinates": [ -86.775662, 15.7665274 ] } },
{ "type": "Feature", "properties": { "Latitud Origen": 15.76869501, "Longitud Origen": -86.7411639, "Usuario Origen": "Roberto David Castillo Mejía/STANDARD FRUIT DE HONDURAS S.A./RAFAEL HASBUM" }, "geometry": { "type": "Point", "coordinates": [ -86.7411639, 15.76869501 ] } },
{ "type": "Feature", "properties": { "Latitud Origen": 15.76958611, "Longitud Origen": -86.7979972, "Usuario Origen": "Roberto David Castillo Mejía/STANDARD FRUIT DE HONDURAS S.A./RAFAEL HASBUM" }, "geometry": { "type": "Point", "coordinates": [ -86.7979972, 15.76958611 ] } },
{ "type": "Feature", "properties": { "Latitud Origen": 15.769672, "Longitud Origen": -86.789942, "Usuario Origen": "Roberto David Castillo Mejía/STANDARD FRUIT DE HONDURAS S.A./RAFAEL HASBUM" }, "geometry": { "type": "Point", "coordinates": [ -86.789942, 15.769672 ] } },
{ "type": "Feature", "properties": { "Latitud Origen": 15.76981425, "Longitud Origen": -86.7898676, "Usuario Origen": "Roberto David Castillo Mejía/STANDARD FRUIT DE HONDURAS S.A./RAFAEL HASBUM" }, "geometry": { "type": "Point", "coordinates": [ -86.7898676, 15.76981425 ] } },
{ "type": "Feature", "properties": { "Latitud Origen": 15.7698164, "Longitud Origen": -86.7898648, "Usuario Origen": "Roberto David Castillo Mejía/STANDARD FRUIT DE HONDURAS S.A./RAFAEL HASBUM" }, "geometry": { "type": "Point", "coordinates": [ -86.7898648, 15.7698164 ] } },
{ "type": "Feature", "properties": { "Latitud Origen": 15.77228, "Longitud Origen": -86.79282, "Usuario Origen": "Roberto David Castillo Mejía/STANDARD FRUIT DE HONDURAS S.A./RAFAEL HASBUM" }, "geometry": { "type": "Point", "coordinates": [ -86.79282, 15.77228 ] } },
{ "type": "Feature", "properties": { "Latitud Origen": 15.77433365, "Longitud Origen": -86.7984988, "Usuario Origen": "Roberto David Castillo Mejía/STANDARD FRUIT DE HONDURAS S.A./RAFAEL HASBUM" }, "geometry": { "type": "Point", "coordinates": [ -86.7984988, 15.77433365 ] } },
{ "type": "Feature", "properties": { "Latitud Origen": 15.77566667, "Longitud Origen": -86.7618333, "Usuario Origen": "Roberto David Castillo Mejía/STANDARD FRUIT DE HONDURAS S.A./RAFAEL HASBUM" }, "geometry": { "type": "Point", "coordinates": [ -86.7618333, 15.77566667 ] } },
{ "type": "Feature", "properties": { "Latitud Origen": 15.77586111, "Longitud Origen": -86.793, "Usuario Origen": "Roberto David Castillo Mejía/STANDARD FRUIT DE HONDURAS S.A./RAFAEL HASBUM" }, "geometry": { "type": "Point", "coordinates": [ -86.793, 15.77586111 ] } },
{ "type": "Feature", "properties": { "Latitud Origen": 15.77780388, "Longitud Origen": -86.7698051, "Usuario Origen": "Roberto David Castillo Mejía/STANDARD FRUIT DE HONDURAS S.A./RAFAEL HASBUM" }, "geometry": { "type": "Point", "coordinates": [ -86.7698051, 15.77780388 ] } },
{ "type": "Feature", "properties": { "Latitud Origen": 15.77847223, "Longitud Origen": -86.7950556, "Usuario Origen": "Roberto David Castillo Mejía/STANDARD FRUIT DE HONDURAS S.A./RAFAEL HASBUM" }, "geometry": { "type": "Point", "coordinates": [ -86.7950556, 15.77847223 ] } },
{ "type": "Feature", "properties": { "Latitud Origen": 15.77952516, "Longitud Origen": -86.7912767, "Usuario Origen": "Roberto David Castillo Mejía/STANDARD FRUIT DE HONDURAS S.A./RAFAEL HASBUM" }, "geometry": { "type": "Point", "coordinates": [ -86.7912767, 15.77952516 ] } },
{ "type": "Feature", "properties": { "Latitud Origen": 15.779779, "Longitud Origen": -86.79103, "Usuario Origen": "Roberto David Castillo Mejía/STANDARD FRUIT DE HONDURAS S.A./RAFAEL HASBUM" }, "geometry": { "type": "Point", "coordinates": [ -86.79103, 15.779779 ] } },
{ "type": "Feature", "properties": { "Latitud Origen": 15.78159, "Longitud Origen": -86.787483, "Usuario Origen": "Roberto David Castillo Mejía/STANDARD FRUIT DE HONDURAS S.A./RAFAEL HASBUM" }, "geometry": { "type": "Point", "coordinates": [ -86.787483, 15.78159 ] } },
{ "type": "Feature", "properties": { "Latitud Origen": 15.78269444, "Longitud Origen": -86.7915833, "Usuario Origen": "Roberto David Castillo Mejía/STANDARD FRUIT DE HONDURAS S.A./RAFAEL HASBUM" }, "geometry": { "type": "Point", "coordinates": [ -86.7915833, 15.78269444 ] } },
{ "type": "Feature", "properties": { "Latitud Origen": 15.78430557, "Longitud Origen": -86.78, "Usuario Origen": "Roberto David Castillo Mejía/STANDARD FRUIT DE HONDURAS S.A./RAFAEL HASBUM" }, "geometry": { "type": "Point", "coordinates": [ -86.78, 15.78430557 ] } },
{ "type": "Feature", "properties": { "Latitud Origen": 15.78461499, "Longitud Origen": -86.7912808, "Usuario Origen": "Roberto David Castillo Mejía/STANDARD FRUIT DE HONDURAS S.A./RAFAEL HASBUM" }, "geometry": { "type": "Point", "coordinates": [ -86.7912808, 15.78461499 ] } },
{ "type": "Feature", "properties": { "Latitud Origen": 15.78772617, "Longitud Origen": -86.7900239, "Usuario Origen": "Roberto David Castillo Mejía/STANDARD FRUIT DE HONDURAS S.A./RAFAEL HASBUM" }, "geometry": { "type": "Point", "coordinates": [ -86.7900239, 15.78772617 ] } },
{ "type": "Feature", "properties": { "Latitud Origen": 15.78893889, "Longitud Origen": -86.779475, "Usuario Origen": "Roberto David Castillo Mejía/STANDARD FRUIT DE HONDURAS S.A./RAFAEL HASBUM" }, "geometry": { "type": "Point", "coordinates": [ -86.779475, 15.78893889 ] } },
{ "type": "Feature", "properties": { "Latitud Origen": 16.28167223, "Longitud Origen": -86.5921528, "Usuario Origen": "Roberto David Castillo Mejía/STANDARD FRUIT DE HONDURAS S.A./RAFAEL HASBUM" }, "geometry": { "type": "Point", "coordinates": [ -86.5921528, 16.28167223 ] } },
{ "type": "Feature", "properties": { "Latitud Origen": 16.30067122, "Longitud Origen": -86.5918876, "Usuario Origen": "Roberto David Castillo Mejía/STANDARD FRUIT DE HONDURAS S.A./RAFAEL HASBUM" }, "geometry": { "type": "Point", "coordinates": [ -86.5918876, 16.30067122 ] } },
{ "type": "Feature", "properties": { "Latitud Origen": 16.30710556, "Longitud Origen": -86.5825306, "Usuario Origen": "Roberto David Castillo Mejía/STANDARD FRUIT DE HONDURAS S.A./RAFAEL HASBUM" }, "geometry": { "type": "Point", "coordinates": [ -86.5825306, 16.30710556 ] } },
{ "type": "Feature", "properties": { "Latitud Origen": 16.31783333, "Longitud Origen": -86.5269722, "Usuario Origen": "Roberto David Castillo Mejía/STANDARD FRUIT DE HONDURAS S.A./RAFAEL HASBUM" }, "geometry": { "type": "Point", "coordinates": [ -86.5269722, 16.31783333 ] } },
{ "type": "Feature", "properties": { "Latitud Origen": 16.31794692, "Longitud Origen": -86.5270533, "Usuario Origen": "Roberto David Castillo Mejía/STANDARD FRUIT DE HONDURAS S.A./RAFAEL HASBUM" }, "geometry": { "type": "Point", "coordinates": [ -86.5270533, 16.31794692 ] } },
{ "type": "Feature", "properties": { "Latitud Origen": 16.319273, "Longitud Origen": -86.534383, "Usuario Origen": "Roberto David Castillo Mejía/STANDARD FRUIT DE HONDURAS S.A./RAFAEL HASBUM" }, "geometry": { "type": "Point", "coordinates": [ -86.534383, 16.319273 ] } },
{ "type": "Feature", "properties": { "Latitud Origen": 16.334325, "Longitud Origen": -86.5245694, "Usuario Origen": "Roberto David Castillo Mejía/STANDARD FRUIT DE HONDURAS S.A./RAFAEL HASBUM" }, "geometry": { "type": "Point", "coordinates": [ -86.5245694, 16.334325 ] } },
{ "type": "Feature", "properties": { "Latitud Origen": 16.35488889, "Longitud Origen": -86.4630833, "Usuario Origen": "Roberto David Castillo Mejía/STANDARD FRUIT DE HONDURAS S.A./RAFAEL HASBUM" }, "geometry": { "type": "Point", "coordinates": [ -86.4630833, 16.35488889 ] } },
{ "type": "Feature", "properties": { "Latitud Origen": 16.35760278, "Longitud Origen": -86.4787194, "Usuario Origen": "Roberto David Castillo Mejía/STANDARD FRUIT DE HONDURAS S.A./RAFAEL HASBUM" }, "geometry": { "type": "Point", "coordinates": [ -86.4787194, 16.35760278 ] } },
{ "type": "Feature", "properties": { "Latitud Origen": 16.38111667, "Longitud Origen": -86.4213611, "Usuario Origen": "Roberto David Castillo Mejía/STANDARD FRUIT DE HONDURAS S.A./RAFAEL HASBUM" }, "geometry": { "type": "Point", "coordinates": [ -86.4213611, 16.38111667 ] } },
{ "type": "Feature", "properties": { "Latitud Origen": 16.39110907, "Longitud Origen": -86.3605527, "Usuario Origen": "Roberto David Castillo Mejía/STANDARD FRUIT DE HONDURAS S.A./RAFAEL HASBUM" }, "geometry": { "type": "Point", "coordinates": [ -86.3605527, 16.39110907 ] } },
{ "type": "Feature", "properties": { "Latitud Origen": 16.45472222, "Longitud Origen": -85.8939722, "Usuario Origen": "Roberto David Castillo Mejía/STANDARD FRUIT DE HONDURAS S.A./RAFAEL HASBUM" }, "geometry": { "type": "Point", "coordinates": [ -85.8939722, 16.45472222 ] } },
{ "type": "Feature", "properties": { "Latitud Origen": 16.49597222, "Longitud Origen": -85.8441111, "Usuario Origen": "Roberto David Castillo Mejía/STANDARD FRUIT DE HONDURAS S.A./RAFAEL HASBUM" }, "geometry": { "type": "Point", "coordinates": [ -85.8441111, 16.49597222 ] } }
]
}
