{
"type": "FeatureCollection",
"name": "iv_caminos_2006",
"crs": { "type": "name", "properties": { "name": "urn:ogc:def:crs:OGC:1.3:CRS84" } },
"features": [
{ "type": "Feature", "properties": { "full_id": "w350669884", "osm_id": "350669884", "osm_type": "way", "service": null, "highway": "tertiary", "layer": null, "bridge": null, "maxspeed": null, "lanes": null, "surface": "fine_gravel", "ref": "RV-691", "name": "San Pedro Zacapa - Azacualpa" }, "geometry": { "type": "MultiLineString", "coordinates": [ [ [ -88.0899308, 14.7178664 ], [ -88.0899869, 14.7179148 ], [ -88.0900861, 14.7179771 ], [ -88.0901961, 14.7180186 ], [ -88.0903463, 14.7180186 ], [ -88.0904965, 14.7179706 ], [ -88.0916297, 14.7172663 ], [ -88.0926141, 14.7166086 ], [ -88.0927107, 14.7165801 ], [ -88.0928153, 14.7165749 ], [ -88.0929413, 14.7166138 ], [ -88.0930755, 14.716728 ], [ -88.0932099, 14.7169293 ], [ -88.093286, 14.7170432 ], [ -88.0933437, 14.7171923 ], [ -88.0933598, 14.7174297 ], [ -88.093349, 14.7175322 ], [ -88.0932927, 14.7176645 ], [ -88.0930688, 14.7180977 ], [ -88.0929625, 14.7183893 ], [ -88.092936, 14.7186464 ], [ -88.0929668, 14.7189136 ], [ -88.0930486, 14.7191263 ], [ -88.0931345, 14.7193014 ], [ -88.093223, 14.7194441 ], [ -88.0933437, 14.7195492 ], [ -88.0934738, 14.7196088 ], [ -88.0939566, 14.7197398 ], [ -88.0941577, 14.7198475 ], [ -88.0941953, 14.7198773 ], [ -88.0942221, 14.7199214 ], [ -88.0942462, 14.7200395 ], [ -88.094257, 14.7202249 ], [ -88.0942221, 14.7204169 ], [ -88.0941363, 14.7206543 ], [ -88.0940719, 14.7207944 ], [ -88.0940115, 14.7209085 ], [ -88.0939499, 14.7209824 ], [ -88.0935677, 14.7212576 ], [ -88.0935113, 14.7213203 ], [ -88.0934845, 14.7213787 ], [ -88.0934832, 14.721426 ], [ -88.0934885, 14.7214883 ], [ -88.0935167, 14.7215622 ], [ -88.0935583, 14.7216115 ], [ -88.093691, 14.7217749 ], [ -88.0937071, 14.7218126 ], [ -88.0937071, 14.7218554 ], [ -88.0936964, 14.7218995 ], [ -88.0936186, 14.7221939 ], [ -88.0936146, 14.7222639 ], [ -88.0936414, 14.7223249 ], [ -88.0937554, 14.7224105 ], [ -88.0941135, 14.7224896 ], [ -88.0942563, 14.7225052 ], [ -88.094383, 14.7224968 ], [ -88.0945238, 14.7224702 ], [ -88.0946499, 14.7223937 ], [ -88.0948994, 14.7221887 ], [ -88.0949543, 14.7221706 ], [ -88.0950388, 14.7221744 ], [ -88.0950978, 14.7222406 ], [ -88.0951971, 14.7225311 ], [ -88.0952226, 14.7225662 ], [ -88.0952843, 14.7226245 ], [ -88.0955605, 14.7228061 ], [ -88.0957979, 14.7230331 ], [ -88.0958328, 14.7230889 ], [ -88.0959052, 14.7233703 ], [ -88.0959106, 14.7234196 ], [ -88.0958864, 14.7234988 ], [ -88.0958341, 14.7236414 ], [ -88.0958194, 14.7237154 ], [ -88.0958234, 14.7237711 ], [ -88.0958408, 14.7238256 ], [ -88.0962807, 14.7243276 ], [ -88.0963451, 14.724373 ], [ -88.0964443, 14.7244015 ], [ -88.0965556, 14.7244028 ], [ -88.0969808, 14.7242329 ], [ -88.0970639, 14.7242238 ], [ -88.0971484, 14.7242433 ], [ -88.0972584, 14.7243068 ], [ -88.0974381, 14.7244301 ], [ -88.0974835, 14.7244775 ], [ -88.0975896, 14.7245883 ], [ -88.097827, 14.7249761 ], [ -88.0978873, 14.7250384 ], [ -88.0979745, 14.7250786 ], [ -88.0985677, 14.7252291 ], [ -88.0988489, 14.7253004 ], [ -88.0990836, 14.7253536 ], [ -88.0991574, 14.7253536 ], [ -88.0992512, 14.7253471 ], [ -88.0996509, 14.72522 ], [ -88.0999714, 14.7251733 ], [ -88.1000666, 14.7251486 ], [ -88.100595, 14.7248827 ], [ -88.1006792, 14.7247991 ], [ -88.1007613, 14.7247076 ], [ -88.100933, 14.7243613 ], [ -88.1010751, 14.7241188 ], [ -88.1011462, 14.7240565 ], [ -88.1013018, 14.7240059 ], [ -88.1014238, 14.7240072 ], [ -88.1018691, 14.7241136 ], [ -88.1019616, 14.7241239 ], [ -88.1020327, 14.7241149 ], [ -88.1026362, 14.7239683 ], [ -88.1027314, 14.7239618 ], [ -88.1028441, 14.7239878 ], [ -88.1039102, 14.7243769 ], [ -88.1040148, 14.7243911 ], [ -88.104102, 14.7243808 ], [ -88.1042844, 14.7243574 ], [ -88.1043756, 14.7243444 ], [ -88.1044963, 14.7243574 ], [ -88.1046358, 14.7244223 ], [ -88.104896, 14.7246324 ], [ -88.105301, 14.7250475 ], [ -88.1057113, 14.7254547 ], [ -88.1064409, 14.7259424 ], [ -88.1066823, 14.7260903 ], [ -88.1068325, 14.7261448 ], [ -88.1070256, 14.7261525 ], [ -88.1089434, 14.7261759 ], [ -88.1094208, 14.726207 ], [ -88.1096891, 14.726194 ], [ -88.1099305, 14.7261707 ], [ -88.1105313, 14.7260073 ], [ -88.1106359, 14.7259995 ], [ -88.1107539, 14.7260358 ], [ -88.1108987, 14.7261409 ], [ -88.1110141, 14.7263445 ], [ -88.1111053, 14.7266636 ], [ -88.1112179, 14.7271539 ], [ -88.1113185, 14.727984 ], [ -88.111348, 14.7280501 ], [ -88.1113949, 14.7281292 ], [ -88.1116846, 14.7285702 ], [ -88.1117597, 14.7287622 ], [ -88.1128058, 14.7314652 ], [ -88.1129158, 14.7316857 ], [ -88.113125, 14.7320281 ], [ -88.1133181, 14.7322382 ], [ -88.113658, 14.732509 ], [ -88.1143975, 14.7332234 ] ] ] } },
{ "type": "Feature", "properties": { "full_id": "w350672361", "osm_id": "350672361", "osm_type": "way", "service": null, "highway": "tertiary", "layer": null, "bridge": null, "maxspeed": null, "lanes": null, "surface": "fine_gravel", "ref": "RV-692", "name": "Santa Ana - Agua Caliente" }, "geometry": { "type": "MultiLineString", "coordinates": [ [ [ -88.1614944, 14.6677219 ], [ -88.1615963, 14.6679048 ], [ -88.1617626, 14.6681215 ], [ -88.1618793, 14.6682655 ], [ -88.1619732, 14.6684004 ], [ -88.1620778, 14.6685003 ], [ -88.162165, 14.6685912 ], [ -88.1621683, 14.6686813 ], [ -88.1621489, 14.668802 ], [ -88.1621153, 14.6689479 ], [ -88.1620811, 14.6690809 ], [ -88.162059, 14.669221 ], [ -88.1620228, 14.6693793 ], [ -88.1619832, 14.6696712 ], [ -88.1619725, 14.6697685 ], [ -88.161994, 14.6699463 ], [ -88.1620181, 14.6701318 ], [ -88.1619926, 14.6703057 ], [ -88.1619269, 14.6704549 ], [ -88.16188, 14.6706196 ], [ -88.1618035, 14.6708064 ], [ -88.1618129, 14.6710166 ], [ -88.1617593, 14.6711775 ], [ -88.161597, 14.6712579 ], [ -88.1614723, 14.6713578 ], [ -88.1614146, 14.671472 ], [ -88.1614401, 14.6716614 ], [ -88.1614991, 14.6718586 ], [ -88.1614307, 14.6719806 ], [ -88.1613194, 14.6721376 ], [ -88.1612188, 14.672349 ], [ -88.1611585, 14.6725683 ], [ -88.1611759, 14.6727616 ], [ -88.1612523, 14.6728602 ], [ -88.1612952, 14.6729692 ], [ -88.1612027, 14.6730224 ], [ -88.1610579, 14.672986 ], [ -88.1609506, 14.6729731 ], [ -88.1608956, 14.6730548 ], [ -88.1609694, 14.6731729 ], [ -88.1611088, 14.673265 ], [ -88.1612564, 14.6733246 ], [ -88.1613382, 14.6733947 ], [ -88.1612993, 14.6735387 ], [ -88.1611464, 14.673732 ], [ -88.1610659, 14.6738501 ], [ -88.1610324, 14.6739928 ], [ -88.1610284, 14.6741459 ], [ -88.1609425, 14.6743522 ], [ -88.160901, 14.67467 ], [ -88.1608929, 14.6749282 ], [ -88.1608393, 14.6751526 ], [ -88.1607615, 14.6753615 ], [ -88.1607025, 14.6755808 ], [ -88.1606341, 14.6757287 ], [ -88.1605389, 14.6758688 ], [ -88.1605147, 14.6760647 ], [ -88.1604852, 14.6762878 ], [ -88.16039, 14.676472 ], [ -88.160327, 14.6766407 ], [ -88.1602546, 14.6767743 ], [ -88.1602385, 14.676917 ], [ -88.160335, 14.6771181 ], [ -88.1603913, 14.6772777 ], [ -88.1603927, 14.677436 ], [ -88.1602747, 14.6775579 ], [ -88.1601768, 14.6777266 ], [ -88.1601097, 14.6779692 ], [ -88.1599971, 14.6783311 ], [ -88.1599649, 14.6785478 ], [ -88.1598804, 14.6787748 ], [ -88.1598174, 14.6789642 ], [ -88.1597825, 14.6790901 ], [ -88.1598388, 14.6792198 ], [ -88.1598697, 14.6793949 ], [ -88.159761, 14.6796259 ], [ -88.1596591, 14.6798542 ], [ -88.159584, 14.6800618 ], [ -88.1594123, 14.6801733 ], [ -88.1592568, 14.6802395 ], [ -88.1591656, 14.680342 ], [ -88.1589872, 14.6803731 ], [ -88.1589094, 14.6805236 ], [ -88.158837, 14.6808155 ], [ -88.1587565, 14.6809738 ], [ -88.1585366, 14.6811762 ], [ -88.1583193, 14.6814149 ], [ -88.1581423, 14.6816276 ], [ -88.1580538, 14.6817625 ], [ -88.1580069, 14.6819117 ], [ -88.1579619, 14.6820343 ], [ -88.1578546, 14.6821135 ], [ -88.1576883, 14.6822147 ], [ -88.1576541, 14.6823262 ], [ -88.1576984, 14.6824702 ], [ -88.1577722, 14.6825831 ], [ -88.1578258, 14.6827128 ], [ -88.1578178, 14.6828983 ], [ -88.1577762, 14.6830826 ], [ -88.15774, 14.683246 ], [ -88.1577091, 14.6833771 ], [ -88.1577829, 14.6835587 ], [ -88.1578499, 14.6837195 ], [ -88.1578942, 14.6838921 ], [ -88.1578996, 14.6840114 ], [ -88.1577614, 14.6841853 ], [ -88.1576206, 14.6843435 ], [ -88.1575388, 14.6844811 ], [ -88.157512, 14.6846289 ], [ -88.1575174, 14.6848261 ], [ -88.1574597, 14.685 ], [ -88.1573028, 14.6851193 ], [ -88.1571311, 14.685144 ], [ -88.1570131, 14.6851985 ], [ -88.156828, 14.6853814 ], [ -88.1567033, 14.6855306 ], [ -88.1565665, 14.6857394 ], [ -88.1564472, 14.6858899 ], [ -88.1563479, 14.6860248 ], [ -88.1563063, 14.6861805 ], [ -88.1562245, 14.6862791 ], [ -88.1560623, 14.6862817 ], [ -88.1559121, 14.6862428 ], [ -88.155735, 14.6862441 ], [ -88.1555325, 14.6863051 ], [ -88.1553555, 14.6864192 ], [ -88.1551436, 14.6865879 ], [ -88.1550001, 14.6867189 ], [ -88.1549129, 14.6868434 ], [ -88.1549022, 14.6870186 ], [ -88.1549277, 14.6872313 ], [ -88.1549183, 14.6873922 ], [ -88.1547895, 14.6875362 ], [ -88.1546286, 14.6877022 ], [ -88.1544637, 14.6879007 ], [ -88.1543792, 14.6880188 ], [ -88.1543953, 14.6881187 ], [ -88.1544435, 14.688238 ], [ -88.1543993, 14.6883937 ], [ -88.1543309, 14.6885519 ], [ -88.1542263, 14.6887452 ], [ -88.1541163, 14.6888607 ], [ -88.1539607, 14.6889619 ], [ -88.1538454, 14.6891487 ], [ -88.1536764, 14.6893952 ], [ -88.1535101, 14.6896248 ], [ -88.1533854, 14.6898596 ], [ -88.1532821, 14.6900866 ], [ -88.1531802, 14.6903007 ], [ -88.1532097, 14.6905575 ], [ -88.1532728, 14.690708 ], [ -88.1532607, 14.6908222 ], [ -88.1531588, 14.6909052 ], [ -88.1530461, 14.6909545 ], [ -88.1528973, 14.6909701 ], [ -88.1527538, 14.6909208 ], [ -88.1525673, 14.690865 ], [ -88.1524252, 14.6908805 ], [ -88.152342, 14.6909934 ], [ -88.1522884, 14.6911517 ], [ -88.152165, 14.6912425 ], [ -88.1519987, 14.6912827 ], [ -88.1519142, 14.691345 ], [ -88.1519317, 14.6914773 ], [ -88.1520671, 14.6915966 ], [ -88.1521462, 14.6917212 ], [ -88.1520899, 14.6918548 ], [ -88.1519062, 14.6919521 ], [ -88.1516648, 14.6920208 ], [ -88.1514207, 14.6921182 ], [ -88.1512115, 14.6921954 ], [ -88.1511283, 14.692224 ], [ -88.1507823, 14.6922291 ], [ -88.1504533, 14.6922709 ], [ -88.1503192, 14.6922605 ], [ -88.1501948, 14.6922032 ], [ -88.1500644, 14.6921386 ], [ -88.1497469, 14.6920268 ], [ -88.1496379, 14.69197 ], [ -88.1495681, 14.6919129 ], [ -88.1494868, 14.6918529 ], [ -88.1494045, 14.6918195 ], [ -88.1484702, 14.6917284 ], [ -88.1483951, 14.6917154 ], [ -88.1481519, 14.6916067 ], [ -88.1480465, 14.6916065 ], [ -88.1479499, 14.6916324 ], [ -88.1478462, 14.6916872 ], [ -88.1476468, 14.6918503 ], [ -88.1473303, 14.6919256 ], [ -88.1472266, 14.6919855 ], [ -88.1471694, 14.6920605 ], [ -88.1471479, 14.692185 ], [ -88.1471854, 14.6923874 ], [ -88.1471917, 14.692494 ], [ -88.1471077, 14.6927014 ], [ -88.147113, 14.6927558 ], [ -88.1471372, 14.6927973 ], [ -88.1472578, 14.6929504 ], [ -88.1472856, 14.6930363 ], [ -88.1472766, 14.6931216 ], [ -88.1471533, 14.6933888 ], [ -88.1471179, 14.6934099 ], [ -88.1470563, 14.6934099 ], [ -88.1470111, 14.6933862 ], [ -88.1466356, 14.6929712 ], [ -88.1465712, 14.6929037 ], [ -88.146497, 14.6928703 ], [ -88.1463539, 14.6928362 ], [ -88.1462521, 14.6927844 ], [ -88.1461554, 14.6927091 ], [ -88.1458095, 14.6924341 ], [ -88.1456137, 14.6923355 ], [ -88.1454349, 14.6922995 ], [ -88.1452712, 14.692315 ], [ -88.1449779, 14.6923951 ], [ -88.1448707, 14.6924133 ], [ -88.1446248, 14.6924266 ], [ -88.1445122, 14.6924525 ], [ -88.1444308, 14.6924808 ], [ -88.1441223, 14.6926858 ], [ -88.1439677, 14.6927535 ], [ -88.1438166, 14.6927818 ], [ -88.1436985, 14.6927611 ], [ -88.1436136, 14.6927042 ], [ -88.1434572, 14.692595 ], [ -88.1433284, 14.6925846 ], [ -88.1432247, 14.6926082 ], [ -88.1430227, 14.6927092 ], [ -88.142935, 14.6928132 ], [ -88.1428992, 14.69287 ], [ -88.142805, 14.6930584 ], [ -88.1427625, 14.6931048 ], [ -88.1427044, 14.693131 ], [ -88.1424809, 14.6931657 ], [ -88.142404, 14.693201 ], [ -88.1423624, 14.6932633 ], [ -88.1423387, 14.6933214 ], [ -88.1423213, 14.6934537 ], [ -88.1423128, 14.6935124 ], [ -88.1422926, 14.6935474 ], [ -88.1422247, 14.6936484 ], [ -88.142171, 14.6937975 ], [ -88.1421174, 14.6939065 ], [ -88.1420781, 14.6939353 ], [ -88.1420352, 14.693947 ], [ -88.1418961, 14.6939544 ], [ -88.1418166, 14.6939716 ], [ -88.1417562, 14.693995 ], [ -88.1415381, 14.6941802 ], [ -88.1415068, 14.6942583 ], [ -88.1415166, 14.6943437 ], [ -88.1416185, 14.694607 ], [ -88.1416226, 14.694668 ], [ -88.1416127, 14.6947136 ], [ -88.1415778, 14.6947435 ], [ -88.1413115, 14.6948002 ], [ -88.1412694, 14.6948252 ], [ -88.1412506, 14.6948589 ], [ -88.14118, 14.694965 ], [ -88.1411451, 14.6949988 ], [ -88.1411098, 14.6950198 ], [ -88.1407562, 14.6951026 ], [ -88.1407195, 14.6951262 ], [ -88.1406931, 14.6951687 ], [ -88.1405899, 14.6953425 ], [ -88.1403391, 14.6956357 ], [ -88.1402855, 14.6956668 ], [ -88.1402166, 14.6956658 ], [ -88.1401603, 14.6956502 ], [ -88.1401004, 14.6956162 ], [ -88.1399542, 14.6954645 ], [ -88.1398201, 14.695244 ], [ -88.1397606, 14.6951729 ], [ -88.1397114, 14.6951376 ], [ -88.139222, 14.6949676 ], [ -88.1391643, 14.6949612 ], [ -88.1390968, 14.6949783 ], [ -88.1390445, 14.6950042 ], [ -88.139006, 14.6950364 ], [ -88.1388755, 14.6952325 ], [ -88.1388169, 14.6952893 ], [ -88.1387512, 14.6953244 ], [ -88.1383676, 14.6954463 ], [ -88.1381366, 14.6955581 ], [ -88.1380025, 14.6956956 ], [ -88.1378764, 14.695898 ], [ -88.1376967, 14.6961782 ], [ -88.1376565, 14.6962197 ], [ -88.1375814, 14.6962638 ], [ -88.1375036, 14.6962898 ], [ -88.1369993, 14.6963754 ], [ -88.1369028, 14.6964013 ], [ -88.1368437, 14.6964325 ], [ -88.1366265, 14.6966841 ], [ -88.1365675, 14.6967256 ], [ -88.1365058, 14.6967438 ], [ -88.1363915, 14.6967635 ], [ -88.136059, 14.696796 ], [ -88.1354608, 14.6968998 ], [ -88.1352314, 14.6969154 ], [ -88.1349834, 14.6968764 ], [ -88.1347245, 14.6967609 ], [ -88.1346293, 14.696774 ], [ -88.1345663, 14.696822 ], [ -88.1343681, 14.6971589 ], [ -88.1343316, 14.6971982 ], [ -88.1342564, 14.6972475 ], [ -88.1335899, 14.6975199 ], [ -88.1335057, 14.6975987 ], [ -88.1332828, 14.6978753 ], [ -88.1332308, 14.6980112 ], [ -88.1332064, 14.6981347 ], [ -88.1332118, 14.6982619 ], [ -88.1332882, 14.6984162 ], [ -88.133425, 14.6986355 ], [ -88.1334414, 14.6986987 ], [ -88.1334414, 14.6988544 ], [ -88.1334344, 14.6989066 ], [ -88.1334156, 14.6989455 ], [ -88.1331155, 14.6991047 ], [ -88.1330616, 14.699144 ], [ -88.1329154, 14.6993425 ], [ -88.13287, 14.6993836 ], [ -88.1328228, 14.6993995 ], [ -88.1324889, 14.6994501 ], [ -88.1324326, 14.6994359 ], [ -88.132407, 14.6994073 ], [ -88.132351, 14.6992319 ], [ -88.1323105, 14.6991945 ], [ -88.1322274, 14.6991738 ], [ -88.1321432, 14.6992085 ], [ -88.1321003, 14.6992422 ], [ -88.1320839, 14.6992944 ], [ -88.1320571, 14.6994929 ], [ -88.1320305, 14.6995471 ], [ -88.1319715, 14.6995886 ], [ -88.1318935, 14.6995928 ], [ -88.1317942, 14.6995565 ], [ -88.131651, 14.699516 ], [ -88.1315126, 14.6995046 ], [ -88.1314337, 14.6995199 ], [ -88.1313492, 14.6995588 ], [ -88.1312497, 14.6996356 ], [ -88.1312015, 14.6996811 ], [ -88.13096, 14.7000235 ], [ -88.130904, 14.7000426 ], [ -88.1308474, 14.700039 ], [ -88.1306317, 14.6999544 ], [ -88.1305925, 14.6999094 ], [ -88.1304893, 14.6997031 ], [ -88.1303016, 14.6995175 ], [ -88.13022, 14.6994719 ], [ -88.1301181, 14.6994641 ], [ -88.1300229, 14.6994939 ], [ -88.1299127, 14.6995863 ], [ -88.1298214, 14.6997523 ], [ -88.1297517, 14.6998043 ], [ -88.1296377, 14.6998224 ], [ -88.1294382, 14.6998013 ], [ -88.1293681, 14.6997913 ], [ -88.1291964, 14.6998509 ], [ -88.1291686, 14.6999168 ], [ -88.1291697, 14.6999833 ], [ -88.1292182, 14.7001762 ], [ -88.129218, 14.7002246 ], [ -88.1291834, 14.7005395 ], [ -88.1291941, 14.7006199 ], [ -88.1292501, 14.7007175 ], [ -88.1293306, 14.7008005 ], [ -88.1297437, 14.7011119 ], [ -88.1297652, 14.7011922 ], [ -88.1297544, 14.7012779 ], [ -88.1294861, 14.7017033 ], [ -88.129462, 14.701802 ], [ -88.1294459, 14.7020821 ], [ -88.1294301, 14.7021402 ], [ -88.1293497, 14.7022336 ], [ -88.1293252, 14.7022819 ], [ -88.1291912, 14.7030836 ], [ -88.1291079, 14.70333 ], [ -88.1290114, 14.703522 ], [ -88.1288853, 14.703701 ], [ -88.1288559, 14.7037555 ], [ -88.1286976, 14.7041031 ], [ -88.1286896, 14.7041707 ], [ -88.1287003, 14.7042458 ], [ -88.1287864, 14.704457 ], [ -88.1287888, 14.7045312 ], [ -88.1287167, 14.7046253 ], [ -88.1285316, 14.7048669 ], [ -88.1284565, 14.7049369 ], [ -88.1277591, 14.70533 ], [ -88.1276679, 14.7054234 ], [ -88.1274842, 14.7056919 ], [ -88.1274761, 14.7057321 ], [ -88.1274708, 14.7057632 ], [ -88.1274869, 14.705902 ], [ -88.1274734, 14.7059358 ], [ -88.1274359, 14.7059876 ], [ -88.1272428, 14.7061952 ], [ -88.1272025, 14.7062847 ] ] ] } },
{ "type": "Feature", "properties": { "full_id": "w350672362", "osm_id": "350672362", "osm_type": "way", "service": null, "highway": "unclassified", "layer": null, "bridge": null, "maxspeed": null, "lanes": null, "surface": "unpaved", "ref": null, "name": null }, "geometry": { "type": "MultiLineString", "coordinates": [ [ [ -88.1282432, 14.7122632 ], [ -88.1286655, 14.7125786 ], [ -88.1291819, 14.7128016 ], [ -88.1294377, 14.7129506 ], [ -88.1296737, 14.7129719 ], [ -88.1299097, 14.7128359 ], [ -88.1308771, 14.7131774 ], [ -88.131163, 14.7131635 ], [ -88.1314727, 14.7135089 ], [ -88.1316342, 14.7136428 ], [ -88.1319751, 14.7140404 ], [ -88.132312, 14.7145667 ], [ -88.1329497, 14.7151677 ], [ -88.1332806, 14.7151233 ], [ -88.1334761, 14.7152728 ], [ -88.1337543, 14.7153965 ], [ -88.1341992, 14.7155084 ], [ -88.134394, 14.7157283 ], [ -88.1344689, 14.7159701 ], [ -88.1348701, 14.7162338 ], [ -88.1351172, 14.7167959 ], [ -88.1361502, 14.7174909 ], [ -88.1370137, 14.7177287 ], [ -88.1372753, 14.718485 ], [ -88.1373602, 14.7187704 ], [ -88.137625, 14.7190062 ], [ -88.1376552, 14.7191572 ], [ -88.1376203, 14.7193317 ], [ -88.1378759, 14.7199049 ], [ -88.1382197, 14.7201633 ], [ -88.1386326, 14.7201898 ], [ -88.1388348, 14.7203329 ], [ -88.1388264, 14.7204379 ], [ -88.1386119, 14.7205206 ], [ -88.1384994, 14.7206681 ], [ -88.1385177, 14.7214943 ], [ -88.1386679, 14.721726 ], [ -88.138721, 14.7218261 ], [ -88.1388069, 14.7223956 ], [ -88.1389829, 14.7228255 ], [ -88.1397394, 14.7241343 ], [ -88.1398806, 14.7245131 ], [ -88.1399896, 14.7246708 ], [ -88.1402097, 14.7247727 ], [ -88.1402652, 14.725053 ], [ -88.1403565, 14.7252619 ], [ -88.1407018, 14.7258773 ], [ -88.1408669, 14.7263295 ], [ -88.1410041, 14.7268231 ], [ -88.1412506, 14.7270821 ], [ -88.1412767, 14.7273517 ], [ -88.141198, 14.7280664 ], [ -88.1411933, 14.7283234 ], [ -88.1414067, 14.728792 ], [ -88.1414675, 14.7288709 ], [ -88.1416996, 14.7289469 ], [ -88.1421702, 14.7293123 ], [ -88.1425826, 14.7295574 ], [ -88.1427545, 14.7297093 ], [ -88.143159, 14.7298099 ], [ -88.1440345, 14.7299225 ], [ -88.1442356, 14.7300193 ], [ -88.1446088, 14.7304205 ], [ -88.1449828, 14.7305975 ], [ -88.1450536, 14.73075 ], [ -88.1450318, 14.7310751 ], [ -88.1451243, 14.7312311 ], [ -88.1454263, 14.731476 ], [ -88.1455088, 14.7316369 ], [ -88.1454658, 14.7318786 ], [ -88.1453801, 14.7322014 ], [ -88.1453953, 14.7325441 ], [ -88.1458334, 14.7336167 ], [ -88.1458295, 14.7337335 ], [ -88.1457403, 14.7338367 ], [ -88.1456279, 14.733897 ], [ -88.1455707, 14.7343494 ], [ -88.1455506, 14.7349776 ], [ -88.1455936, 14.7351868 ], [ -88.1457949, 14.735287 ], [ -88.1460899, 14.7353704 ], [ -88.1462196, 14.735599 ], [ -88.1463542, 14.7359326 ], [ -88.1465046, 14.7361425 ] ] ] } },
{ "type": "Feature", "properties": { "full_id": "w350884428", "osm_id": "350884428", "osm_type": "way", "service": null, "highway": "tertiary", "layer": null, "bridge": null, "maxspeed": null, "lanes": null, "surface": "fine_gravel", "ref": "RV-666", "name": "Carretera San Francisco de Ojuera - San Antonio de Malera" }, "geometry": { "type": "MultiLineString", "coordinates": [ [ [ -88.239698697521291, 14.66979347364855 ], [ -88.239581997521285, 14.66977277364855 ], [ -88.239433197521294, 14.66976367364855 ], [ -88.23928029752129, 14.66974027364855 ], [ -88.239111297521291, 14.669744173648549 ], [ -88.238926197521295, 14.669713073648548 ], [ -88.238802797521288, 14.669632673648549 ], [ -88.238729097521286, 14.66954827364855 ], [ -88.238640597521297, 14.669473073648549 ], [ -88.23850379752129, 14.66942637364855 ], [ -88.238338797521294, 14.669377073648549 ], [ -88.238144397521296, 14.669292673648549 ], [ -88.23794989752129, 14.66919927364855 ], [ -88.237810397521287, 14.66910457364855 ], [ -88.237704497521293, 14.669022873648549 ], [ -88.237589097521294, 14.66889827364855 ], [ -88.237501997521292, 14.668867173648549 ], [ -88.237365197521285, 14.66890347364855 ], [ -88.237300797521286, 14.669029373648549 ], [ -88.237240497521285, 14.669192773648549 ], [ -88.237177397521293, 14.66928877364855 ], [ -88.237086197521293, 14.66929397364855 ], [ -88.236988297521293, 14.66916687364855 ], [ -88.236960197521284, 14.669095473648548 ], [ -88.236879697521289, 14.668934673648549 ], [ -88.23683539752129, 14.668729673648549 ], [ -88.236808597521289, 14.66851297364855 ], [ -88.236795197521289, 14.668353373648548 ], [ -88.236777797521285, 14.66821717364855 ], [ -88.236767097521295, 14.668091373648549 ], [ -88.236757697521298, 14.66796937364855 ], [ -88.236689297521295, 14.66789157364855 ], [ -88.236571197521286, 14.667870773648549 ], [ -88.236434497521287, 14.667938273648549 ], [ -88.236301697521284, 14.66800827364855 ], [ -88.236136697521289, 14.66803947364855 ], [ -88.236046897521291, 14.668057573648548 ], [ -88.235924797521292, 14.668152273648548 ], [ -88.235763897521295, 14.66825087364855 ], [ -88.235557397521291, 14.66834177364855 ], [ -88.235362897521298, 14.668446773648549 ], [ -88.235191297521297, 14.668545373648548 ], [ -88.235082597521298, 14.668668673648549 ], [ -88.234945797521291, 14.668816573648549 ], [ -88.234778197521294, 14.668878873648548 ], [ -88.234556897521287, 14.668906073648548 ], [ -88.234413397521294, 14.668921673648549 ], [ -88.234284697521289, 14.66903067364855 ], [ -88.234180097521289, 14.669185073648549 ], [ -88.234008397521293, 14.66936797364855 ], [ -88.233949397521286, 14.669531473648549 ], [ -88.233911797521287, 14.669720873648549 ], [ -88.233846097521294, 14.669823373648549 ], [ -88.233752197521298, 14.66983117364855 ], [ -88.233674497521292, 14.669767573648549 ], [ -88.233569897521292, 14.669596273648549 ], [ -88.233447797521293, 14.669422473648549 ], [ -88.233325797521289, 14.669243373648548 ], [ -88.233192997521286, 14.66914607364855 ], [ -88.232977097521285, 14.669078673648549 ], [ -88.232785297521289, 14.66903067364855 ], [ -88.232692797521295, 14.668991673648549 ], [ -88.232504997521289, 14.669025473648549 ], [ -88.232327997521296, 14.669073473648549 ], [ -88.232215297521293, 14.66906047364855 ], [ -88.232051697521285, 14.668960573648549 ], [ -88.231889497521294, 14.668843773648549 ], [ -88.231779497521288, 14.668758173648548 ], [ -88.231661497521287, 14.66866997364855 ], [ -88.231488497521298, 14.668627173648549 ], [ -88.231332897521298, 14.668557073648548 ], [ -88.231205497521287, 14.668435173648549 ], [ -88.231069997521288, 14.668315773648549 ], [ -88.230913097521295, 14.668224973648549 ], [ -88.230769597521288, 14.668099073648548 ], [ -88.230648897521291, 14.667973273648549 ], [ -88.230482597521288, 14.667900573648549 ], [ -88.230293497521288, 14.667811073648549 ], [ -88.230090997521287, 14.66769047364855 ], [ -88.22990999752129, 14.66760607364855 ], [ -88.22974099752129, 14.667503573648549 ], [ -88.229620297521294, 14.667459473648549 ], [ -88.229420497521289, 14.66750227364855 ], [ -88.229231397521289, 14.667556773648549 ], [ -88.22901139752129, 14.667587973648549 ], [ -88.228772697521293, 14.667545073648549 ], [ -88.228531297521286, 14.667529573648549 ], [ -88.228256397521292, 14.667556773648549 ], [ -88.228041797521286, 14.667594473648549 ], [ -88.227759297521288, 14.667742073648549 ], [ -88.227511197521295, 14.66783377364855 ], [ -88.227243897521291, 14.667881173648549 ], [ -88.226962197521289, 14.66798627364855 ], [ -88.226771797521295, 14.66796677364855 ], [ -88.226526397521297, 14.66790447364855 ], [ -88.226335897521295, 14.66790447364855 ], [ -88.226197797521294, 14.667968073648549 ], [ -88.226031497521291, 14.668114673648549 ], [ -88.225806197521294, 14.668204173648549 ], [ -88.225645297521297, 14.66834557364855 ], [ -88.225497697521291, 14.668502573648549 ], [ -88.225331497521296, 14.66862587364855 ], [ -88.22508599752129, 14.668695873648549 ], [ -88.224719897521297, 14.668747773648549 ], [ -88.224372597521295, 14.668838673648549 ], [ -88.224143197521286, 14.668952773648549 ], [ -88.223893797521285, 14.66903587364855 ], [ -88.223554497521292, 14.669047473648549 ], [ -88.223197797521294, 14.669061773648549 ], [ -88.222961697521285, 14.669037173648549 ], [ -88.222768597521295, 14.66906307364855 ], [ -88.222570097521285, 14.669105873648549 ], [ -88.222305897521295, 14.669052673648549 ], [ -88.22209269752129, 14.669031973648549 ], [ -88.221899597521286, 14.669094173648549 ], [ -88.221601797521288, 14.669082573648549 ], [ -88.221384597521293, 14.669108473648549 ], [ -88.221255797521295, 14.66915257364855 ], [ -88.221074797521297, 14.669290073648549 ], [ -88.220838797521296, 14.669369273648549 ], [ -88.220540997521297, 14.669334273648548 ], [ -88.220271497521296, 14.669235673648549 ], [ -88.220071597521297, 14.669209673648549 ], [ -88.219733697521292, 14.669227873648548 ], [ -88.219493597521293, 14.669271973648549 ], [ -88.219305897521295, 14.66931737364855 ], [ -88.219071197521288, 14.669313473648549 ], [ -88.218818997521296, 14.669369273648549 ], [ -88.218592397521292, 14.66948607364855 ], [ -88.218223597521288, 14.669579473648549 ], [ -88.217923197521287, 14.669630073648548 ], [ -88.21758659752129, 14.66970527364855 ], [ -88.217359897521291, 14.669789573648549 ], [ -88.217200297521288, 14.66982857364855 ], [ -88.217067597521293, 14.669780573648548 ], [ -88.21692809752129, 14.669659873648548 ], [ -88.216818097521298, 14.66950677364855 ], [ -88.216746997521298, 14.66929137364855 ], [ -88.216730897521288, 14.669081273648549 ], [ -88.216708197521285, 14.668941073648549 ], [ -88.216583397521291, 14.66888537364855 ], [ -88.216421197521285, 14.66887107364855 ], [ -88.216232097521285, 14.66880617364855 ], [ -88.216079197521296, 14.668721873648549 ], [ -88.215907497521286, 14.668663473648548 ], [ -88.21572239752129, 14.66866087364855 ], [ -88.215545397521296, 14.668738773648549 ], [ -88.215411297521285, 14.668830873648549 ], [ -88.215275897521295, 14.668825673648549 ], [ -88.215097497521285, 14.668756873648549 ], [ -88.214591897521288, 14.66853117364855 ], [ -88.214322297521292, 14.668409173648548 ], [ -88.214036697521294, 14.668396173648549 ], [ -88.213639697521288, 14.66845717364855 ], [ -88.21345869752129, 14.668516873648549 ], [ -88.212782697521291, 14.66877637364855 ], [ -88.212554797521292, 14.668821773648549 ], [ -88.212341497521294, 14.668802273648549 ], [ -88.212142397521291, 14.66877377364855 ], [ -88.212056497521289, 14.668932073648548 ], [ -88.211984097521295, 14.669160373648548 ], [ -88.211892897521295, 14.669428973648548 ], [ -88.211829897521298, 14.669671573648548 ], [ -88.211769497521288, 14.66985317364855 ], [ -88.211670297521295, 14.669980373648549 ], [ -88.211524097521291, 14.67002707364855 ], [ -88.211397997521289, 14.670051673648549 ], [ -88.211206297521287, 14.670038673648548 ], [ -88.210861597521287, 14.670067273648549 ], [ -88.210621497521288, 14.670141173648549 ], [ -88.210358697521286, 14.67022817364855 ], [ -88.210098497521287, 14.670321573648549 ], [ -88.209838297521287, 14.670330573648549 ], [ -88.209673397521286, 14.67035267364855 ], [ -88.209498997521294, 14.670424073648549 ], [ -88.20929919752129, 14.670507073648549 ], [ -88.20902989752129, 14.67061837364855 ], [ -88.208376997521285, 14.671048073648549 ], [ -88.208195097521298, 14.67116107364855 ], [ -88.208070597521285, 14.671212973648549 ], [ -88.207990197521298, 14.671231473648549 ], [ -88.207886797521297, 14.671218573648549 ], [ -88.207773797521298, 14.671157373648549 ], [ -88.207635897521286, 14.67103517364855 ], [ -88.207540197521297, 14.670981473648549 ], [ -88.207413797521298, 14.670973973648548 ], [ -88.207312397521292, 14.670994373648549 ], [ -88.207222397521292, 14.671033273648549 ], [ -88.207172597521293, 14.671098173648549 ], [ -88.207143897521291, 14.671203673648549 ], [ -88.207151497521295, 14.67149077364855 ], [ -88.207136197521294, 14.67155567364855 ], [ -88.207028997521292, 14.671739073648549 ], [ -88.207000197521296, 14.671842773648549 ], [ -88.206982997521294, 14.672040973648549 ], [ -88.206990697521292, 14.672342873648549 ], [ -88.206969597521294, 14.67242997364855 ], [ -88.206892997521294, 14.672574473648549 ], [ -88.20680879752129, 14.672637373648548 ], [ -88.206783897521291, 14.672639273648549 ], [ -88.206737897521293, 14.672618873648549 ], [ -88.206690097521289, 14.672563273648549 ], [ -88.206622997521293, 14.672328073648549 ], [ -88.206596197521293, 14.672296573648548 ], [ -88.206544497521293, 14.672278073648549 ], [ -88.206490897521292, 14.672294773648549 ], [ -88.20642389752129, 14.67236327364855 ], [ -88.20635879752129, 14.67250037364855 ], [ -88.206276497521287, 14.672905973648549 ], [ -88.206228597521289, 14.673078273648549 ], [ -88.206119497521286, 14.673274573648548 ], [ -88.205985397521289, 14.67343017364855 ], [ -88.205866697521287, 14.673530173648549 ], [ -88.205736497521286, 14.673595073648549 ], [ -88.205569897521286, 14.673635773648549 ], [ -88.205405297521295, 14.673635773648549 ], [ -88.205271197521284, 14.67360987364855 ], [ -88.205010797521297, 14.67345617364855 ], [ -88.204899797521293, 14.673407973648549 ], [ -88.204811697521293, 14.673396873648549 ], [ -88.204731297521292, 14.673415373648549 ], [ -88.204637397521296, 14.673476473648549 ], [ -88.204576197521291, 14.67353767364855 ], [ -88.204555097521293, 14.673624673648549 ], [ -88.204570397521294, 14.673795073648549 ], [ -88.204562797521291, 14.67388027364855 ], [ -88.204499597521291, 14.67410997364855 ], [ -88.204501497521292, 14.674178473648549 ], [ -88.204524497521291, 14.674261873648549 ], [ -88.204576197521291, 14.67434527364855 ], [ -88.204752297521296, 14.67448787364855 ], [ -88.204813597521294, 14.674563773648549 ], [ -88.204836597521293, 14.674639773648549 ], [ -88.204836597521293, 14.674715673648549 ], [ -88.204786797521294, 14.674773073648549 ], [ -88.204698697521295, 14.674802773648549 ], [ -88.204595297521294, 14.67481757364855 ], [ -88.204499597521291, 14.674787973648549 ], [ -88.20427939752129, 14.674654573648549 ], [ -88.204195097521293, 14.674632373648549 ], [ -88.204122397521289, 14.674628673648549 ], [ -88.204053397521292, 14.674656373648549 ], [ -88.20383129752129, 14.67485827364855 ], [ -88.203574797521298, 14.675073173648549 ], [ -88.203494297521289, 14.675173173648549 ], [ -88.203243497521285, 14.67557517364855 ], [ -88.203117097521286, 14.675797473648549 ], [ -88.203029097521295, 14.67592157364855 ], [ -88.202929497521296, 14.676028973648549 ], [ -88.202730297521285, 14.67618087364855 ], [ -88.202297597521294, 14.67643457364855 ], [ -88.202127197521293, 14.67656987364855 ], [ -88.202023797521292, 14.676690173648549 ], [ -88.20196829752129, 14.676864373648549 ], [ -88.20185149752129, 14.677195873648548 ], [ -88.201636997521291, 14.677555273648549 ], [ -88.201529797521289, 14.67771827364855 ], [ -88.201435997521287, 14.67781087364855 ], [ -88.201169797521288, 14.677955373648549 ], [ -88.201064497521287, 14.67802197364855 ], [ -88.201003197521288, 14.678118273648549 ], [ -88.200876897521297, 14.678418373648549 ], [ -88.200648997521284, 14.67878887364855 ], [ -88.200394397521293, 14.679466773648549 ], [ -88.200200997521293, 14.679848373648548 ], [ -88.200174197521292, 14.67992237364855 ], [ -88.200151197521294, 14.680092873648549 ], [ -88.200059297521292, 14.680624373648548 ], [ -88.200055397521297, 14.68072997364855 ], [ -88.200078397521295, 14.680824473648549 ], [ -88.200241197521294, 14.681094873648549 ], [ -88.200260297521297, 14.68123937364855 ], [ -88.200350297521297, 14.681413473648549 ], [ -88.200363697521297, 14.681489373648549 ], [ -88.200321597521295, 14.681754273648549 ], [ -88.200338797521297, 14.681837673648548 ], [ -88.200401997521297, 14.68192657364855 ], [ -88.200685397521298, 14.68212477364855 ], [ -88.200729397521286, 14.68216917364855 ], [ -88.200744797521295, 14.682233973648549 ], [ -88.200735197521297, 14.682298873648548 ], [ -88.200513097521295, 14.68260817364855 ], [ -88.200356097521293, 14.68296567364855 ], [ -88.200128197521295, 14.683273073648548 ], [ -88.199919497521293, 14.683665773648549 ], [ -88.199894597521293, 14.683793573648549 ], [ -88.199894597521293, 14.683884373648549 ], [ -88.199980797521292, 14.684045473648549 ], [ -88.200166497521295, 14.68426777364855 ], [ -88.200239297521293, 14.684430773648549 ], [ -88.200313897521298, 14.68466967364855 ], [ -88.200308197521295, 14.684754873648549 ], [ -88.200248797521297, 14.685154973648549 ], [ -88.200250697521298, 14.685266073648549 ], [ -88.200285197521296, 14.68541797364855 ], [ -88.200465397521285, 14.685777373648548 ], [ -88.200578097521287, 14.685984473648549 ], [ -88.200623197521296, 14.686120773648549 ], [ -88.200641997521288, 14.686306073648549 ], [ -88.200634397521284, 14.686438673648549 ], [ -88.200664497521288, 14.68653677364855 ], [ -88.200752797521289, 14.686665773648549 ], [ -88.200917997521287, 14.68682207364855 ], [ -88.201237297521288, 14.68701467364855 ], [ -88.201462697521293, 14.68708187364855 ], [ -88.201515297521297, 14.687114573648548 ], [ -88.201556597521289, 14.687163573648549 ], [ -88.201562197521298, 14.68721987364855 ], [ -88.201485197521293, 14.687734073648549 ], [ -88.20149459752129, 14.68786667364855 ], [ -88.201663697521298, 14.68840627364855 ], [ -88.201684297521297, 14.68860797364855 ], [ -88.201676797521287, 14.689234673648549 ], [ -88.201701197521288, 14.689329173648549 ], [ -88.20178949752129, 14.68949997364855 ], [ -88.202095597521293, 14.690012273648549 ], [ -88.202183897521294, 14.690126773648549 ], [ -88.202302197521291, 14.690244873648549 ], [ -88.202583997521288, 14.69042827364855 ], [ -88.202876897521293, 14.690695373648548 ], [ -88.203049697521294, 14.690877073648549 ], [ -88.203113597521295, 14.691004273648549 ], [ -88.203130497521286, 14.691071473648549 ], [ -88.203104197521284, 14.691189573648549 ], [ -88.203104197521284, 14.691403873648548 ], [ -88.203162397521297, 14.691705473648549 ], [ -88.203164297521297, 14.691787273648549 ], [ -88.203100397521297, 14.69194347364855 ], [ -88.20309859752129, 14.692050673648549 ], [ -88.203149297521293, 14.692257773648549 ], [ -88.203156797521288, 14.692334073648549 ], [ -88.203124897521292, 14.69251757364855 ], [ -88.203128597521285, 14.692597473648549 ], [ -88.203154897521287, 14.692681073648549 ], [ -88.203297597521285, 14.692864573648549 ], [ -88.203327697521289, 14.692935373648549 ], [ -88.203329597521289, 14.69300447364855 ], [ -88.203297597521285, 14.693087973648549 ], [ -88.203199997521295, 14.69321697364855 ], [ -88.20314359752129, 14.69330787364855 ], [ -88.203096697521289, 14.69345137364855 ], [ -88.203085397521292, 14.693683873648549 ], [ -88.203158697521289, 14.69420897364855 ], [ -88.203269497521291, 14.694688573648548 ], [ -88.203338997521286, 14.695039173648549 ], [ -88.203338997521286, 14.695142673648549 ], [ -88.20329009752129, 14.69529717364855 ], [ -88.20329009752129, 14.695395273648549 ], [ -88.203305197521289, 14.69549157364855 ], [ -88.203449797521287, 14.69571137364855 ], [ -88.203554997521294, 14.695907573648549 ], [ -88.203611297521292, 14.696143773648549 ], [ -88.203630097521298, 14.69642717364855 ], [ -88.203654497521285, 14.69653797364855 ], [ -88.203697697521292, 14.69664697364855 ], [ -88.203804697521292, 14.69676507364855 ], [ -88.204011297521291, 14.696939473648548 ], [ -88.204103397521294, 14.697019373648549 ], [ -88.204170997521288, 14.697122873648549 ], [ -88.204216097521297, 14.697222873648549 ], [ -88.204240497521297, 14.697364573648549 ], [ -88.204236697521296, 14.697484473648549 ], [ -88.204165297521286, 14.697796873648549 ], [ -88.204078997521293, 14.69802217364855 ], [ -88.204031997521298, 14.698100273648549 ], [ -88.203951197521292, 14.69816387364855 ], [ -88.203859197521297, 14.69820747364855 ], [ -88.203710797521296, 14.698236573648549 ], [ -88.203496697521288, 14.698218373648549 ], [ -88.203402797521292, 14.698225673648549 ], [ -88.203346497521295, 14.698251073648549 ], [ -88.203173697521294, 14.698421873648549 ], [ -88.203117297521288, 14.69850907364855 ], [ -88.203094797521288, 14.69860347364855 ], [ -88.203119197521289, 14.69885607364855 ], [ -88.203119197521289, 14.698974073648548 ], [ -88.203090997521286, 14.699112173648549 ], [ -88.203038497521291, 14.699248473648549 ], [ -88.202938897521292, 14.69941197364855 ], [ -88.202833497521297, 14.699541273648549 ], [ -88.202669097521294, 14.69967937364855 ], [ -88.202349297521295, 14.699876873648549 ], [ -88.202152297521295, 14.699971273648549 ], [ -88.20207099752129, 14.70000097364855 ], [ -88.202007697521296, 14.700055173648549 ], [ -88.201948097521296, 14.700135573648549 ], [ -88.201886697521289, 14.700228173648549 ], [ -88.20181079752129, 14.70043267364855 ], [ -88.201716797521286, 14.700570773648549 ], [ -88.20167889752129, 14.700647673648549 ], [ -88.201667997521298, 14.70071587364855 ], [ -88.201686097521289, 14.70079627364855 ], [ -88.201819797521296, 14.701019973648549 ], [ -88.201825197521288, 14.701075873648549 ], [ -88.201823397521295, 14.70113007364855 ], [ -88.201805397521298, 14.701184273648549 ], [ -88.201760197521295, 14.701266373648549 ], [ -88.201555997521297, 14.701476173648549 ], [ -88.201510797521294, 14.701542573648549 ], [ -88.201449397521287, 14.701726073648549 ], [ -88.201368097521296, 14.701988273648549 ], [ -88.201369897521289, 14.702040673648549 ], [ -88.201382497521294, 14.702107073648548 ], [ -88.201433097521289, 14.70217697364855 ], [ -88.20154509752129, 14.70226967364855 ], [ -88.201718697521287, 14.70240147364855 ], [ -88.20225889752129, 14.702811473648548 ], [ -88.202510097521298, 14.70306667364855 ], [ -88.202661897521295, 14.703192473648549 ], [ -88.202981697521295, 14.703505373648548 ], [ -88.203062997521286, 14.70356477364855 ], [ -88.203147997521285, 14.703599773648548 ], [ -88.203263597521286, 14.703618973648549 ], [ -88.203587097521293, 14.703606773648549 ], [ -88.203859597521287, 14.703623973648549 ], [ -88.204098697521289, 14.703601373648549 ], [ -88.204251597521292, 14.703585973648549 ], [ -88.204262897521289, 14.703627673648549 ], [ -88.20430429752129, 14.70366797364855 ], [ -88.204369497521284, 14.70380207364855 ], [ -88.204318097521295, 14.703856673648549 ], [ -88.204258697521297, 14.703967973648549 ], [ -88.204142997521288, 14.704195173648548 ], [ -88.203979297521286, 14.704499273648549 ], [ -88.203761597521293, 14.70476487364855 ], [ -88.203639497521294, 14.704762073648549 ], [ -88.203583397521285, 14.704901873648549 ], [ -88.203514797521294, 14.704992773648549 ], [ -88.203491297521296, 14.70504697364855 ], [ -88.203478597521297, 14.70510807364855 ], [ -88.203482197521296, 14.705184973648549 ], [ -88.203527397521285, 14.705337073648549 ], [ -88.203576197521286, 14.705606273648549 ], [ -88.203619597521296, 14.705737373648549 ], [ -88.203729797521291, 14.705873673648549 ], [ -88.203752397521285, 14.705949673648549 ], [ -88.203745197521286, 14.70599687364855 ], [ -88.203728897521287, 14.706037073648549 ], [ -88.203699097521294, 14.70608337364855 ], [ -88.203669297521287, 14.706155973648549 ], [ -88.203650297521293, 14.706314073648549 ], [ -88.203534597521298, 14.70695817364855 ], [ -88.20351389752129, 14.707098873648549 ], [ -88.203514797521294, 14.70721947364855 ], [ -88.203541897521291, 14.707450173648549 ], [ -88.203534597521298, 14.70752527364855 ], [ -88.203496697521288, 14.707753373648549 ], [ -88.203460597521286, 14.708102973648549 ], [ -88.203407397521289, 14.708392573648549 ], [ -88.203363897521285, 14.70866837364855 ], [ -88.20335759752129, 14.708800373648549 ], [ -88.203347597521287, 14.709048473648549 ], [ -88.203334997521296, 14.709141173648549 ], [ -88.203306097521292, 14.709302773648549 ], [ -88.203184097521287, 14.70969257364855 ], [ -88.203141597521295, 14.709925873648549 ], [ -88.203131697521286, 14.71012077364855 ], [ -88.203118997521287, 14.710626773648549 ], [ -88.203129897521293, 14.71091167364855 ], [ -88.203149797521291, 14.71107327364855 ], [ -88.203172297521292, 14.711193873648549 ], [ -88.203221097521293, 14.711374773648549 ], [ -88.20338919752129, 14.711874673648548 ], [ -88.203516597521286, 14.712138573648549 ], [ -88.203549997521293, 14.712388473648549 ], [ -88.203542797521294, 14.712460973648549 ], [ -88.203524697521289, 14.71253527364855 ], [ -88.20347679752129, 14.712603473648549 ], [ -88.203409997521291, 14.712659373648549 ], [ -88.203359397521297, 14.71271357364855 ], [ -88.203292497521289, 14.71285247364855 ], [ -88.203236497521289, 14.712922473648549 ], [ -88.203174197521292, 14.712987973648548 ], [ -88.203062097521297, 14.713070073648549 ], [ -88.202884497521296, 14.713187273648549 ], [ -88.202573297521297, 14.71339257364855 ], [ -88.202377297521295, 14.71355857364855 ], [ -88.202249897521298, 14.71365037364855 ], [ -88.202160397521297, 14.713688773648549 ], [ -88.202001397521286, 14.71372637364855 ], [ -88.201815297521293, 14.713796273648549 ], [ -88.201708697521298, 14.713862673648549 ], [ -88.201654497521289, 14.71392217364855 ], [ -88.201626497521289, 14.71397977364855 ], [ -88.201592097521285, 14.71415717364855 ], [ -88.201572297521295, 14.714229773648549 ], [ -88.201449397521287, 14.71450937364855 ], [ -88.20138879752129, 14.71458627364855 ], [ -88.201368097521296, 14.714649173648549 ], [ -88.201362597521296, 14.714712073648549 ], [ -88.201393397521286, 14.714807373648549 ], [ -88.201487297521297, 14.71493757364855 ], [ -88.201510797521294, 14.71500747364855 ], [ -88.201521697521287, 14.715156073648549 ], [ -88.201517997521293, 14.715284473648548 ], [ -88.201499997521296, 14.715384073648549 ], [ -88.201471997521296, 14.715461873648549 ], [ -88.201435797521285, 14.715503873648549 ], [ -88.201187397521295, 14.71563057364855 ], [ -88.200984097521285, 14.71579397364855 ], [ -88.200703997521288, 14.715975673648549 ], [ -88.200673297521291, 14.71601937364855 ], [ -88.200666897521288, 14.71605877364855 ], [ -88.200672997521295, 14.716098073648549 ], [ -88.200715097521297, 14.716152173648549 ], [ -88.200805997521286, 14.716232773648549 ], [ -88.200922797521287, 14.716305873648549 ], [ -88.201098997521285, 14.716499473648549 ], [ -88.201272297521285, 14.71672167364855 ], [ -88.201579597521288, 14.717226273648549 ], [ -88.201642797521288, 14.717289273648548 ], [ -88.201690597521292, 14.717311473648548 ], [ -88.201732797521288, 14.717312473648549 ], [ -88.201798797521292, 14.717304073648549 ], [ -88.201882097521292, 14.717259673648549 ], [ -88.202048697521292, 14.717140173648549 ], [ -88.202189397521295, 14.717073573648548 ], [ -88.202421097521295, 14.717049473648549 ], [ -88.202568597521292, 14.717006873648549 ], [ -88.202627897521296, 14.717006873648549 ], [ -88.202675797521294, 14.717040173648549 ], [ -88.202700697521294, 14.717110573648549 ], [ -88.202737097521293, 14.717251273648548 ], [ -88.202821297521297, 14.717410573648548 ], [ -88.202980197521285, 14.71756057364855 ], [ -88.203236797521285, 14.717760573648549 ], [ -88.203397597521288, 14.717892073648549 ], [ -88.203483797521287, 14.717938373648549 ], [ -88.203583397521285, 14.717947673648549 ], [ -88.203650397521287, 14.717929073648548 ], [ -88.203728897521287, 14.717871673648549 ], [ -88.203790197521286, 14.717782773648549 ], [ -88.20384949752129, 14.717497573648549 ], [ -88.20388779752129, 14.717425373648549 ], [ -88.203956697521292, 14.71739017364855 ], [ -88.20402949752129, 14.717375373648549 ], [ -88.204121397521291, 14.717403173648549 ], [ -88.204232497521289, 14.717482773648548 ], [ -88.204320597521289, 14.717580973648548 ], [ -88.20437609752129, 14.71769207364855 ], [ -88.204444997521293, 14.717910573648549 ], [ -88.204621197521291, 14.71826057364855 ], [ -88.204661397521292, 14.71844677364855 ], [ -88.204684397521291, 14.71849207364855 ], [ -88.204736997521294, 14.718554173648549 ], [ -88.204855697521296, 14.718622673648548 ], [ -88.205067297521296, 14.718736573648549 ], [ -88.205129497521298, 14.71880047364855 ], [ -88.205152497521297, 14.718854173648548 ], [ -88.205161097521298, 14.71893197364855 ], [ -88.205143897521296, 14.719081973648549 ], [ -88.205000297521295, 14.71947357364855 ], [ -88.204996497521293, 14.719540273648549 ], [ -88.205004097521297, 14.719607873648549 ], [ -88.205040497521296, 14.719768073648549 ], [ -88.205226197521284, 14.720099573648548 ], [ -88.205413897521296, 14.720293973648548 ], [ -88.205459797521286, 14.720381073648548 ], [ -88.205488597521295, 14.720479173648549 ], [ -88.205511497521286, 14.72064217364855 ], [ -88.205521097521284, 14.72073477364855 ], [ -88.205729797521286, 14.721082973648549 ], [ -88.205792997521286, 14.721205173648549 ], [ -88.205815997521285, 14.721318073648549 ], [ -88.205815997521285, 14.72150147364855 ], [ -88.205829397521285, 14.72160697364855 ], [ -88.205871897521291, 14.721697673648549 ], [ -88.206074497521286, 14.72191447364855 ], [ -88.206380797521291, 14.722192173648549 ], [ -88.20649379752129, 14.722355173648548 ], [ -88.20658379752129, 14.722534773648549 ], [ -88.206650797521291, 14.72269777364855 ], [ -88.20669869752129, 14.722762573648549 ], [ -88.206777197521291, 14.72281817364855 ], [ -88.207131397521295, 14.722936673648549 ], [ -88.207399497521294, 14.723044073648548 ], [ -88.207489497521294, 14.723095973648549 ], [ -88.207654097521285, 14.723257073648549 ], [ -88.207918397521297, 14.723516273648549 ], [ -88.208104097521286, 14.723647773648549 ], [ -88.208240097521298, 14.723673673648548 ], [ -88.208326197521288, 14.723682973648549 ], [ -88.208416197521288, 14.723671873648549 ], [ -88.208649797521289, 14.723594073648549 ], [ -88.208923597521292, 14.723551473648548 ], [ -88.209191697521291, 14.723542273648549 ], [ -88.209377397521294, 14.723577373648549 ], [ -88.209888697521293, 14.723703373648549 ], [ -88.209999697521297, 14.72376257364855 ], [ -88.210080097521285, 14.72382747364855 ], [ -88.210156697521285, 14.72393857364855 ], [ -88.210277397521295, 14.724144073648549 ], [ -88.210321397521298, 14.724282973648549 ], [ -88.210344397521297, 14.724521873648548 ], [ -88.210491797521286, 14.724995973648548 ], [ -88.210581797521286, 14.725101473648548 ], [ -88.210775197521286, 14.725262673648549 ], [ -88.21093599752129, 14.725357073648549 ], [ -88.211135197521287, 14.72543857364855 ], [ -88.211217497521289, 14.725492273648548 ], [ -88.211362997521292, 14.725662673648548 ], [ -88.211456797521294, 14.725708973648549 ], [ -88.21159089752129, 14.725731173648549 ], [ -88.212015897521297, 14.725758973648549 ], [ -88.212134697521293, 14.72573667364855 ], [ -88.212253397521295, 14.725690373648549 ], [ -88.212425697521297, 14.725595973648549 ], [ -88.212687997521286, 14.725379273648549 ], [ -88.212806697521287, 14.72531077364855 ], [ -88.212952297521298, 14.725281173648549 ], [ -88.213252897521286, 14.72531077364855 ], [ -88.213344797521287, 14.725312673648549 ], [ -88.213467297521291, 14.725271873648548 ], [ -88.213563097521288, 14.725231173648549 ], [ -88.213654997521289, 14.725147773648549 ], [ -88.213748797521291, 14.725016373648549 ], [ -88.213930697521292, 14.724749673648549 ], [ -88.213984297521293, 14.724634873648549 ], [ -88.214078097521295, 14.724444073648549 ], [ -88.214179597521294, 14.72435887364855 ], [ -88.214461097521294, 14.724238573648549 ], [ -88.214549197521293, 14.72421447364855 ], [ -88.214614297521294, 14.72420887364855 ], [ -88.214685097521297, 14.724244073648549 ], [ -88.214832497521286, 14.72456637364855 ], [ -88.214953197521297, 14.724912573648549 ], [ -88.215096797521298, 14.725177473648548 ], [ -88.215135097521298, 14.72525707364855 ], [ -88.215259497521288, 14.72542747364855 ], [ -88.215305497521285, 14.725557073648549 ], [ -88.215334197521287, 14.725651473648549 ], [ -88.215360097521298, 14.72588487364855 ], [ -88.215381097521288, 14.725955173648549 ], [ -88.215444297521287, 14.726036673648549 ], [ -88.21566829752129, 14.726197773648549 ], [ -88.215945997521288, 14.726458973648549 ], [ -88.216085797521288, 14.726642273648549 ], [ -88.216191097521289, 14.72682747364855 ], [ -88.216250397521293, 14.726977473648549 ], [ -88.216286797521292, 14.72713117364855 ], [ -88.216328897521294, 14.727310773648549 ], [ -88.216313597521292, 14.72762187364855 ], [ -88.216342297521294, 14.727747773648549 ], [ -88.216415097521292, 14.72785517364855 ] ] ] } },
{ "type": "Feature", "properties": { "full_id": "w350884430", "osm_id": "350884430", "osm_type": "way", "service": null, "highway": "unclassified", "layer": null, "bridge": null, "maxspeed": null, "lanes": null, "surface": "unpaved", "ref": null, "name": null }, "geometry": { "type": "MultiLineString", "coordinates": [ [ [ -88.2006628, 14.7161396 ], [ -88.2005971, 14.7162864 ], [ -88.2004797, 14.7164454 ], [ -88.2003658, 14.7165975 ], [ -88.2000469, 14.7168963 ], [ -88.1999213, 14.7170458 ], [ -88.1996792, 14.7172048 ], [ -88.1994316, 14.7173219 ], [ -88.1992581, 14.7173586 ], [ -88.1991208, 14.7173551 ], [ -88.1989943, 14.7173324 ], [ -88.1988732, 14.7173446 ], [ -88.1985841, 14.7174547 ], [ -88.1984721, 14.717474 ], [ -88.1983438, 14.7174617 ], [ -88.1980348, 14.7173446 ], [ -88.197939, 14.7173237 ], [ -88.197462, 14.7172992 ], [ -88.1973156, 14.7173062 ], [ -88.1972018, 14.7173464 ], [ -88.1968386, 14.7175281 ], [ -88.196645, 14.7176599 ], [ -88.1960634, 14.7179301 ] ] ] } },
{ "type": "Feature", "properties": { "full_id": "w350884759", "osm_id": "350884759", "osm_type": "way", "service": null, "highway": "unclassified", "layer": null, "bridge": null, "maxspeed": null, "lanes": null, "surface": null, "ref": null, "name": null }, "geometry": { "type": "MultiLineString", "coordinates": [ [ [ -88.2372474, 14.7218757 ], [ -88.2370797, 14.7219056 ], [ -88.236892, 14.7219873 ], [ -88.2368129, 14.7220612 ], [ -88.2367847, 14.7221481 ], [ -88.2367711, 14.7222075 ], [ -88.2366548, 14.7224568 ], [ -88.2366274, 14.7225711 ], [ -88.2366015, 14.7226727 ], [ -88.2365434, 14.7227811 ], [ -88.2364667, 14.7228661 ], [ -88.2362746, 14.7230424 ], [ -88.2361908, 14.7229403 ], [ -88.2359489, 14.7228094 ], [ -88.2358295, 14.7227775 ], [ -88.2357276, 14.7227814 ], [ -88.2356323, 14.7227879 ], [ -88.2355103, 14.7228203 ], [ -88.2354205, 14.722832 ], [ -88.23534, 14.722832 ], [ -88.235108, 14.7228009 ], [ -88.234797, 14.7227289 ], [ -88.2347405, 14.7226841 ], [ -88.2346735, 14.7225817 ], [ -88.2345943, 14.7224688 ], [ -88.234553, 14.722418 ], [ -88.2344813, 14.7224183 ], [ -88.234441, 14.7224198 ], [ -88.2343953, 14.7224355 ], [ -88.2343205, 14.722471 ], [ -88.2342727, 14.7225816 ], [ -88.2342161, 14.7226509 ], [ -88.2341247, 14.7227106 ], [ -88.2340366, 14.7227221 ], [ -88.2339638, 14.7227432 ], [ -88.2338797, 14.7227825 ], [ -88.2337351, 14.7229148 ], [ -88.2335998, 14.7230688 ], [ -88.2334735, 14.7231607 ], [ -88.2333216, 14.723259 ], [ -88.2332102, 14.7233009 ], [ -88.2331274, 14.7233423 ], [ -88.2330088, 14.7234238 ], [ -88.2328612, 14.7235496 ], [ -88.2326954, 14.7236998 ], [ -88.2325451, 14.7238593 ], [ -88.2323973, 14.7240328 ], [ -88.2322926, 14.7241384 ], [ -88.2321991, 14.7241629 ], [ -88.232007, 14.7241994 ], [ -88.2318901, 14.724275 ], [ -88.2318353, 14.7243084 ], [ -88.2317857, 14.7243408 ], [ -88.2317294, 14.7243707 ], [ -88.2315363, 14.7244563 ], [ -88.2312754, 14.7244789 ], [ -88.2311071, 14.7245548 ], [ -88.2309247, 14.7246729 ], [ -88.2308134, 14.7248194 ], [ -88.2306753, 14.7250036 ], [ -88.2306243, 14.7251203 ], [ -88.2305979, 14.7252401 ], [ -88.2305693, 14.7252617 ], [ -88.2305184, 14.7252799 ], [ -88.2304607, 14.7253123 ], [ -88.2301308, 14.7255691 ], [ -88.2298572, 14.7257883 ], [ -88.2298183, 14.7258467 ], [ -88.2297687, 14.726001 ], [ -88.2297258, 14.7260659 ], [ -88.2295586, 14.7262155 ], [ -88.2294576, 14.7263214 ], [ -88.2292939, 14.726455 ], [ -88.2292269, 14.7265328 ], [ -88.2291803, 14.7266032 ], [ -88.229133, 14.7267015 ], [ -88.2290888, 14.7268415 ], [ -88.2290257, 14.7269544 ], [ -88.2289365, 14.7270756 ], [ -88.2288816, 14.7271405 ], [ -88.2288438, 14.7272089 ], [ -88.2288158, 14.7273402 ], [ -88.2288038, 14.7275659 ], [ -88.2287944, 14.7277177 ], [ -88.2287555, 14.7278539 ], [ -88.2287474, 14.727933 ], [ -88.2287863, 14.7281288 ], [ -88.2287928, 14.7282064 ], [ -88.2287647, 14.728292 ], [ -88.2287019, 14.7283662 ], [ -88.2286013, 14.7284207 ], [ -88.2284819, 14.7284492 ], [ -88.2282778, 14.7284463 ], [ -88.2281641, 14.7284177 ], [ -88.2280407, 14.7283247 ], [ -88.2278556, 14.7281911 ], [ -88.2277577, 14.728112 ], [ -88.2276686, 14.7280463 ], [ -88.2275629, 14.7280279 ], [ -88.2274814, 14.7280417 ], [ -88.2274224, 14.7280796 ], [ -88.2273697, 14.7281394 ], [ -88.2272651, 14.7282354 ], [ -88.2271694, 14.7284496 ], [ -88.2270046, 14.7286605 ], [ -88.2268078, 14.7287719 ], [ -88.2267139, 14.7288679 ], [ -88.2265579, 14.7290976 ], [ -88.2264392, 14.7292125 ], [ -88.2263169, 14.7293804 ], [ -88.2262318, 14.7296376 ], [ -88.2261556, 14.7300456 ], [ -88.225911, 14.7304484 ], [ -88.2257249, 14.7308787 ], [ -88.2254306, 14.7314461 ], [ -88.2252339, 14.7317032 ], [ -88.2251559, 14.7319226 ], [ -88.2251063, 14.7320323 ], [ -88.2250407, 14.7321112 ], [ -88.2245639, 14.7324094 ], [ -88.2238266, 14.7327814 ], [ -88.2234898, 14.7328997 ], [ -88.2233391, 14.7329905 ], [ -88.2232239, 14.7330248 ], [ -88.223029, 14.7330557 ], [ -88.2228092, 14.733054 ], [ -88.2224086, 14.7329305 ], [ -88.222063, 14.7327934 ], [ -88.2216482, 14.7325311 ], [ -88.221533, 14.7324026 ], [ -88.2214462, 14.7323151 ], [ -88.2213664, 14.732298 ], [ -88.2210367, 14.7323546 ], [ -88.2207, 14.7324386 ], [ -88.2204784, 14.7325688 ], [ -88.22031, 14.7327094 ], [ -88.2201204, 14.7328294 ], [ -88.219991, 14.732982 ], [ -88.2198208, 14.7333179 ], [ -88.2197145, 14.7338631 ], [ -88.2196223, 14.7340876 ], [ -88.2196223, 14.7341922 ], [ -88.2196684, 14.7343156 ], [ -88.219913, 14.7347681 ], [ -88.2200229, 14.7349053 ], [ -88.2200388, 14.7349978 ], [ -88.2199998, 14.7350733 ], [ -88.219936, 14.7351024 ], [ -88.2198492, 14.735099 ], [ -88.2197694, 14.7350184 ], [ -88.2196471, 14.7348453 ], [ -88.2195461, 14.734727 ], [ -88.2194504, 14.734667 ], [ -88.2192572, 14.7345847 ] ] ] } },
{ "type": "Feature", "properties": { "full_id": "w405587581", "osm_id": "405587581", "osm_type": "way", "service": null, "highway": "tertiary", "layer": null, "bridge": null, "maxspeed": null, "lanes": null, "surface": "unpaved", "ref": "RV-651", "name": null }, "geometry": { "type": "MultiLineString", "coordinates": [ [ [ -88.2229261, 14.6441765 ], [ -88.2229649, 14.6444153 ], [ -88.2230414, 14.6446086 ], [ -88.2230615, 14.6447163 ], [ -88.2230387, 14.6448253 ], [ -88.2229609, 14.644946 ], [ -88.2229569, 14.6450511 ], [ -88.2230307, 14.6451237 ], [ -88.2231862, 14.6452379 ], [ -88.2233834, 14.6453327 ], [ -88.2235228, 14.6454352 ], [ -88.2235108, 14.6455312 ], [ -88.223441, 14.6456025 ], [ -88.2232721, 14.6456363 ], [ -88.2231071, 14.6457037 ], [ -88.2229864, 14.645814 ], [ -88.2229033, 14.6459451 ], [ -88.2229113, 14.6460859 ], [ -88.2228858, 14.6461371 ], [ -88.22281, 14.6462195 ], [ -88.2226686, 14.6463142 ], [ -88.2225767, 14.6463558 ], [ -88.2225043, 14.6463817 ], [ -88.2224976, 14.6464751 ], [ -88.2226129, 14.6465166 ], [ -88.2228758, 14.646505 ], [ -88.2230434, 14.6465439 ], [ -88.2231842, 14.6465478 ], [ -88.2232285, 14.6466594 ], [ -88.2231413, 14.6468073 ], [ -88.2230099, 14.6469565 ], [ -88.2228409, 14.6470434 ], [ -88.222511, 14.6471304 ], [ -88.2223594, 14.6471018 ], [ -88.2222521, 14.6471161 ], [ -88.2221328, 14.6472043 ], [ -88.2220939, 14.6473756 ], [ -88.2220389, 14.6475547 ], [ -88.2220161, 14.6477091 ], [ -88.2220081, 14.6478388 ], [ -88.2219947, 14.648036 ], [ -88.2219035, 14.6481684 ], [ -88.2217921, 14.6482917 ], [ -88.2217573, 14.6484707 ], [ -88.221819, 14.6486147 ], [ -88.2219249, 14.6487562 ], [ -88.2221154, 14.6488574 ], [ -88.2222508, 14.6490118 ], [ -88.2223675, 14.6491908 ], [ -88.222397, 14.6495087 ], [ -88.2223755, 14.6498409 ], [ -88.2223782, 14.6501056 ], [ -88.2222159, 14.6503119 ], [ -88.2220858, 14.6504598 ], [ -88.2218498, 14.6507037 ], [ -88.2216969, 14.6508659 ], [ -88.2214998, 14.6510501 ], [ -88.2212825, 14.6511565 ], [ -88.2210452, 14.6511565 ], [ -88.220734, 14.6511215 ], [ -88.2204497, 14.6511215 ], [ -88.2201922, 14.6510995 ], [ -88.2200018, 14.6510657 ], [ -88.2199146, 14.6511176 ], [ -88.219861, 14.6512603 ], [ -88.2198046, 14.6514238 ], [ -88.2196947, 14.6515289 ], [ -88.2194171, 14.6516483 ], [ -88.2192212, 14.6516587 ], [ -88.2190509, 14.651612 ], [ -88.2188203, 14.6515471 ], [ -88.2185882, 14.651525 ], [ -88.2184139, 14.6514835 ], [ -88.2182194, 14.6514459 ], [ -88.2180411, 14.6514576 ], [ -88.2179137, 14.6515159 ], [ -88.2178413, 14.6515484 ], [ -88.2176401, 14.6516729 ], [ -88.2177004, 14.6517767 ], [ -88.2178091, 14.6518364 ], [ -88.2180531, 14.6519467 ], [ -88.2182945, 14.6519999 ], [ -88.2184367, 14.6520622 ], [ -88.218595, 14.6521206 ], [ -88.2186915, 14.6522088 ], [ -88.2187183, 14.6523074 ], [ -88.2186821, 14.6523801 ], [ -88.2185534, 14.6523593 ], [ -88.2184045, 14.6522957 ], [ -88.2180558, 14.6523425 ], [ -88.2179405, 14.6523425 ], [ -88.2178185, 14.6524047 ], [ -88.2178144, 14.6525215 ], [ -88.2177849, 14.6526266 ], [ -88.217632, 14.6527161 ], [ -88.2174175, 14.652794 ], [ -88.217223, 14.6528589 ], [ -88.2170513, 14.652925 ], [ -88.2167898, 14.653034 ], [ -88.2166249, 14.6530561 ], [ -88.2164666, 14.6530483 ], [ -88.2162909, 14.6530781 ], [ -88.2160857, 14.6531612 ], [ -88.2159101, 14.6532299 ], [ -88.2158068, 14.6533934 ], [ -88.2157585, 14.6534609 ], [ -88.2156901, 14.65354 ], [ -88.215607, 14.6536477 ], [ -88.2155372, 14.6536944 ], [ -88.2155144, 14.6538605 ], [ -88.2154796, 14.6540006 ], [ -88.215446, 14.6541317 ], [ -88.2153937, 14.6542277 ], [ -88.2152932, 14.6543639 ], [ -88.2150786, 14.654578 ], [ -88.2148734, 14.6547389 ], [ -88.2147862, 14.6547843 ], [ -88.2146105, 14.6548129 ], [ -88.2144308, 14.6548167 ], [ -88.2143973, 14.6549167 ], [ -88.214459, 14.6550672 ], [ -88.2145636, 14.6552371 ], [ -88.2146508, 14.6553617 ], [ -88.2147701, 14.6554421 ], [ -88.2150129, 14.6555252 ], [ -88.2152301, 14.6556173 ], [ -88.2153347, 14.6557211 ], [ -88.2153361, 14.6558106 ], [ -88.2152757, 14.6558547 ], [ -88.2150692, 14.6559365 ], [ -88.2148895, 14.6559378 ], [ -88.2147151, 14.6559481 ], [ -88.2146226, 14.6560805 ], [ -88.2145301, 14.6562803 ], [ -88.2145703, 14.6564074 ], [ -88.2146682, 14.6566086 ], [ -88.2147393, 14.6567824 ], [ -88.2147983, 14.657025 ], [ -88.2148439, 14.6571496 ], [ -88.2148814, 14.6572729 ], [ -88.2148291, 14.6573507 ], [ -88.2147017, 14.6573533 ], [ -88.2146065, 14.6574091 ], [ -88.2144858, 14.6574934 ], [ -88.2143986, 14.6575012 ], [ -88.2142484, 14.6574467 ], [ -88.2140754, 14.6574714 ], [ -88.2138635, 14.6575466 ], [ -88.2136744, 14.6577944 ], [ -88.2135148, 14.6580474 ], [ -88.2134706, 14.6581824 ], [ -88.213488, 14.6584211 ], [ -88.2134183, 14.6585716 ], [ -88.2133459, 14.6586845 ], [ -88.2130455, 14.6589479 ], [ -88.2127491, 14.6592606 ], [ -88.2126445, 14.6593838 ], [ -88.2123481, 14.6595239 ], [ -88.2121684, 14.6595758 ], [ -88.2119082, 14.6596809 ], [ -88.2116909, 14.6598224 ], [ -88.211471, 14.6600131 ], [ -88.2112551, 14.6601688 ], [ -88.2111371, 14.6602868 ], [ -88.2109936, 14.6603491 ], [ -88.2108152, 14.6603206 ], [ -88.2106382, 14.6602583 ], [ -88.2105215, 14.6602336 ], [ -88.2103646, 14.6602868 ], [ -88.2088438, 14.6615051 ], [ -88.2086708, 14.6616128 ], [ -88.2083972, 14.6617049 ], [ -88.2082966, 14.661762 ], [ -88.2081276, 14.6619021 ], [ -88.2080056, 14.6619891 ], [ -88.2079211, 14.6620488 ], [ -88.2078903, 14.6621448 ], [ -88.2078809, 14.6622408 ], [ -88.2079922, 14.6623186 ], [ -88.2080123, 14.662425 ], [ -88.2079546, 14.6625586 ], [ -88.2078554, 14.6626923 ], [ -88.2077521, 14.6628519 ], [ -88.2076247, 14.6629245 ], [ -88.2074598, 14.6630296 ], [ -88.2073444, 14.6631412 ], [ -88.207221, 14.663293 ], [ -88.207091, 14.6634383 ], [ -88.2069206, 14.6635979 ], [ -88.2069005, 14.6636965 ], [ -88.2069475, 14.6637977 ], [ -88.2071003, 14.6638587 ], [ -88.2072894, 14.6639106 ], [ -88.2074128, 14.6640118 ], [ -88.2075094, 14.664039 ], [ -88.2077924, 14.664052 ], [ -88.2081866, 14.6640844 ], [ -88.2084415, 14.6641765 ], [ -88.2088237, 14.6645268 ], [ -88.2090061, 14.6647435 ], [ -88.2091167, 14.6648614 ], [ -88.2091723, 14.6649198 ], [ -88.2092582, 14.6649951 ], [ -88.2092642, 14.6650891 ], [ -88.2091965, 14.6652176 ], [ -88.2091254, 14.6653188 ], [ -88.2090919, 14.665433 ], [ -88.2091046, 14.6656029 ], [ -88.2091019, 14.6657275 ], [ -88.2091093, 14.6658579 ], [ -88.2091402, 14.6660609 ], [ -88.2091643, 14.6662361 ], [ -88.209179, 14.6663697 ], [ -88.2091784, 14.6664508 ], [ -88.2091442, 14.6664936 ], [ -88.2090939, 14.6665085 ], [ -88.2089618, 14.6664177 ], [ -88.2088243, 14.6663567 ], [ -88.2087137, 14.66636 ], [ -88.2086232, 14.66643 ], [ -88.2086004, 14.6665617 ], [ -88.2085923, 14.6667758 ], [ -88.2085749, 14.6670132 ], [ -88.2085977, 14.6671624 ], [ -88.2086808, 14.667357 ], [ -88.2087546, 14.6675101 ], [ -88.2087975, 14.6675776 ], [ -88.2089531, 14.6676347 ], [ -88.2090483, 14.667706 ], [ -88.2090376, 14.667815 ], [ -88.2089276, 14.6678786 ], [ -88.2088176, 14.6679629 ], [ -88.2087452, 14.6680706 ], [ -88.208658, 14.6681873 ], [ -88.2085628, 14.6682081 ], [ -88.2084394, 14.668212 ], [ -88.2083764, 14.668273 ], [ -88.2082812, 14.6683716 ], [ -88.2081618, 14.6684196 ], [ -88.2080706, 14.668513 ], [ -88.2080451, 14.6686349 ], [ -88.2080103, 14.6687621 ], [ -88.2079097, 14.6688386 ], [ -88.2077689, 14.6688373 ], [ -88.2076388, 14.6688257 ], [ -88.2075248, 14.6688672 ], [ -88.2074416, 14.6689813 ], [ -88.2074403, 14.6691357 ], [ -88.2074752, 14.6693135 ], [ -88.2075302, 14.6694821 ], [ -88.2076093, 14.6696417 ], [ -88.2076562, 14.6697689 ], [ -88.2078551, 14.670207 ], [ -88.2079119, 14.6704541 ], [ -88.2079012, 14.6708147 ], [ -88.2079149, 14.6710359 ], [ -88.2079513, 14.6710748 ], [ -88.2080623, 14.6711211 ], [ -88.2081849, 14.6712026 ] ] ] } },
{ "type": "Feature", "properties": { "full_id": "w478840772", "osm_id": "478840772", "osm_type": "way", "service": null, "highway": "unclassified", "layer": null, "bridge": null, "maxspeed": null, "lanes": null, "surface": null, "ref": null, "name": null }, "geometry": { "type": "MultiLineString", "coordinates": [ [ [ -88.198305693225819, 14.66471694299557 ], [ -88.198343193225824, 14.66476364299557 ], [ -88.198413593225823, 14.66480904299557 ], [ -88.198496793225814, 14.664871342995571 ], [ -88.198567893225828, 14.66493814299557 ], [ -88.198566493225826, 14.66502444299557 ], [ -88.198513493225818, 14.665137342995571 ], [ -88.198460593225818, 14.665258642995571 ], [ -88.198407593225824, 14.665363042995571 ], [ -88.198350593225825, 14.66540524299557 ], [ -88.198311693225818, 14.66548304299557 ], [ -88.198359993225822, 14.665566142995571 ], [ -88.198390793225826, 14.66560954299557 ], [ -88.198402893225818, 14.66573024299557 ], [ -88.198408293225825, 14.66586384299557 ], [ -88.198463893225821, 14.66598454299557 ], [ -88.198564493225817, 14.666111042995571 ], [ -88.198644993225827, 14.666196642995571 ], [ -88.198753593225817, 14.66630374299557 ], [ -88.198833393225826, 14.66638214299557 ], [ -88.198934693225823, 14.66646654299557 ], [ -88.198986993225816, 14.66658134299557 ], [ -88.199015093225825, 14.66671624299557 ], [ -88.199016493225827, 14.666908942995571 ], [ -88.199025793225815, 14.66700754299557 ], [ -88.199106993225826, 14.667159942995571 ], [ -88.199090193225828, 14.66725404299557 ], [ -88.199053993225817, 14.667529142995571 ], [ -88.199027193225817, 14.667577142995571 ], [ -88.199009093225825, 14.667677642995571 ], [ -88.199065393225823, 14.66776194299557 ], [ -88.199151193225816, 14.667830742995571 ], [ -88.199252493225828, 14.66794494299557 ], [ -88.199318893225822, 14.66803704299557 ], [ -88.199402693225821, 14.668160242995571 ], [ -88.199563593225818, 14.66833344299557 ], [ -88.199597193225827, 14.668739542995571 ], [ -88.199759393225818, 14.66898604299557 ], [ -88.199850593225818, 14.66916904299557 ], [ -88.199961893225819, 14.66929874299557 ], [ -88.200018293225824, 14.669484242995571 ], [ -88.200003493225822, 14.66964254299557 ], [ -88.199888193225817, 14.669789142995571 ], [ -88.199748693225828, 14.66995264299557 ], [ -88.199701793225827, 14.67009534299557 ], [ -88.199768793225815, 14.67029644299557 ], [ -88.199842593225824, 14.67048194299557 ], [ -88.19993649322582, 14.670696042995571 ], [ -88.200105393225826, 14.67090104299557 ], [ -88.200203293225826, 14.67102554299557 ], [ -88.200448793225817, 14.67103724299557 ], [ -88.200572093225816, 14.67107874299557 ], [ -88.200600293225818, 14.671166942995571 ], [ -88.200572093225816, 14.671370642995571 ], [ -88.200577493225822, 14.67151984299557 ], [ -88.200624393225823, 14.67182734299557 ], [ -88.200598993225825, 14.67198174299557 ], [ -88.200506393225822, 14.672130942995571 ], [ -88.200458093225819, 14.67225154299557 ], [ -88.200381693225822, 14.67238914299557 ], [ -88.200240893225825, 14.67238004299557 ], [ -88.200122893225824, 14.672376142995571 ], [ -88.199927093225824, 14.672431942995571 ], [ -88.199792993225827, 14.672503242995571 ], [ -88.199686993225825, 14.67265504299557 ], [ -88.199661493225818, 14.672822442995571 ], [ -88.199658793225822, 14.67298454299557 ], [ -88.199609193225825, 14.67309094299557 ], [ -88.199483193225817, 14.67305724299557 ], [ -88.199354393225818, 14.673026142995571 ], [ -88.19925789322582, 14.67311044299557 ], [ -88.199218993225827, 14.67325834299557 ], [ -88.199230993225825, 14.673455542995571 ], [ -88.199154593225828, 14.67357614299557 ], [ -88.199041893225825, 14.673672142995571 ], [ -88.198887693225828, 14.67376694299557 ], [ -88.198804593225816, 14.67389404299557 ], [ -88.198765693225823, 14.674074342995571 ], [ -88.198736193225827, 14.674248242995571 ], [ -88.198775093225819, 14.674458342995571 ], [ -88.198921193225814, 14.674615342995571 ], [ -88.199071393225822, 14.67473734299557 ], [ -88.199236393225817, 14.67494364299557 ], [ -88.19920019322582, 14.67509544299557 ], [ -88.199130493225823, 14.675218642995571 ], [ -88.19909559322582, 14.67537954299557 ], [ -88.199012393225814, 14.67556634299557 ], [ -88.198943993225825, 14.67570254299557 ], [ -88.198856893225823, 14.675851742995571 ], [ -88.198840793225827, 14.67608394299557 ], [ -88.19880859322582, 14.67629934299557 ], [ -88.198832693225825, 14.676501742995571 ], [ -88.198868893225821, 14.67670934299557 ], [ -88.198874293225828, 14.676871442995571 ], [ -88.198935993225817, 14.67707384299557 ], [ -88.19899769322582, 14.677280142995571 ], [ -88.19910229322582, 14.67748774299557 ], [ -88.199178693225818, 14.67764204299557 ], [ -88.199256493225818, 14.67782504299557 ], [ -88.199328893225825, 14.677915842995571 ], [ -88.199414793225827, 14.678049442995571 ], [ -88.199497893225825, 14.678205142995571 ], [ -88.199568993225824, 14.67838154299557 ], [ -88.199646793225824, 14.67862674299557 ], [ -88.199682993225821, 14.678805842995571 ], [ -88.199715193225828, 14.678974442995571 ], [ -88.199796993225817, 14.67910024299557 ], [ -88.199878793225821, 14.67928064299557 ], [ -88.199996793225822, 14.679485642995571 ], [ -88.200098693225826, 14.67963864299557 ], [ -88.200205239980917, 14.679845528559865 ] ] ] } },
{ "type": "Feature", "properties": { "full_id": "w478840774", "osm_id": "478840774", "osm_type": "way", "service": null, "highway": "residential", "layer": null, "bridge": null, "maxspeed": null, "lanes": null, "surface": null, "ref": null, "name": null }, "geometry": { "type": "MultiLineString", "coordinates": [ [ [ -88.2385509, 14.667672 ], [ -88.23839, 14.6677576 ], [ -88.2382203, 14.6678393 ], [ -88.2379474, 14.6679165 ], [ -88.237704, 14.6679775 ], [ -88.2375431, 14.6680411 ], [ -88.2374525, 14.6681299 ], [ -88.2373748, 14.6682921 ], [ -88.2372319, 14.6684478 ], [ -88.2371059, 14.66861 ], [ -88.2370308, 14.6687546 ], [ -88.2369993, 14.6689025 ], [ -88.237006, 14.669079 ], [ -88.23695, 14.669137 ] ] ] } },
{ "type": "Feature", "properties": { "full_id": "w478840775", "osm_id": "478840775", "osm_type": "way", "service": null, "highway": "residential", "layer": null, "bridge": null, "maxspeed": null, "lanes": null, "surface": null, "ref": null, "name": null }, "geometry": { "type": "MultiLineString", "coordinates": [ [ [ -88.2404575, 14.6739737 ], [ -88.2407552, 14.6738933 ], [ -88.2410449, 14.673818 ], [ -88.2410798, 14.6736571 ], [ -88.2410422, 14.6733951 ], [ -88.2409993, 14.6732108 ], [ -88.2409337, 14.6728514 ], [ -88.2409237, 14.672734 ], [ -88.2409062, 14.6726199 ], [ -88.2408942, 14.6724947 ], [ -88.2408875, 14.672398 ], [ -88.2408506, 14.6722819 ], [ -88.2407721, 14.6721749 ], [ -88.240693, 14.6720497 ], [ -88.2406005, 14.671916 ], [ -88.2405173, 14.6718038 ], [ -88.2404248, 14.6716793 ], [ -88.2403396, 14.6715657 ], [ -88.2402223, 14.6714036 ], [ -88.2401217, 14.6712414 ] ] ] } },
{ "type": "Feature", "properties": { "full_id": "w478840776", "osm_id": "478840776", "osm_type": "way", "service": null, "highway": "residential", "layer": null, "bridge": null, "maxspeed": null, "lanes": null, "surface": null, "ref": null, "name": null }, "geometry": { "type": "MultiLineString", "coordinates": [ [ [ -88.2434416, 14.6732017 ], [ -88.2432766, 14.6731537 ], [ -88.2431224, 14.6731278 ], [ -88.242936, 14.6730746 ], [ -88.242708, 14.6729435 ], [ -88.2425524, 14.6728229 ], [ -88.2423767, 14.6726815 ], [ -88.2422346, 14.6725453 ], [ -88.2420924, 14.6724428 ], [ -88.2419489, 14.6723455 ], [ -88.2418712, 14.6722819 ], [ -88.241729, 14.6722339 ], [ -88.2416029, 14.6721158 ], [ -88.2415292, 14.6719433 ], [ -88.2414648, 14.6718187 ], [ -88.2414433, 14.6717253 ] ] ] } },
{ "type": "Feature", "properties": { "full_id": "w478840777", "osm_id": "478840777", "osm_type": "way", "service": null, "highway": "residential", "layer": null, "bridge": null, "maxspeed": null, "lanes": null, "surface": null, "ref": null, "name": null }, "geometry": { "type": "MultiLineString", "coordinates": [ [ [ -88.1532607, 14.6908222 ], [ -88.153376, 14.6908818 ], [ -88.1535356, 14.6909182 ], [ -88.1537314, 14.6909986 ], [ -88.1538937, 14.6911283 ], [ -88.1540627, 14.6912801 ], [ -88.154174, 14.6914137 ], [ -88.1542035, 14.6915305 ], [ -88.1543483, 14.6917043 ], [ -88.154587, 14.6919093 ], [ -88.1548204, 14.6922232 ], [ -88.1550859, 14.6925423 ], [ -88.1552978, 14.6928796 ], [ -88.1554883, 14.693178 ], [ -88.1556277, 14.6933518 ], [ -88.1559174, 14.6934686 ], [ -88.1561052, 14.6935412 ] ] ] } },
{ "type": "Feature", "properties": { "full_id": "w478840779", "osm_id": "478840779", "osm_type": "way", "service": null, "highway": "residential", "layer": null, "bridge": null, "maxspeed": null, "lanes": null, "surface": null, "ref": null, "name": null }, "geometry": { "type": "MultiLineString", "coordinates": [ [ [ -88.2412016, 14.6695616 ], [ -88.241209, 14.6696635 ], [ -88.2412378, 14.6698237 ], [ -88.2412874, 14.6699547 ], [ -88.2413082, 14.670087 ], [ -88.2413304, 14.6702207 ], [ -88.2413008, 14.6703783 ], [ -88.2412821, 14.6704983 ], [ -88.2413082, 14.6706371 ], [ -88.2413102, 14.6707584 ], [ -88.2413639, 14.6708966 ], [ -88.2413337, 14.6710471 ], [ -88.2412787, 14.6711567 ], [ -88.241219, 14.6711853 ], [ -88.2411319, 14.6711704 ], [ -88.2410299, 14.6711587 ], [ -88.2409173, 14.67116 ], [ -88.2408221, 14.6711678 ], [ -88.2407815, 14.6712025 ] ] ] } },
{ "type": "Feature", "properties": { "full_id": "w478840781", "osm_id": "478840781", "osm_type": "way", "service": null, "highway": "residential", "layer": null, "bridge": null, "maxspeed": null, "lanes": null, "surface": null, "ref": null, "name": null }, "geometry": { "type": "MultiLineString", "coordinates": [ [ [ -88.2387467, 14.6676635 ], [ -88.2385509, 14.667672 ] ] ] } },
{ "type": "Feature", "properties": { "full_id": "w478840782", "osm_id": "478840782", "osm_type": "way", "service": null, "highway": "residential", "layer": null, "bridge": null, "maxspeed": null, "lanes": null, "surface": null, "ref": null, "name": null }, "geometry": { "type": "MultiLineString", "coordinates": [ [ [ -88.2386974, 14.6675575 ], [ -88.2385509, 14.667672 ] ] ] } },
{ "type": "Feature", "properties": { "full_id": "w478840783", "osm_id": "478840783", "osm_type": "way", "service": null, "highway": "unclassified", "layer": null, "bridge": null, "maxspeed": null, "lanes": null, "surface": null, "ref": null, "name": null }, "geometry": { "type": "MultiLineString", "coordinates": [ [ [ -88.198411593030897, 14.679162552495614 ], [ -88.198445793030899, 14.679036052495613 ], [ -88.19849549303089, 14.678914752495613 ], [ -88.198599393030889, 14.678751952495613 ], [ -88.198683193030902, 14.678644952495613 ], [ -88.198787193030896, 14.678574852495613 ], [ -88.198929293030901, 14.678502252495614 ], [ -88.198892393030903, 14.678408152495614 ], [ -88.198877693030894, 14.678317952495613 ], [ -88.198894393030898, 14.678203152495612 ], [ -88.198956793030902, 14.678035152495612 ], [ -88.198980893030893, 14.677909952495613 ], [ -88.199049993030897, 14.677824352495612 ], [ -88.199137193030893, 14.677780852495612 ], [ -88.199221693030893, 14.677773152495613 ], [ -88.199302793030895, 14.677835352495613 ], [ -88.199327593030901, 14.677896352495614 ], [ -88.199406693030895, 14.677944352495613 ], [ -88.199430193030892, 14.677918452495613 ] ] ] } },
{ "type": "Feature", "properties": { "full_id": "w478840784", "osm_id": "478840784", "osm_type": "way", "service": null, "highway": "unclassified", "layer": null, "bridge": null, "maxspeed": null, "lanes": null, "surface": null, "ref": null, "name": null }, "geometry": { "type": "MultiLineString", "coordinates": [ [ [ -88.260787, 14.6750389 ], [ -88.260712, 14.6756301 ], [ -88.2603537, 14.676052 ], [ -88.2599759, 14.6762052 ], [ -88.2591037, 14.6771672 ], [ -88.2586036, 14.677839 ], [ -88.2582342, 14.6781937 ], [ -88.2579231, 14.6783146 ], [ -88.257373, 14.6782609 ], [ -88.2569147, 14.6784383 ], [ -88.2563758, 14.6783738 ], [ -88.2552924, 14.6787634 ], [ -88.2548146, 14.6786962 ], [ -88.2543924, 14.6782824 ], [ -88.2541563, 14.6782609 ], [ -88.2536535, 14.6784087 ], [ -88.2527812, 14.6782018 ], [ -88.252284, 14.6777181 ], [ -88.2516923, 14.6771753 ], [ -88.2515868, 14.6770087 ], [ -88.2515283, 14.6767195 ], [ -88.2515063, 14.6766133 ], [ -88.2514562, 14.6763718 ], [ -88.2512173, 14.6760198 ], [ -88.2506784, 14.6755844 ], [ -88.2498145, 14.6749691 ], [ -88.2489811, 14.6743671 ], [ -88.2483283, 14.6740258 ], [ -88.2482367, 14.6737246 ], [ -88.2481992, 14.6735209 ], [ -88.2481804, 14.67336 ], [ -88.2481562, 14.6731226 ], [ -88.2481442, 14.6729617 ], [ -88.2481388, 14.6728138 ], [ -88.2480744, 14.6726322 ], [ -88.2479376, 14.6724064 ], [ -88.2478156, 14.6722352 ], [ -88.2477325, 14.6720276 ], [ -88.2476842, 14.6718291 ], [ -88.2476292, 14.6716708 ], [ -88.2475407, 14.6715125 ], [ -88.2474374, 14.6713633 ], [ -88.2473046, 14.6711441 ], [ -88.2472094, 14.6709871 ], [ -88.2470874, 14.6708976 ], [ -88.2469546, 14.6708133 ], [ -88.2468272, 14.6707743 ], [ -88.246728, 14.6707834 ], [ -88.2466274, 14.6708392 ], [ -88.2464477, 14.6709508 ], [ -88.24628, 14.6710377 ], [ -88.246154, 14.6710935 ], [ -88.2459823, 14.671161 ], [ -88.2458187, 14.6712531 ], [ -88.2456323, 14.6714075 ], [ -88.2454405, 14.6715177 ], [ -88.2453024, 14.6716202 ], [ -88.2451052, 14.671724 ], [ -88.2448665, 14.6717993 ], [ -88.244664, 14.6718914 ], [ -88.2444655, 14.6720198 ], [ -88.24431, 14.6721067 ], [ -88.2441879, 14.6721366 ], [ -88.2440189, 14.6721093 ], [ -88.2438379, 14.672038 ], [ -88.2437078, 14.6719874 ], [ -88.2435589, 14.6719368 ], [ -88.2434382, 14.671916 ], [ -88.243284, 14.6719446 ], [ -88.2430936, 14.6719796 ], [ -88.2429313, 14.6720055 ], [ -88.2427543, 14.6720004 ], [ -88.2425692, 14.6719666 ], [ -88.2423841, 14.6719238 ], [ -88.2422674, 14.6719005 ], [ -88.2420918, 14.6718953 ], [ -88.2418879, 14.6718927 ], [ -88.2417095, 14.671868 ], [ -88.2415647, 14.6717954 ], [ -88.2414433, 14.6717253 ], [ -88.2412402, 14.6715774 ], [ -88.2410752, 14.6714671 ], [ -88.2409974, 14.6713906 ], [ -88.2409129, 14.6712829 ], [ -88.2407815, 14.6712025 ], [ -88.2406554, 14.6711752 ], [ -88.2404932, 14.6711376 ], [ -88.2403228, 14.6711765 ], [ -88.2401217, 14.6712414 ], [ -88.2400426, 14.6711324 ], [ -88.2399594, 14.6709871 ], [ -88.2399098, 14.6708574 ], [ -88.2398722, 14.6707458 ], [ -88.2398709, 14.6705797 ], [ -88.2398789, 14.670424 ], [ -88.2398776, 14.6701827 ], [ -88.2398146, 14.6700452 ], [ -88.2397529, 14.669922 ], [ -88.2396885, 14.669835 ] ] ] } },
{ "type": "Feature", "properties": { "full_id": "w478840785", "osm_id": "478840785", "osm_type": "way", "service": null, "highway": "residential", "layer": null, "bridge": null, "maxspeed": null, "lanes": null, "surface": null, "ref": null, "name": null }, "geometry": { "type": "MultiLineString", "coordinates": [ [ [ -88.2382079, 14.6666136 ], [ -88.2382649, 14.6667167 ], [ -88.2383487, 14.666838 ], [ -88.2384285, 14.6668841 ], [ -88.2384963, 14.6669996 ], [ -88.2386096, 14.6671676 ], [ -88.238676, 14.667309 ], [ -88.2386867, 14.6674744 ], [ -88.2386974, 14.6675575 ], [ -88.2387467, 14.6676635 ], [ -88.238801, 14.6677719 ], [ -88.2388929, 14.6679152 ], [ -88.2389988, 14.6680553 ], [ -88.2391088, 14.6682032 ], [ -88.2391987, 14.6683589 ], [ -88.2392208, 14.6684582 ], [ -88.2392832, 14.6685769 ], [ -88.2392697, 14.6687164 ], [ -88.2392778, 14.6688902 ], [ -88.2393174, 14.6690932 ], [ -88.2394059, 14.669236 ], [ -88.2395132, 14.6693962 ], [ -88.2396131, 14.6695551 ], [ -88.2396701, 14.6696764 ], [ -88.2397183, 14.6697504 ], [ -88.2396885, 14.669835 ] ] ] } },
{ "type": "Feature", "properties": { "full_id": "w478840789", "osm_id": "478840789", "osm_type": "way", "service": null, "highway": "unclassified", "layer": null, "bridge": null, "maxspeed": null, "lanes": null, "surface": null, "ref": null, "name": null }, "geometry": { "type": "MultiLineString", "coordinates": [ [ [ -88.1802337, 14.6672341 ], [ -88.1802404, 14.6670083 ], [ -88.1803248, 14.6668981 ], [ -88.1804, 14.6665763 ], [ -88.180402, 14.6663927 ], [ -88.1803088, 14.6661858 ], [ -88.1802283, 14.666034 ], [ -88.1801445, 14.6658919 ], [ -88.1800479, 14.6657369 ], [ -88.1800164, 14.6656422 ], [ -88.1799165, 14.6655942 ], [ -88.1797978, 14.6656045 ], [ -88.1796563, 14.6656188 ], [ -88.1795584, 14.6655961 ], [ -88.1794464, 14.6654612 ], [ -88.1793391, 14.6653386 ], [ -88.1792117, 14.6652452 ], [ -88.1791065, 14.6651388 ], [ -88.1790153, 14.6650038 ], [ -88.1789187, 14.6648579 ], [ -88.178763, 14.6646184 ], [ -88.1785753, 14.664346 ], [ -88.1784787, 14.6641747 ], [ -88.1782722, 14.6639074 ], [ -88.1781354, 14.6637595 ], [ -88.1780424, 14.6636804 ], [ -88.1779342, 14.6635883 ], [ -88.1777148, 14.6634554 ], [ -88.1776258, 14.6634014 ], [ -88.1772664, 14.6632535 ], [ -88.1769418, 14.6631212 ], [ -88.1765127, 14.6629577 ], [ -88.1762713, 14.6628747 ], [ -88.1760004, 14.6628487 ], [ -88.1757053, 14.662841 ], [ -88.1755551, 14.6628565 ], [ -88.1753405, 14.6629629 ], [ -88.1750133, 14.6629448 ], [ -88.174729, 14.6628851 ], [ -88.1744849, 14.6626801 ], [ -88.1742355, 14.6624543 ], [ -88.1740477, 14.6623739 ], [ -88.1734925, 14.6623765 ], [ -88.1730821, 14.6623765 ], [ -88.1727334, 14.6622753 ], [ -88.1725376, 14.6622805 ], [ -88.1721675, 14.6623531 ], [ -88.1718671, 14.662431 ], [ -88.171513, 14.6623895 ], [ -88.1710463, 14.6623869 ], [ -88.1706949, 14.6624777 ], [ -88.1703436, 14.6624751 ], [ -88.1700779, 14.6624716 ], [ -88.1699466, 14.6624699 ], [ -88.1698589, 14.6624413 ], [ -88.1698192, 14.6624284 ] ] ] } },
{ "type": "Feature", "properties": { "full_id": "w478840791", "osm_id": "478840791", "osm_type": "way", "service": null, "highway": "residential", "layer": null, "bridge": null, "maxspeed": null, "lanes": null, "surface": null, "ref": null, "name": null }, "geometry": { "type": "MultiLineString", "coordinates": [ [ [ -88.2388272, 14.6702077 ], [ -88.2388453, 14.6701545 ], [ -88.2388674, 14.6700442 ], [ -88.2388902, 14.6699359 ], [ -88.2389137, 14.6698632 ], [ -88.2389204, 14.6698217 ], [ -88.238916, 14.6697546 ] ] ] } },
{ "type": "Feature", "properties": { "full_id": "w478840793", "osm_id": "478840793", "osm_type": "way", "service": null, "highway": "residential", "layer": null, "bridge": null, "maxspeed": null, "lanes": null, "surface": null, "ref": null, "name": null }, "geometry": { "type": "MultiLineString", "coordinates": [ [ [ -88.2223038, 14.6650087 ], [ -88.2224285, 14.6649983 ], [ -88.2225217, 14.6649782 ], [ -88.2226618, 14.6650042 ], [ -88.222755, 14.6650223 ], [ -88.222857, 14.6650106 ], [ -88.2229207, 14.6650314 ], [ -88.2229468, 14.6650807 ], [ -88.2229535, 14.6651748 ], [ -88.2230011, 14.6652435 ], [ -88.2231111, 14.6652844 ], [ -88.2231882, 14.6653084 ], [ -88.2232352, 14.6654115 ], [ -88.2232405, 14.6655251 ], [ -88.2232774, 14.6656431 ], [ -88.2233364, 14.6657573 ], [ -88.223433, 14.6658566 ], [ -88.2235235, 14.6659779 ], [ -88.2236154, 14.6661271 ], [ -88.2236784, 14.6662393 ], [ -88.2237783, 14.6663029 ], [ -88.223889, 14.6663152 ], [ -88.2240097, 14.666275 ], [ -88.2241485, 14.666214 ], [ -88.2242169, 14.66614 ], [ -88.2242611, 14.6660739 ], [ -88.2243516, 14.6661024 ], [ -88.2244583, 14.6661459 ], [ -88.2245555, 14.6661225 ], [ -88.2246172, 14.6660603 ], [ -88.2247003, 14.6660843 ], [ -88.2248364, 14.6661433 ], [ -88.2249632, 14.6662289 ], [ -88.2250778, 14.6662743 ], [ -88.2252126, 14.6662425 ], [ -88.2252951, 14.666142 ], [ -88.2254373, 14.6659921 ], [ -88.2255539, 14.6658702 ], [ -88.2256123, 14.6657761 ], [ -88.2256927, 14.6656808 ], [ -88.2257645, 14.6656581 ], [ -88.2258087, 14.6656756 ], [ -88.2258161, 14.665767 ], [ -88.2257652, 14.6658747 ], [ -88.2257296, 14.6659604 ], [ -88.2257618, 14.6660622 ], [ -88.2258322, 14.6661271 ], [ -88.2259281, 14.666166 ], [ -88.2260636, 14.6661374 ], [ -88.2261514, 14.6660732 ], [ -88.2262064, 14.6659792 ], [ -88.2262842, 14.6659441 ], [ -88.2263593, 14.6659701 ], [ -88.2264706, 14.6661018 ], [ -88.2265437, 14.6661855 ], [ -88.2265551, 14.666286 ], [ -88.2265209, 14.6663658 ], [ -88.2264565, 14.6664112 ], [ -88.2264431, 14.6664774 ], [ -88.226494, 14.6665812 ], [ -88.2265034, 14.6667077 ], [ -88.2264659, 14.6668134 ], [ -88.226488, 14.6669302 ], [ -88.2265645, 14.667021 ], [ -88.2266979, 14.6670943 ], [ -88.2267898, 14.6671196 ], [ -88.2269527, 14.6671066 ], [ -88.227066, 14.6671014 ], [ -88.2271364, 14.6672195 ], [ -88.2271767, 14.6673946 ], [ -88.2272343, 14.667527 ], [ -88.2273758, 14.6675854 ], [ -88.227526, 14.6676379 ], [ -88.2276595, 14.6676554 ], [ -88.2277491, 14.6677836 ] ] ] } },
{ "type": "Feature", "properties": { "full_id": "w478840794", "osm_id": "478840794", "osm_type": "way", "service": null, "highway": "residential", "layer": null, "bridge": null, "maxspeed": null, "lanes": null, "surface": null, "ref": null, "name": null }, "geometry": { "type": "MultiLineString", "coordinates": [ [ [ -88.2480899, 14.7205946 ], [ -88.2477452, 14.7207372 ], [ -88.2476728, 14.7208462 ], [ -88.2472637, 14.7211341 ], [ -88.2469834, 14.7213923 ], [ -88.2467836, 14.7215803 ], [ -88.2465985, 14.7217684 ], [ -88.2464819, 14.7218449 ], [ -88.2462552, 14.7218501 ], [ -88.2459199, 14.7217451 ], [ -88.2457711, 14.7218151 ], [ -88.2455967, 14.7220382 ], [ -88.2454599, 14.7223106 ], [ -88.2454653, 14.7225596 ], [ -88.2455511, 14.7228009 ], [ -88.2456276, 14.7228943 ], [ -88.2456946, 14.7229877 ], [ -88.2456933, 14.7230875 ], [ -88.2456651, 14.7231887 ], [ -88.2456034, 14.7232549 ], [ -88.2455136, 14.7232691 ], [ -88.245362, 14.7231667 ], [ -88.2451099, 14.7229734 ], [ -88.2449624, 14.7229241 ], [ -88.244662, 14.722858 ], [ -88.244552, 14.7227879 ], [ -88.2443965, 14.7228644 ], [ -88.2442918, 14.7229617 ], [ -88.2442248, 14.7230759 ], [ -88.2441524, 14.7232575 ], [ -88.2440853, 14.723369 ], [ -88.2439914, 14.7235091 ], [ -88.2439271, 14.7235999 ], [ -88.2438131, 14.7236868 ], [ -88.2437554, 14.7237763 ], [ -88.2436079, 14.7239073 ], [ -88.2435127, 14.7240059 ], [ -88.2433517, 14.7241122 ], [ -88.243231, 14.7242627 ], [ -88.2431653, 14.7244131 ], [ -88.2430017, 14.7246064 ], [ -88.2428622, 14.7247789 ], [ -88.2427254, 14.7248944 ], [ -88.2426114, 14.7250072 ], [ -88.2425444, 14.7251291 ], [ -88.2424237, 14.7252069 ], [ -88.242197, 14.7252925 ], [ -88.2420924, 14.7253561 ], [ -88.2419945, 14.7254715 ], [ -88.2419302, 14.7256103 ], [ -88.2417947, 14.7257984 ], [ -88.2416029, 14.7259255 ], [ -88.2413213, 14.7260098 ], [ -88.2411376, 14.7260695 ], [ -88.2409941, 14.7261577 ], [ -88.2409123, 14.7262381 ], [ -88.2408425, 14.7263471 ], [ -88.240746, 14.7264956 ], [ -88.2406172, 14.7266603 ], [ -88.2405475, 14.7268088 ], [ -88.2404281, 14.7268918 ], [ -88.2403061, 14.7270293 ], [ -88.2401854, 14.7271746 ], [ -88.2400405, 14.7273237 ], [ -88.2399024, 14.7274379 ], [ -88.2397589, 14.7275313 ], [ -88.2396637, 14.7276454 ], [ -88.2396047, 14.727744 ], [ -88.2395417, 14.7279074 ], [ -88.2394424, 14.7280592 ], [ -88.2393096, 14.7282654 ], [ -88.2391782, 14.7284132 ], [ -88.2390602, 14.7285845 ], [ -88.2389355, 14.7287816 ], [ -88.2388483, 14.7289476 ], [ -88.2387947, 14.7290501 ], [ -88.2387303, 14.729185 ], [ -88.2386351, 14.7293004 ] ] ] } },
{ "type": "Feature", "properties": { "full_id": "w478840799", "osm_id": "478840799", "osm_type": "way", "service": null, "highway": "unclassified", "layer": null, "bridge": null, "maxspeed": null, "lanes": null, "surface": null, "ref": null, "name": null }, "geometry": { "type": "MultiLineString", "coordinates": [ [ [ -88.2515633, 14.6669965 ], [ -88.2514767, 14.6669488 ], [ -88.2513408, 14.6668783 ], [ -88.2512181, 14.6667436 ], [ -88.2510723, 14.6665961 ], [ -88.2509861, 14.666455 ], [ -88.2509198, 14.6663748 ], [ -88.2508104, 14.6663395 ], [ -88.2507043, 14.6664037 ], [ -88.2505684, 14.666564 ], [ -88.2504226, 14.66675 ], [ -88.25028, 14.6669039 ], [ -88.2500082, 14.667013 ], [ -88.2495242, 14.6671701 ], [ -88.2494314, 14.6672214 ], [ -88.2494314, 14.6673368 ], [ -88.2494646, 14.6674202 ], [ -88.2495441, 14.6675292 ], [ -88.2495938, 14.6676158 ], [ -88.2495938, 14.667789 ], [ -88.2496601, 14.6680327 ], [ -88.2496336, 14.6682572 ], [ -88.2495806, 14.6685586 ], [ -88.2494414, 14.6688921 ], [ -88.2492955, 14.6690974 ], [ -88.2490701, 14.6693026 ], [ -88.2488314, 14.6694822 ], [ -88.2486856, 14.6695848 ], [ -88.2486392, 14.6697387 ], [ -88.2485795, 14.6698926 ], [ -88.2484867, 14.6700017 ], [ -88.2484071, 14.6702005 ], [ -88.2482474, 14.670389 ], [ -88.2481603, 14.6704993 ], [ -88.2479765, 14.6706161 ], [ -88.2478746, 14.6707549 ], [ -88.2478183, 14.6709274 ], [ -88.2477351, 14.6711233 ], [ -88.2476855, 14.6712907 ], [ -88.2476211, 14.671423 ], [ -88.2475407, 14.6715125 ] ] ] } },
{ "type": "Feature", "properties": { "full_id": "w478860998", "osm_id": "478860998", "osm_type": "way", "service": null, "highway": "residential", "layer": null, "bridge": null, "maxspeed": null, "lanes": null, "surface": null, "ref": null, "name": null }, "geometry": { "type": "MultiLineString", "coordinates": [ [ [ -88.2420097, 14.6287962 ], [ -88.2419843, 14.6287053 ], [ -88.2419601, 14.6286223 ], [ -88.2419668, 14.6285327 ], [ -88.2419132, 14.6284653 ], [ -88.241771, 14.6283991 ], [ -88.2416664, 14.6283005 ], [ -88.2415967, 14.6281928 ], [ -88.2414545, 14.628028 ], [ -88.2413486, 14.6279696 ], [ -88.2412453, 14.6279073 ], [ -88.2412493, 14.6278074 ], [ -88.2412467, 14.6276971 ], [ -88.2412185, 14.6275894 ], [ -88.241136, 14.6275349 ] ] ] } },
{ "type": "Feature", "properties": { "full_id": "w478860999", "osm_id": "478860999", "osm_type": "way", "service": null, "highway": "residential", "layer": null, "bridge": null, "maxspeed": null, "lanes": null, "surface": null, "ref": null, "name": null }, "geometry": { "type": "MultiLineString", "coordinates": [ [ [ -88.238832, 14.6297227 ], [ -88.2387924, 14.6296766 ], [ -88.2387012, 14.6296331 ], [ -88.2386623, 14.6295669 ], [ -88.2386114, 14.6294703 ], [ -88.2386389, 14.6293957 ], [ -88.2386375, 14.6292808 ], [ -88.2386188, 14.6291841 ], [ -88.2385812, 14.6290959 ], [ -88.2385336, 14.6290252 ], [ -88.2384619, 14.6289493 ], [ -88.2383847, 14.6288656 ], [ -88.2382178, 14.6287793 ], [ -88.2381581, 14.6287475 ], [ -88.2380904, 14.6287202 ], [ -88.2380112, 14.6287261 ], [ -88.2379093, 14.6287773 ] ] ] } },
{ "type": "Feature", "properties": { "full_id": "w478861000", "osm_id": "478861000", "osm_type": "way", "service": null, "highway": "residential", "layer": null, "bridge": null, "maxspeed": null, "lanes": null, "surface": null, "ref": null, "name": null }, "geometry": { "type": "MultiLineString", "coordinates": [ [ [ -88.246825, 14.6257156 ], [ -88.2467827, 14.6256825 ], [ -88.2467271, 14.6256935 ], [ -88.2466922, 14.6257487 ], [ -88.2466647, 14.6258343 ], [ -88.24666, 14.625918 ], [ -88.2466392, 14.6260452 ], [ -88.2466486, 14.6261613 ], [ -88.2466949, 14.6262807 ], [ -88.2467257, 14.6263592 ], [ -88.2467358, 14.6264409 ], [ -88.2467036, 14.6265143 ], [ -88.2466433, 14.6266129 ], [ -88.2465936, 14.6266953 ], [ -88.2465433, 14.6267829 ], [ -88.2465031, 14.626864 ], [ -88.246424, 14.6268419 ], [ -88.2463864, 14.6267439 ], [ -88.2463576, 14.6266239 ], [ -88.2463435, 14.6265292 ], [ -88.246312, 14.6264409 ], [ -88.2462517, 14.6263514 ], [ -88.2462168, 14.6263027 ], [ -88.2462081, 14.6262041 ], [ -88.2461792, 14.6261075 ], [ -88.246143, 14.626038 ], [ -88.2461041, 14.625968 ], [ -88.246021, 14.6258972 ], [ -88.2459432, 14.6258525 ], [ -88.2458326, 14.62582 ], [ -88.2457528, 14.6258168 ], [ -88.2456669, 14.6257863 ], [ -88.2455992, 14.6257383 ], [ -88.2455415, 14.6256799 ], [ -88.2454778, 14.6256001 ], [ -88.2454503, 14.6255482 ], [ -88.2453732, 14.6255015 ], [ -88.2453357, 14.6254781 ], [ -88.2453082, 14.6255118 ], [ -88.2453196, 14.6255683 ], [ -88.2453189, 14.6256384 ], [ -88.2452472, 14.6256942 ], [ -88.2451533, 14.6257006 ], [ -88.2450782, 14.625711 ], [ -88.2450138, 14.6256695 ], [ -88.2449669, 14.6256105 ], [ -88.244936, 14.6255157 ], [ -88.244881, 14.6254002 ], [ -88.2448046, 14.6253237 ], [ -88.2447235, 14.6252581 ], [ -88.2446618, 14.625203 ], [ -88.2446215, 14.6251154 ], [ -88.2445934, 14.6250408 ], [ -88.2445713, 14.6249616 ], [ -88.2445042, 14.6248935 ], [ -88.2444559, 14.6248474 ], [ -88.2443835, 14.6247748 ], [ -88.2443433, 14.6247585 ], [ -88.2443124, 14.6247806 ], [ -88.2443024, 14.6248643 ], [ -88.2443218, 14.6249681 ], [ -88.2443419, 14.6250856 ], [ -88.2443674, 14.6251985 ], [ -88.2443795, 14.625275 ], [ -88.2444197, 14.6254521 ], [ -88.2443983, 14.6255495 ], [ -88.2443453, 14.625591 ], [ -88.2442662, 14.6256124 ], [ -88.244175, 14.6256085 ], [ -88.2441092, 14.625578 ], [ -88.2440536, 14.6255079 ], [ -88.2440288, 14.6254223 ], [ -88.2439953, 14.6253308 ], [ -88.2439825, 14.6252361 ], [ -88.2439611, 14.6251582 ], [ -88.2439416, 14.6250985 ], [ -88.2438886, 14.6250434 ], [ -88.2438343, 14.6250207 ], [ -88.2437827, 14.6249869 ], [ -88.2437351, 14.6249266 ], [ -88.2436727, 14.6248643 ], [ -88.2436191, 14.6247858 ], [ -88.2435567, 14.6247027 ], [ -88.2435044, 14.6246463 ], [ -88.2434367, 14.6246035 ], [ -88.2433549, 14.6246203 ], [ -88.2432764, 14.6246813 ], [ -88.2432255, 14.6247547 ], [ -88.243198, 14.6248487 ], [ -88.2432201, 14.6249597 ], [ -88.2432529, 14.6250499 ], [ -88.2432912, 14.6251161 ], [ -88.2433066, 14.6251686 ], [ -88.2432838, 14.6252374 ], [ -88.2432147, 14.62531 ], [ -88.2431416, 14.6253866 ], [ -88.2430806, 14.625469 ], [ -88.2429626, 14.625591 ], [ -88.2428748, 14.6256228 ], [ -88.2427936, 14.6256105 ], [ -88.2427192, 14.6255845 ], [ -88.2426555, 14.6255735 ], [ -88.2425938, 14.6255936 ], [ -88.2425408, 14.6256624 ], [ -88.242516, 14.6257642 ], [ -88.2424758, 14.625931 ], [ -88.2424195, 14.6261075 ], [ -88.2423725, 14.6262859 ], [ -88.242343, 14.6263676 ], [ -88.2422505, 14.6264929 ], [ -88.2422042, 14.6265863 ], [ -88.2421687, 14.6266641 ], [ -88.2421539, 14.6267582 ], [ -88.2421727, 14.6268549 ], [ -88.2421794, 14.6269217 ], [ -88.2421351, 14.6270087 ], [ -88.2420667, 14.627071 ], [ -88.2419601, 14.6271177 ], [ -88.2418589, 14.6271689 ], [ -88.2418046, 14.6272221 ], [ -88.2417234, 14.62725 ], [ -88.2416242, 14.6272325 ], [ -88.2415115, 14.6272066 ], [ -88.241425, 14.6272215 ], [ -88.2413265, 14.6273227 ], [ -88.2412393, 14.6274135 ], [ -88.241136, 14.6275349 ], [ -88.2410468, 14.6276309 ], [ -88.2409744, 14.6277373 ], [ -88.2409335, 14.6278346 ], [ -88.2408866, 14.6279216 ], [ -88.2408604, 14.6280429 ], [ -88.2407994, 14.6280961 ], [ -88.2406532, 14.6281707 ], [ -88.2404755, 14.6282343 ], [ -88.2403421, 14.6282791 ], [ -88.2402495, 14.6283452 ], [ -88.2401282, 14.6283868 ], [ -88.2399954, 14.6283861 ], [ -88.2398868, 14.6283744 ], [ -88.2397621, 14.6284088 ], [ -88.2396789, 14.6284821 ], [ -88.2396373, 14.6286041 ], [ -88.23964, 14.6287151 ], [ -88.2396501, 14.628802 ], [ -88.2396239, 14.6288824 ], [ -88.2395723, 14.6288837 ], [ -88.2395414, 14.6288273 ], [ -88.2395193, 14.6287118 ], [ -88.2395059, 14.6286268 ], [ -88.2395005, 14.6285399 ], [ -88.2394818, 14.6284497 ], [ -88.239345, 14.6283102 ], [ -88.2392437, 14.6282349 ], [ -88.2391572, 14.6282025 ], [ -88.2390137, 14.6282135 ], [ -88.2388756, 14.6282284 ], [ -88.2387716, 14.6282466 ], [ -88.2386476, 14.6283018 ], [ -88.2385034, 14.6284562 ], [ -88.2383874, 14.628549 ], [ -88.2382158, 14.6285684 ], [ -88.2380729, 14.6286112 ], [ -88.2379985, 14.6286703 ], [ -88.2379093, 14.6287773 ], [ -88.2377853, 14.6288721 ], [ -88.2376498, 14.6289039 ], [ -88.2375077, 14.6288747 ], [ -88.2373803, 14.6288137 ], [ -88.2372327, 14.6288202 ], [ -88.2371214, 14.6288662 ], [ -88.2370249, 14.6288461 ], [ -88.2369109, 14.6287527 ], [ -88.2367828, 14.6286923 ], [ -88.2366621, 14.628658 ], [ -88.2365709, 14.6286035 ], [ -88.2364998, 14.6285438 ], [ -88.2364113, 14.6284705 ], [ -88.2362846, 14.62844 ], [ -88.236131, 14.6284413 ], [ -88.2359835, 14.6284387 ], [ -88.2358588, 14.6284685 ], [ -88.2356408, 14.62851 ], [ -88.2355248, 14.6284717 ], [ -88.2354464, 14.6284075 ], [ -88.2354336, 14.6283323 ], [ -88.2354618, 14.6282628 ], [ -88.2355336, 14.6281525 ], [ -88.2356033, 14.6280286 ], [ -88.2356543, 14.62793 ], [ -88.2356703, 14.627858 ], [ -88.2356375, 14.627771 ], [ -88.2355604, 14.6276795 ], [ -88.2354491, 14.6276017 ], [ -88.2353713, 14.6275686 ], [ -88.2352781, 14.6275556 ], [ -88.235201, 14.6275868 ], [ -88.2351017, 14.6276497 ], [ -88.2350119, 14.6276867 ], [ -88.2349441, 14.6277315 ], [ -88.2348784, 14.6278281 ], [ -88.2347946, 14.6278956 ], [ -88.2347128, 14.6279138 ], [ -88.2345894, 14.6278677 ], [ -88.2344955, 14.6278632 ], [ -88.2343849, 14.6278917 ], [ -88.2342669, 14.6279099 ], [ -88.2341656, 14.6279657 ], [ -88.2340751, 14.6280915 ], [ -88.2340228, 14.6281915 ], [ -88.2339658, 14.6283232 ], [ -88.2339249, 14.6284413 ], [ -88.2338458, 14.6285658 ], [ -88.2337586, 14.6287008 ], [ -88.2336413, 14.6288487 ], [ -88.2335165, 14.6288987 ], [ -88.2333469, 14.6289571 ], [ -88.2331833, 14.6289564 ], [ -88.2330257, 14.6289564 ], [ -88.2328299, 14.6289318 ], [ -88.2326529, 14.6289091 ], [ -88.232559, 14.6288714 ], [ -88.2324611, 14.6287858 ], [ -88.232382, 14.6287092 ], [ -88.2323176, 14.6286353 ], [ -88.2322056, 14.6285957 ], [ -88.2321439, 14.6286132 ], [ -88.2320976, 14.6286755 ], [ -88.2321292, 14.6287683 ], [ -88.2321707, 14.6288597 ], [ -88.2321761, 14.6289934 ], [ -88.2321902, 14.6291284 ], [ -88.2321506, 14.6292977 ] ] ] } },
{ "type": "Feature", "properties": { "full_id": "w478861001", "osm_id": "478861001", "osm_type": "way", "service": null, "highway": "residential", "layer": null, "bridge": null, "maxspeed": null, "lanes": null, "surface": null, "ref": null, "name": null }, "geometry": { "type": "MultiLineString", "coordinates": [ [ [ -88.248319, 14.6288461 ], [ -88.2482908, 14.6287773 ], [ -88.2482238, 14.62868 ], [ -88.2481902, 14.6285918 ], [ -88.2482117, 14.62851 ], [ -88.2482466, 14.6284257 ], [ -88.2482694, 14.6283465 ], [ -88.2482224, 14.6282427 ], [ -88.2481728, 14.6281324 ], [ -88.2481245, 14.6280234 ], [ -88.2480963, 14.627943 ], [ -88.2480481, 14.6278405 ], [ -88.248036, 14.6277457 ], [ -88.248044, 14.6276328 ], [ -88.2480695, 14.6275511 ], [ -88.2480226, 14.6274615 ], [ -88.247926, 14.6273798 ], [ -88.2477825, 14.6271735 ], [ -88.2476162, 14.6269282 ], [ -88.247525, 14.626814 ], [ -88.2474848, 14.6267258 ], [ -88.247407, 14.6266349 ], [ -88.2473561, 14.6264714 ], [ -88.247297, 14.6263637 ], [ -88.2471951, 14.6262677 ], [ -88.2470986, 14.6261496 ], [ -88.2469671, 14.6259589 ], [ -88.246884, 14.6258252 ], [ -88.246825, 14.6257156 ] ] ] } },
{ "type": "Feature", "properties": { "full_id": "w478861002", "osm_id": "478861002", "osm_type": "way", "service": null, "highway": "residential", "layer": null, "bridge": null, "maxspeed": null, "lanes": null, "surface": null, "ref": null, "name": null }, "geometry": { "type": "MultiLineString", "coordinates": [ [ [ -88.2483331, 14.6220146 ], [ -88.2482264, 14.6220484 ], [ -88.2481145, 14.6220724 ], [ -88.2479368, 14.6220672 ], [ -88.2478516, 14.6220601 ], [ -88.2477517, 14.6220114 ], [ -88.2476363, 14.6219699 ], [ -88.2475753, 14.6218881 ], [ -88.2474908, 14.6217746 ], [ -88.2473795, 14.6217013 ], [ -88.247283, 14.6216299 ], [ -88.2470992, 14.6215851 ], [ -88.2468867, 14.6216104 ], [ -88.2466929, 14.6216922 ], [ -88.2465487, 14.6217765 ], [ -88.2464468, 14.6218408 ], [ -88.2464106, 14.6219459 ], [ -88.2464884, 14.6220867 ], [ -88.2465393, 14.6221743 ], [ -88.2466412, 14.6223261 ], [ -88.24677, 14.6225305 ], [ -88.2469202, 14.6226933 ], [ -88.2470912, 14.622923 ], [ -88.2471911, 14.6230443 ], [ -88.2473145, 14.6231884 ], [ -88.2474526, 14.6234674 ], [ -88.2475505, 14.6236413 ], [ -88.2476417, 14.6238216 ], [ -88.2477115, 14.6240371 ], [ -88.2476551, 14.6241629 ], [ -88.2475545, 14.6242641 ], [ -88.2474607, 14.6244925 ], [ -88.2474312, 14.6246833 ], [ -88.2473856, 14.624865 ], [ -88.2472152, 14.6252698 ], [ -88.2470878, 14.6254554 ], [ -88.2469738, 14.6255553 ], [ -88.2468598, 14.6256604 ], [ -88.246825, 14.6257156 ] ] ] } },
{ "type": "Feature", "properties": { "full_id": "w478876869", "osm_id": "478876869", "osm_type": "way", "service": null, "highway": "unclassified", "layer": null, "bridge": null, "maxspeed": "80", "lanes": "2", "surface": "unpaved", "ref": "RV-651", "name": null }, "geometry": { "type": "MultiLineString", "coordinates": [ [ [ -88.230499, 14.6064957 ], [ -88.2304877, 14.606533 ], [ -88.2304569, 14.6065615 ], [ -88.2303996, 14.6065942 ], [ -88.2302491, 14.6067267 ], [ -88.2302291, 14.606754 ], [ -88.2302248, 14.6068418 ], [ -88.2302491, 14.6069474 ], [ -88.2302652, 14.6070862 ], [ -88.2302436, 14.6071364 ], [ -88.2301834, 14.6071641 ], [ -88.2300252, 14.6072017 ], [ -88.2299232, 14.6072471 ], [ -88.2297328, 14.6072873 ], [ -88.2296108, 14.6073159 ], [ -88.2294942, 14.6073834 ], [ -88.2294199, 14.6074857 ], [ -88.2294054, 14.6075543 ], [ -88.2294272, 14.607618 ], [ -88.229508, 14.6076912 ], [ -88.2296005, 14.6077727 ], [ -88.2295988, 14.6078309 ], [ -88.2295357, 14.6078892 ], [ -88.2293828, 14.6079752 ], [ -88.2293224, 14.6080907 ], [ -88.2293327, 14.6081564 ], [ -88.2293716, 14.6082035 ], [ -88.2294937, 14.6082678 ], [ -88.2296376, 14.6083762 ], [ -88.2297337, 14.608452 ], [ -88.2298864, 14.6085802 ], [ -88.2299293, 14.6087022 ], [ -88.2298958, 14.6088397 ], [ -88.2298149, 14.6089832 ], [ -88.2297864, 14.6090707 ], [ -88.2297957, 14.6091154 ], [ -88.2298227, 14.6091483 ], [ -88.2299149, 14.6091689 ], [ -88.2300102, 14.6091626 ], [ -88.2301353, 14.6091813 ], [ -88.2302186, 14.6092304 ], [ -88.2302473, 14.6092709 ], [ -88.2303987, 14.6095279 ], [ -88.2305382, 14.6097382 ], [ -88.2305999, 14.6098264 ], [ -88.2307474, 14.6099484 ], [ -88.2309271, 14.6101638 ], [ -88.2310393, 14.6104436 ], [ -88.2311746, 14.6105669 ], [ -88.2312309, 14.6107044 ], [ -88.2312444, 14.6107974 ], [ -88.2312202, 14.6108783 ], [ -88.2310685, 14.6110554 ], [ -88.2309007, 14.6113406 ], [ -88.2306679, 14.6116893 ], [ -88.2305811, 14.6118145 ], [ -88.2305878, 14.6119227 ], [ -88.230683, 14.6120554 ], [ -88.2307867, 14.6121117 ], [ -88.2309152, 14.6121249 ], [ -88.231018, 14.6121434 ], [ -88.2311645, 14.6122402 ], [ -88.2312624, 14.6123181 ], [ -88.2314139, 14.6124063 ], [ -88.2315909, 14.6123959 ], [ -88.2316875, 14.6123544 ], [ -88.2318994, 14.6123855 ], [ -88.2320853, 14.6123795 ], [ -88.2322755, 14.6123333 ], [ -88.2323354, 14.6123239 ], [ -88.2323962, 14.6123333 ], [ -88.2324163, 14.6123671 ], [ -88.2324109, 14.6123995 ], [ -88.2323176, 14.6125153 ], [ -88.2322929, 14.6125577 ], [ -88.2322984, 14.612725 ], [ -88.2323179, 14.612914 ], [ -88.232301, 14.6130929 ], [ -88.2322996, 14.6133407 ], [ -88.232274, 14.6135614 ], [ -88.2322754, 14.6137132 ], [ -88.2322822, 14.6137648 ], [ -88.232343, 14.6138332 ], [ -88.2324679, 14.6139227 ], [ -88.2326677, 14.6140002 ], [ -88.2327506, 14.6140409 ], [ -88.2327704, 14.6140751 ], [ -88.232774, 14.614253 ], [ -88.2327944, 14.6142978 ], [ -88.2329296, 14.6144168 ], [ -88.2329549, 14.6144941 ], [ -88.2329497, 14.6146036 ], [ -88.2329475, 14.6146795 ], [ -88.2329336, 14.6147399 ], [ -88.2328673, 14.6148153 ], [ -88.2327953, 14.6148989 ], [ -88.2327639, 14.6149844 ], [ -88.2327478, 14.6150675 ], [ -88.2326933, 14.6152431 ], [ -88.2326531, 14.6153897 ], [ -88.2326099, 14.6155578 ], [ -88.2325783, 14.61569 ], [ -88.2325809, 14.6158483 ], [ -88.2326614, 14.6159898 ], [ -88.2327472, 14.6161689 ], [ -88.2328237, 14.6164193 ], [ -88.2329055, 14.6165958 ], [ -88.2328836, 14.6166952 ], [ -88.2328191, 14.6168134 ], [ -88.2327631, 14.616947 ], [ -88.2327537, 14.6170482 ], [ -88.2327857, 14.6171319 ], [ -88.2328449, 14.6171624 ], [ -88.2332436, 14.6172736 ], [ -88.2334367, 14.617319 ], [ -88.2335172, 14.6173696 ], [ -88.2335279, 14.6174513 ], [ -88.2334515, 14.6175422 ], [ -88.2331224, 14.6176582 ], [ -88.2330285, 14.6177204 ], [ -88.2329629, 14.6177944 ], [ -88.232954, 14.6178465 ], [ -88.2329776, 14.6178826 ], [ -88.2331118, 14.6179774 ], [ -88.2332324, 14.6180935 ], [ -88.2333478, 14.6181849 ], [ -88.233439, 14.6182768 ], [ -88.2334605, 14.618365 ], [ -88.2334444, 14.6186271 ], [ -88.2334015, 14.6188192 ], [ -88.2333693, 14.6189017 ], [ -88.23334, 14.6189493 ], [ -88.233238, 14.6190207 ], [ -88.2331173, 14.6191452 ], [ -88.2330382, 14.6192718 ], [ -88.233, 14.6193496 ], [ -88.2330007, 14.6194379 ], [ -88.2330476, 14.6194989 ], [ -88.2330228, 14.6195865 ], [ -88.2329289, 14.6196682 ], [ -88.2328109, 14.6197149 ], [ -88.2325611, 14.6196945 ], [ -88.2323512, 14.6197159 ], [ -88.2322191, 14.6197087 ], [ -88.2320709, 14.6196387 ], [ -88.2318624, 14.6195803 ], [ -88.2317081, 14.6195666 ], [ -88.2315566, 14.6196354 ], [ -88.2314185, 14.6196893 ], [ -88.2311238, 14.6196782 ], [ -88.2309514, 14.6196529 ], [ -88.2307744, 14.6196938 ], [ -88.2306732, 14.6197405 ], [ -88.230533, 14.6196912 ], [ -88.230413, 14.6195848 ], [ -88.2302232, 14.6194712 ], [ -88.2300496, 14.6193635 ], [ -88.2299164, 14.6193137 ], [ -88.2297407, 14.6192449 ], [ -88.2294262, 14.6191102 ], [ -88.2292827, 14.6190161 ], [ -88.2291593, 14.6189331 ], [ -88.2290426, 14.6188929 ], [ -88.2289696, 14.6189136 ], [ -88.2288958, 14.6189921 ], [ -88.2288963, 14.6190904 ], [ -88.2289031, 14.6192027 ], [ -88.2289103, 14.6193155 ], [ -88.2289096, 14.6194083 ], [ -88.2288702, 14.6194694 ], [ -88.2287909, 14.6195232 ], [ -88.2286897, 14.6195582 ], [ -88.2285562, 14.619649 ], [ -88.228458, 14.6197446 ], [ -88.2284242, 14.6197963 ], [ -88.2283706, 14.6199158 ], [ -88.2283305, 14.6200494 ], [ -88.2283097, 14.6201921 ], [ -88.2282413, 14.6203264 ], [ -88.2282443, 14.6204158 ], [ -88.2282303, 14.6205586 ], [ -88.228186, 14.6207182 ], [ -88.2280948, 14.6208306 ], [ -88.2279701, 14.6209033 ], [ -88.2279438, 14.6209392 ], [ -88.2279433, 14.6209759 ], [ -88.227976, 14.6209924 ], [ -88.2280083, 14.6209896 ], [ -88.2281139, 14.6209996 ], [ -88.2281774, 14.6210125 ], [ -88.2282981, 14.6210296 ], [ -88.2283479, 14.6210817 ], [ -88.2284148, 14.6211845 ], [ -88.2284745, 14.6212779 ], [ -88.2284436, 14.6213817 ], [ -88.228333, 14.6214849 ], [ -88.2282492, 14.6215822 ], [ -88.2281687, 14.621677 ], [ -88.2281265, 14.6217438 ], [ -88.2280353, 14.621786 ], [ -88.2279193, 14.6217821 ], [ -88.2278039, 14.6217613 ], [ -88.2277215, 14.621773 ], [ -88.227645, 14.6218204 ], [ -88.2275518, 14.6219222 ], [ -88.2275344, 14.6219722 ], [ -88.2275961, 14.6220306 ], [ -88.2276618, 14.6220741 ], [ -88.2277335, 14.622137 ], [ -88.2277825, 14.6222019 ], [ -88.227765, 14.6222648 ], [ -88.2276598, 14.6222927 ], [ -88.2275518, 14.6223083 ], [ -88.2274036, 14.6224024 ], [ -88.2273721, 14.6224452 ], [ -88.2273868, 14.6225289 ], [ -88.2274848, 14.6226152 ], [ -88.2275745, 14.6226855 ], [ -88.2276263, 14.6227398 ], [ -88.2276551, 14.6228358 ], [ -88.2276256, 14.62295 ], [ -88.227587, 14.6230583 ], [ -88.2275535, 14.6231686 ], [ -88.2275441, 14.6232977 ], [ -88.2275274, 14.6234051 ], [ -88.2274994, 14.6235498 ], [ -88.2274912, 14.623675 ], [ -88.227469, 14.6238144 ], [ -88.2274673, 14.62396 ], [ -88.2273791, 14.6240654 ], [ -88.2272054, 14.6241777 ], [ -88.2271149, 14.6242425 ], [ -88.2270371, 14.6243282 ], [ -88.2270156, 14.6244839 ], [ -88.2269895, 14.6246584 ], [ -88.2269217, 14.6247966 ], [ -88.2268104, 14.6249128 ], [ -88.2266857, 14.6250549 ], [ -88.2265784, 14.6252041 ], [ -88.2265663, 14.6253378 ], [ -88.2266327, 14.6254234 ], [ -88.2267098, 14.6254766 ], [ -88.2267494, 14.625559 ], [ -88.2266944, 14.6257225 ], [ -88.2266763, 14.6258944 ], [ -88.2267112, 14.6260605 ], [ -88.2267092, 14.6261579 ], [ -88.2267426, 14.6262798 ] ] ] } },
{ "type": "Feature", "properties": { "full_id": "w478876871", "osm_id": "478876871", "osm_type": "way", "service": null, "highway": "residential", "layer": null, "bridge": null, "maxspeed": null, "lanes": null, "surface": null, "ref": null, "name": null }, "geometry": { "type": "MultiLineString", "coordinates": [ [ [ -88.2269601, 14.6440176 ], [ -88.2269306, 14.643979 ], [ -88.2269018, 14.6439472 ], [ -88.226895, 14.6439128 ], [ -88.2268555, 14.6438674 ], [ -88.2267965, 14.6438298 ], [ -88.2267214, 14.643798 ], [ -88.2266456, 14.6438103 ], [ -88.226537, 14.643857 ], [ -88.2264351, 14.6439154 ], [ -88.2263284, 14.6439894 ] ] ] } },
{ "type": "Feature", "properties": { "full_id": "w478876872", "osm_id": "478876872", "osm_type": "way", "service": null, "highway": "residential", "layer": null, "bridge": null, "maxspeed": null, "lanes": null, "surface": null, "ref": null, "name": null }, "geometry": { "type": "MultiLineString", "coordinates": [ [ [ -88.2293942, 14.653169 ], [ -88.2295444, 14.6530911 ], [ -88.2296249, 14.6529601 ], [ -88.2298555, 14.6529146 ], [ -88.2299749, 14.6526707 ], [ -88.2300567, 14.6524462 ], [ -88.2300326, 14.6523022 ], [ -88.2300138, 14.652083 ], [ -88.2298368, 14.6518183 ], [ -88.2296785, 14.6515951 ], [ -88.2296524, 14.6514757 ] ] ] } },
{ "type": "Feature", "properties": { "full_id": "w478876873", "osm_id": "478876873", "osm_type": "way", "service": null, "highway": "residential", "layer": null, "bridge": null, "maxspeed": null, "lanes": null, "surface": null, "ref": null, "name": null }, "geometry": { "type": "MultiLineString", "coordinates": [ [ [ -88.2422735, 14.647929 ], [ -88.2421555, 14.6480159 ], [ -88.2419624, 14.648147 ], [ -88.2418524, 14.6482625 ], [ -88.2417143, 14.6484467 ], [ -88.2416271, 14.6485557 ], [ -88.2415775, 14.6486634 ], [ -88.2415439, 14.6487737 ], [ -88.2413347, 14.6490059 ], [ -88.2412543, 14.6491707 ], [ -88.2412006, 14.6493355 ], [ -88.2411282, 14.6495042 ], [ -88.2410652, 14.6496287 ], [ -88.2409901, 14.6496391 ], [ -88.2409163, 14.6495665 ], [ -88.2408559, 14.6494782 ], [ -88.2407902, 14.6493329 ], [ -88.2407004, 14.6492732 ], [ -88.2406306, 14.649233 ], [ -88.2405582, 14.6491603 ], [ -88.2404965, 14.6490942 ], [ -88.2404, 14.6490384 ], [ -88.2402739, 14.6489462 ], [ -88.2401773, 14.6488866 ], [ -88.2400392, 14.6488282 ], [ -88.2399628, 14.6488463 ], [ -88.2399453, 14.6489099 ], [ -88.2399748, 14.6490176 ], [ -88.2400191, 14.6491123 ], [ -88.2400218, 14.6492291 ], [ -88.2399775, 14.649364 ], [ -88.2399359, 14.6494769 ], [ -88.239826, 14.6495859 ], [ -88.2397053, 14.6496547 ], [ -88.2395363, 14.6497429 ], [ -88.2394498, 14.649702 ], [ -88.2393479, 14.6496411 ], [ -88.2392855, 14.6496054 ], [ -88.2391662, 14.6495879 ], [ -88.2389697, 14.6495911 ], [ -88.2387873, 14.6496047 ], [ -88.2386559, 14.6496281 ], [ -88.2385761, 14.6496748 ], [ -88.2385224, 14.6497844 ], [ -88.2384815, 14.6498792 ], [ -88.2384239, 14.6499907 ], [ -88.2383669, 14.6500926 ], [ -88.238336, 14.6501581 ], [ -88.2382596, 14.6502178 ], [ -88.2381543, 14.65026 ], [ -88.2380162, 14.6502801 ], [ -88.2378874, 14.650282 ], [ -88.2377111, 14.6503164 ], [ -88.2376138, 14.6503359 ], [ -88.2375065, 14.6503657 ], [ -88.2373094, 14.6503761 ], [ -88.2370915, 14.6503716 ], [ -88.2367911, 14.6503495 ], [ -88.2366315, 14.6503625 ], [ -88.2364129, 14.6504196 ], [ -88.2363176, 14.6504105 ], [ -88.2362104, 14.6503729 ], [ -88.2361138, 14.650308 ], [ -88.2359998, 14.6501769 ], [ -88.2359086, 14.6500524 ], [ -88.2357973, 14.6499239 ], [ -88.2356578, 14.6498136 ], [ -88.235572, 14.6497903 ], [ -88.235509, 14.6498136 ], [ -88.2354781, 14.6498798 ], [ -88.2355023, 14.6500186 ], [ -88.2355532, 14.6501873 ], [ -88.2355814, 14.6503067 ], [ -88.2355814, 14.6504338 ], [ -88.2355613, 14.6505714 ], [ -88.2355613, 14.6507128 ], [ -88.2355452, 14.6507855 ], [ -88.2354795, 14.6509801 ], [ -88.2354164, 14.6510865 ], [ -88.2353521, 14.65125 ], [ -88.2351817, 14.651359 ], [ -88.2350932, 14.6514381 ], [ -88.2350315, 14.6515289 ], [ -88.2350154, 14.6517274 ], [ -88.2349672, 14.6519376 ], [ -88.2348652, 14.6520778 ], [ -88.234762, 14.6522296 ], [ -88.2346661, 14.6523029 ], [ -88.2345984, 14.6523755 ], [ -88.2345226, 14.6524313 ], [ -88.2344562, 14.6524021 ], [ -88.2343174, 14.6523107 ], [ -88.234184, 14.652225 ], [ -88.2340793, 14.6521699 ], [ -88.2339037, 14.6519999 ], [ -88.2338138, 14.6519221 ], [ -88.2337112, 14.6518488 ], [ -88.2336562, 14.6518007 ], [ -88.2335248, 14.6517417 ], [ -88.23338, 14.6516587 ], [ -88.2332378, 14.6515659 ], [ -88.2331057, 14.6514932 ], [ -88.2329595, 14.6514018 ], [ -88.2327993, 14.6512882 ], [ -88.2326806, 14.6512007 ], [ -88.232519, 14.6510592 ], [ -88.2323835, 14.6509911 ], [ -88.2322367, 14.6509379 ], [ -88.2321716, 14.6509282 ], [ -88.232065, 14.6509684 ] ] ] } },
{ "type": "Feature", "properties": { "full_id": "w478876881", "osm_id": "478876881", "osm_type": "way", "service": null, "highway": "residential", "layer": null, "bridge": null, "maxspeed": null, "lanes": null, "surface": null, "ref": null, "name": null }, "geometry": { "type": "MultiLineString", "coordinates": [ [ [ -88.2482951, 14.6405733 ], [ -88.2482106, 14.6406602 ], [ -88.2481147, 14.6407179 ], [ -88.2480128, 14.6407971 ], [ -88.2479088, 14.6408561 ], [ -88.2478304, 14.6409139 ], [ -88.247719, 14.6409885 ], [ -88.247587, 14.6410183 ], [ -88.2474958, 14.6410332 ], [ -88.2473992, 14.6410572 ], [ -88.2473308, 14.6410255 ], [ -88.2472785, 14.6409599 ], [ -88.2471994, 14.640886 ], [ -88.247127, 14.6408003 ], [ -88.2469747, 14.6406381 ], [ -88.2468178, 14.6404578 ], [ -88.2466871, 14.6403131 ], [ -88.2465731, 14.6401704 ], [ -88.2464544, 14.6400406 ], [ -88.2463659, 14.6399543 ], [ -88.2463236, 14.6398914 ], [ -88.2462733, 14.6398025 ] ] ] } },
{ "type": "Feature", "properties": { "full_id": "w478876883", "osm_id": "478876883", "osm_type": "way", "service": null, "highway": "residential", "layer": null, "bridge": null, "maxspeed": null, "lanes": null, "surface": null, "ref": null, "name": null }, "geometry": { "type": "MultiLineString", "coordinates": [ [ [ -88.2319302, 14.6294503 ], [ -88.231719, 14.6294334 ], [ -88.2316198, 14.6293925 ], [ -88.2314924, 14.6293004 ], [ -88.2313227, 14.629305 ], [ -88.2311678, 14.6292991 ], [ -88.2309982, 14.6292362 ], [ -88.2307735, 14.6291239 ], [ -88.2307011, 14.6290999 ], [ -88.2306112, 14.62912 ], [ -88.2305033, 14.6291564 ], [ -88.2303692, 14.6291901 ], [ -88.2302559, 14.6292595 ], [ -88.2301761, 14.6293588 ], [ -88.2300493, 14.6293205 ], [ -88.2298991, 14.6292667 ], [ -88.2297824, 14.6291836 ], [ -88.2296886, 14.6291038 ], [ -88.2296255, 14.6290785 ], [ -88.2295853, 14.6291376 ], [ -88.2295491, 14.6292498 ], [ -88.2294847, 14.6293634 ], [ -88.2294358, 14.6294412 ], [ -88.2293224, 14.6295398 ], [ -88.2292004, 14.6296767 ], [ -88.2290931, 14.6298662 ], [ -88.2288484, 14.6299629 ], [ -88.228662, 14.6299862 ], [ -88.2284393, 14.629983 ], [ -88.2283475, 14.6299661 ], [ -88.2282355, 14.629922 ], [ -88.2281564, 14.6298616 ] ] ] } },
{ "type": "Feature", "properties": { "full_id": "w478876885", "osm_id": "478876885", "osm_type": "way", "service": null, "highway": "residential", "layer": null, "bridge": null, "maxspeed": null, "lanes": null, "surface": null, "ref": null, "name": null }, "geometry": { "type": "MultiLineString", "coordinates": [ [ [ -88.2269601, 14.6440176 ], [ -88.2269963, 14.6441409 ], [ -88.2270915, 14.6443057 ], [ -88.2271814, 14.6444419 ], [ -88.2272256, 14.6446287 ], [ -88.2272726, 14.644826 ], [ -88.2273504, 14.6449142 ], [ -88.2275006, 14.6452243 ], [ -88.2276803, 14.645258 ], [ -88.2278291, 14.6453229 ], [ -88.2279123, 14.6453917 ], [ -88.2279592, 14.645598 ], [ -88.2280209, 14.6458406 ], [ -88.2280987, 14.6460262 ], [ -88.2281725, 14.6461365 ], [ -88.2283012, 14.6461728 ], [ -88.2284366, 14.6462273 ], [ -88.2285627, 14.6463856 ], [ -88.2286955, 14.6465906 ], [ -88.2287786, 14.6467956 ], [ -88.2288162, 14.6470045 ], [ -88.2288363, 14.6471226 ], [ -88.2289919, 14.6472731 ], [ -88.2291407, 14.6474664 ], [ -88.2292587, 14.6476688 ], [ -88.2292869, 14.6478764 ], [ -88.2292923, 14.6480879 ], [ -88.2292789, 14.6482333 ], [ -88.2292748, 14.6484863 ], [ -88.2293245, 14.6487289 ], [ -88.2294197, 14.6489495 ], [ -88.2295122, 14.6491389 ], [ -88.2295256, 14.6492817 ], [ -88.2295551, 14.6495827 ], [ -88.2296235, 14.6499174 ], [ -88.229755, 14.6500537 ], [ -88.2298663, 14.6504299 ], [ -88.2298958, 14.6506505 ], [ -88.2299689, 14.6507893 ] ] ] } },
{ "type": "Feature", "properties": { "full_id": "w478876894", "osm_id": "478876894", "osm_type": "way", "service": null, "highway": "residential", "layer": null, "bridge": null, "maxspeed": null, "lanes": null, "surface": null, "ref": null, "name": null }, "geometry": { "type": "MultiLineString", "coordinates": [ [ [ -88.2193359, 14.6425082 ], [ -88.2193708, 14.6425413 ], [ -88.2194325, 14.6425381 ], [ -88.2194975, 14.6425206 ], [ -88.2195699, 14.6425588 ], [ -88.2196169, 14.6426652 ], [ -88.2197, 14.6428501 ], [ -88.2197154, 14.6428871 ], [ -88.2197657, 14.6429124 ], [ -88.2198643, 14.6428618 ], [ -88.2199964, 14.642893 ], [ -88.2201218, 14.6427626 ], [ -88.2202049, 14.6427139 ], [ -88.2203612, 14.6426296 ], [ -88.2204135, 14.6425809 ], [ -88.2204933, 14.6425011 ], [ -88.2206073, 14.6425776 ], [ -88.2207065, 14.6426529 ], [ -88.2208829, 14.6426257 ], [ -88.2211042, 14.6425841 ], [ -88.2212979, 14.6425536 ], [ -88.2213938, 14.6425485 ], [ -88.2214649, 14.6424849 ], [ -88.2216352, 14.6424849 ], [ -88.2219343, 14.6424615 ], [ -88.2220926, 14.6424304 ], [ -88.2223205, 14.6424667 ], [ -88.2223782, 14.6425277 ], [ -88.2224828, 14.642603 ], [ -88.2225861, 14.6427288 ], [ -88.2227041, 14.6429273 ], [ -88.2226907, 14.6430402 ], [ -88.2226102, 14.6432452 ], [ -88.2226049, 14.6433633 ], [ -88.2226665, 14.6434386 ], [ -88.2228302, 14.6434814 ], [ -88.2229334, 14.6435618 ], [ -88.222983, 14.6436669 ], [ -88.2229763, 14.6438408 ], [ -88.2228959, 14.6440432 ], [ -88.2229261, 14.6441765 ] ] ] } },
{ "type": "Feature", "properties": { "full_id": "w478876895", "osm_id": "478876895", "osm_type": "way", "service": null, "highway": "residential", "layer": null, "bridge": null, "maxspeed": null, "lanes": null, "surface": null, "ref": null, "name": null }, "geometry": { "type": "MultiLineString", "coordinates": [ [ [ -88.2365805, 14.6450287 ], [ -88.2365456, 14.6450041 ], [ -88.2365617, 14.6449528 ], [ -88.2366268, 14.6448393 ], [ -88.2367106, 14.644764 ], [ -88.2367884, 14.6446641 ], [ -88.236846, 14.6445039 ], [ -88.236891, 14.6443877 ], [ -88.2369768, 14.644256 ], [ -88.2370754, 14.6441328 ], [ -88.2372008, 14.6440212 ], [ -88.2372383, 14.6439777 ], [ -88.2373449, 14.6439037 ], [ -88.2373818, 14.6438389 ], [ -88.2373409, 14.6437863 ], [ -88.2372839, 14.6437571 ], [ -88.2372034, 14.6437454 ], [ -88.2370901, 14.643737 ], [ -88.2370331, 14.6437085 ], [ -88.2370043, 14.6436124 ], [ -88.2370512, 14.6435106 ], [ -88.2371029, 14.6434379 ], [ -88.2371693, 14.6433627 ], [ -88.2372034, 14.6432829 ], [ -88.2371988, 14.6432102 ], [ -88.2371565, 14.6431687 ], [ -88.2370935, 14.6431641 ], [ -88.2369802, 14.643216 ], [ -88.2368139, 14.6432764 ], [ -88.2366804, 14.6433082 ], [ -88.2365644, 14.6433062 ], [ -88.2364538, 14.6432641 ], [ -88.2363787, 14.6432089 ], [ -88.2362828, 14.6431823 ], [ -88.2361346, 14.6431765 ], [ -88.2360447, 14.6431564 ], [ -88.2359374, 14.6431207 ], [ -88.2357899, 14.643098 ], [ -88.2357416, 14.6430655 ], [ -88.2357108, 14.6429766 ], [ -88.2357135, 14.6428839 ] ] ] } },
{ "type": "Feature", "properties": { "full_id": "w478876898", "osm_id": "478876898", "osm_type": "way", "service": null, "highway": "residential", "layer": null, "bridge": null, "maxspeed": null, "lanes": null, "surface": null, "ref": null, "name": null }, "geometry": { "type": "MultiLineString", "coordinates": [ [ [ -88.2482997, 14.6393205 ], [ -88.2482448, 14.6393847 ], [ -88.2481529, 14.6394366 ], [ -88.2480181, 14.6394677 ], [ -88.2479209, 14.6395209 ], [ -88.24777, 14.6395826 ], [ -88.2476272, 14.639604 ], [ -88.2475212, 14.6396364 ], [ -88.2473657, 14.6396734 ], [ -88.2472067, 14.6396455 ], [ -88.247084, 14.6396332 ], [ -88.2469425, 14.6396792 ], [ -88.2467414, 14.6397714 ], [ -88.2465275, 14.639822 ], [ -88.2463994, 14.6398064 ], [ -88.2462733, 14.6398025 ], [ -88.2461949, 14.6398174 ], [ -88.2460078, 14.6398116 ], [ -88.2458308, 14.6397714 ], [ -88.2457107, 14.6397032 ], [ -88.2456229, 14.6395774 ], [ -88.2455357, 14.6394016 ], [ -88.245474, 14.6393159 ], [ -88.2454486, 14.6392167 ], [ -88.2454767, 14.6391239 ], [ -88.2455237, 14.639048 ], [ -88.2454962, 14.6389773 ], [ -88.2454251, 14.6389435 ], [ -88.2452642, 14.6389195 ], [ -88.2450871, 14.6389124 ], [ -88.2449282, 14.6389584 ], [ -88.2448095, 14.6389922 ], [ -88.2446191, 14.6390123 ], [ -88.2444628, 14.6390389 ], [ -88.2442422, 14.6390733 ], [ -88.2440303, 14.6390791 ], [ -88.2438889, 14.6390733 ], [ -88.2436568, 14.6390973 ] ] ] } },
{ "type": "Feature", "properties": { "full_id": "w478876899", "osm_id": "478876899", "osm_type": "way", "service": null, "highway": "residential", "layer": null, "bridge": null, "maxspeed": null, "lanes": null, "surface": null, "ref": null, "name": null }, "geometry": { "type": "MultiLineString", "coordinates": [ [ [ -88.2350067, 14.6528601 ], [ -88.2349142, 14.6527538 ], [ -88.2348364, 14.6526837 ], [ -88.2347372, 14.6526461 ], [ -88.2346191, 14.6525111 ], [ -88.2345226, 14.6524313 ] ] ] } },
{ "type": "Feature", "properties": { "full_id": "w478876900", "osm_id": "478876900", "osm_type": "way", "service": null, "highway": "residential", "layer": null, "bridge": null, "maxspeed": null, "lanes": null, "surface": null, "ref": null, "name": null }, "geometry": { "type": "MultiLineString", "coordinates": [ [ [ -88.2444226, 14.6331563 ], [ -88.2445299, 14.633349 ], [ -88.2445923, 14.6335345 ], [ -88.24466, 14.6336461 ], [ -88.2448001, 14.6337279 ], [ -88.2449772, 14.6337117 ], [ -88.2452823, 14.6336896 ], [ -88.2455505, 14.6336403 ], [ -88.2457322, 14.6335683 ], [ -88.245873, 14.6335585 ], [ -88.2459461, 14.6336656 ], [ -88.2460112, 14.63377 ], [ -88.2460165, 14.633942 ], [ -88.2459039, 14.6340575 ], [ -88.2456879, 14.6340847 ], [ -88.2455471, 14.6342106 ], [ -88.2455478, 14.6345843 ], [ -88.245474, 14.6348049 ], [ -88.2453413, 14.6348918 ], [ -88.2450972, 14.6348892 ], [ -88.2448437, 14.6349152 ], [ -88.2445661, 14.6348581 ], [ -88.2443193, 14.6348503 ], [ -88.2442335, 14.6349554 ], [ -88.2442295, 14.6351565 ], [ -88.2441906, 14.6353538 ], [ -88.2441772, 14.6354822 ], [ -88.2441799, 14.6355756 ], [ -88.2442697, 14.6357625 ], [ -88.2443489, 14.6359403 ], [ -88.2444548, 14.6360129 ], [ -88.2445768, 14.6360454 ], [ -88.24466, 14.636192 ], [ -88.2446949, 14.6363231 ], [ -88.2446104, 14.6364126 ], [ -88.2442979, 14.6364969 ], [ -88.2440981, 14.6364645 ], [ -88.2440122, 14.6365216 ], [ -88.2440297, 14.6366293 ], [ -88.2441343, 14.6366929 ], [ -88.2442603, 14.6367045 ], [ -88.2443368, 14.6367733 ], [ -88.2443234, 14.6368693 ], [ -88.2442214, 14.6369693 ], [ -88.2441463, 14.6370614 ], [ -88.24409, 14.6372132 ], [ -88.2440659, 14.6373988 ], [ -88.2439961, 14.6375103 ], [ -88.2439371, 14.6376025 ], [ -88.2439841, 14.6377893 ], [ -88.2440283, 14.6379632 ], [ -88.2440699, 14.6380891 ], [ -88.2440203, 14.6382837 ], [ -88.2439908, 14.6384835 ], [ -88.2439224, 14.6385977 ], [ -88.2438044, 14.6386444 ], [ -88.2437118, 14.6386639 ], [ -88.2436635, 14.6387417 ], [ -88.2436609, 14.6388507 ], [ -88.2436609, 14.6390454 ], [ -88.2436568, 14.6390973 ] ] ] } },
{ "type": "Feature", "properties": { "full_id": "w478876901", "osm_id": "478876901", "osm_type": "way", "service": null, "highway": "unclassified", "layer": null, "bridge": null, "maxspeed": null, "lanes": null, "surface": "unpaved", "ref": null, "name": null }, "geometry": { "type": "MultiLineString", "coordinates": [ [ [ -88.2334517, 14.6431564 ], [ -88.2333585, 14.6431641 ], [ -88.2332512, 14.6432102 ], [ -88.2331526, 14.6432634 ], [ -88.2330279, 14.6433205 ], [ -88.232877, 14.6433815 ], [ -88.2327309, 14.6434068 ], [ -88.2325813, 14.6434515 ], [ -88.2324338, 14.6434794 ], [ -88.2323098, 14.6435359 ], [ -88.2322152, 14.6436053 ], [ -88.2321421, 14.6436838 ], [ -88.2320355, 14.643787 ], [ -88.2319081, 14.6439135 ], [ -88.2318196, 14.6439323 ], [ -88.231715, 14.6439226 ], [ -88.2316238, 14.6438797 ], [ -88.2315608, 14.6438311 ], [ -88.2315232, 14.6437727 ], [ -88.2314789, 14.6437818 ], [ -88.2314682, 14.6438577 ], [ -88.2314126, 14.6439011 ], [ -88.2314119, 14.6439258 ], [ -88.2313978, 14.6439349 ], [ -88.2313422, 14.6439297 ], [ -88.2312677, 14.643942 ], [ -88.231253, 14.643992 ], [ -88.2312329, 14.6440049 ], [ -88.2311926, 14.643966 ], [ -88.2311966, 14.6439297 ], [ -88.2311846, 14.6439187 ], [ -88.2311256, 14.6439621 ], [ -88.2310894, 14.6440238 ], [ -88.231082, 14.6440802 ], [ -88.2310826, 14.644147 ], [ -88.2310324, 14.6441639 ], [ -88.2309693, 14.6440828 ], [ -88.2309197, 14.6440406 ], [ -88.2308386, 14.6440147 ], [ -88.2308218, 14.6439654 ], [ -88.2307936, 14.6438927 ], [ -88.2307863, 14.6438694 ], [ -88.2308003, 14.6438525 ], [ -88.2307889, 14.6438233 ], [ -88.2307615, 14.6438317 ], [ -88.230736, 14.6438655 ], [ -88.2306944, 14.6438603 ], [ -88.2306314, 14.643881 ], [ -88.2305529, 14.6439161 ], [ -88.2304389, 14.6438914 ], [ -88.2303672, 14.6439096 ], [ -88.2303082, 14.6439511 ], [ -88.2301566, 14.6440277 ], [ -88.2300064, 14.6441003 ], [ -88.2298844, 14.6441198 ], [ -88.2297905, 14.6441717 ], [ -88.2296497, 14.6441834 ], [ -88.229541, 14.6442132 ], [ -88.2293908, 14.6441574 ], [ -88.229297, 14.6440977 ], [ -88.2291937, 14.6440225 ], [ -88.2290583, 14.6439472 ], [ -88.2288812, 14.6438694 ], [ -88.2287096, 14.6438136 ], [ -88.2285808, 14.6438019 ], [ -88.2283917, 14.6437448 ], [ -88.2283494, 14.6437609 ], [ -88.2277164, 14.6439198 ], [ -88.2270654, 14.6439926 ], [ -88.2269601, 14.6440176 ] ] ] } },
{ "type": "Feature", "properties": { "full_id": "w478876903", "osm_id": "478876903", "osm_type": "way", "service": null, "highway": "unclassified", "layer": null, "bridge": null, "maxspeed": null, "lanes": null, "surface": "unpaved", "ref": "RV-671", "name": null }, "geometry": { "type": "MultiLineString", "coordinates": [ [ [ -88.2436568, 14.6390973 ], [ -88.2434765, 14.6391751 ], [ -88.2432988, 14.6392452 ], [ -88.2431184, 14.6393256 ], [ -88.242985, 14.6394586 ], [ -88.2428146, 14.6395949 ], [ -88.2426886, 14.6397117 ], [ -88.2425545, 14.6397441 ], [ -88.2424123, 14.6397908 ], [ -88.2422406, 14.6399323 ], [ -88.2420743, 14.6400776 ], [ -88.2418115, 14.6402515 ], [ -88.241444, 14.6404682 ], [ -88.241149, 14.6406355 ], [ -88.2408606, 14.6407575 ], [ -88.2406327, 14.6408873 ], [ -88.2405361, 14.641004 ], [ -88.2403913, 14.6412039 ], [ -88.2402625, 14.6413349 ], [ -88.2401418, 14.6414232 ], [ -88.2400184, 14.6414673 ], [ -88.2398615, 14.6414751 ], [ -88.2396832, 14.6414514 ], [ -88.2394578, 14.6414812 ], [ -88.2392164, 14.6415526 ], [ -88.2390247, 14.641624 ], [ -88.2388785, 14.6416642 ], [ -88.238621, 14.6416421 ], [ -88.2383219, 14.6416097 ], [ -88.2381288, 14.6416162 ], [ -88.2378646, 14.6417965 ], [ -88.2376728, 14.6418925 ], [ -88.2374381, 14.6420573 ], [ -88.2371806, 14.6422299 ], [ -88.2369393, 14.6423791 ], [ -88.2366804, 14.6424998 ], [ -88.2364055, 14.6426218 ], [ -88.2362607, 14.6427308 ], [ -88.2361359, 14.6428034 ], [ -88.2360072, 14.6428411 ], [ -88.2357135, 14.6428839 ], [ -88.2354091, 14.6429397 ], [ -88.2351583, 14.6430435 ], [ -88.2349839, 14.6431823 ], [ -88.2348766, 14.6432653 ], [ -88.2346567, 14.6433108 ], [ -88.2343456, 14.6433211 ], [ -88.2339848, 14.6432641 ], [ -88.2338396, 14.6432534 ], [ -88.2337282, 14.6432469 ], [ -88.2336451, 14.643291 ], [ -88.233578, 14.6434117 ], [ -88.2335713, 14.6436102 ], [ -88.2335047, 14.6437182 ], [ -88.2335208, 14.6439193 ], [ -88.2334953, 14.6440556 ], [ -88.2334524, 14.6442074 ], [ -88.2334524, 14.6443384 ], [ -88.2335355, 14.6444617 ], [ -88.2336375, 14.6445629 ], [ -88.2337018, 14.6446719 ], [ -88.233683, 14.6447822 ], [ -88.2336214, 14.6448756 ], [ -88.2335664, 14.6450066 ], [ -88.2335154, 14.6451714 ], [ -88.2334363, 14.6452674 ], [ -88.2333263, 14.6454867 ], [ -88.2332365, 14.6456424 ], [ -88.2331587, 14.6458111 ], [ -88.2331359, 14.6459136 ], [ -88.2330688, 14.6459733 ], [ -88.2329642, 14.6459707 ], [ -88.2328824, 14.6459175 ], [ -88.2327805, 14.6457774 ], [ -88.2326558, 14.645706 ], [ -88.2325123, 14.6457527 ], [ -88.2323728, 14.6458916 ], [ -88.2323111, 14.6460031 ], [ -88.2323419, 14.6461705 ], [ -88.2323916, 14.646312 ], [ -88.2324854, 14.6465261 ], [ -88.2325726, 14.6466869 ], [ -88.2326477, 14.646962 ], [ -88.2326611, 14.6472008 ], [ -88.2325793, 14.6473604 ], [ -88.2324479, 14.6474577 ], [ -88.2321824, 14.6475174 ], [ -88.2319678, 14.6475511 ], [ -88.231894, 14.6477457 ], [ -88.2319128, 14.6480039 ], [ -88.2319141, 14.6482453 ], [ -88.2319483, 14.6484123 ], [ -88.2319738, 14.6485797 ], [ -88.2319899, 14.6487938 ], [ -88.2320288, 14.6489715 ], [ -88.232124, 14.6492025 ], [ -88.2322286, 14.6494374 ], [ -88.2323399, 14.6496372 ], [ -88.2323373, 14.6498603 ], [ -88.2323238, 14.6500783 ], [ -88.2322541, 14.6502561 ], [ -88.2321307, 14.6504196 ], [ -88.2320784, 14.6505324 ], [ -88.2320503, 14.6507037 ], [ -88.2320476, 14.6508464 ], [ -88.232065, 14.6509684 ], [ -88.2319658, 14.6511124 ], [ -88.2317807, 14.6512681 ], [ -88.2315943, 14.6513771 ], [ -88.231373, 14.6515004 ], [ -88.2312027, 14.6515795 ], [ -88.2311075, 14.6515588 ], [ -88.2309961, 14.6514407 ], [ -88.2309237, 14.6513525 ], [ -88.2306944, 14.6511864 ], [ -88.2305616, 14.651045 ], [ -88.2304584, 14.6509671 ], [ -88.2303095, 14.6509061 ], [ -88.2301528, 14.6507983 ], [ -88.2301311, 14.6507829 ], [ -88.2299689, 14.6507893 ], [ -88.2299031, 14.6508802 ], [ -88.2298938, 14.6510346 ], [ -88.2298495, 14.651237 ], [ -88.2297851, 14.6513836 ], [ -88.2296524, 14.6514757 ], [ -88.2294351, 14.651442 ], [ -88.2292567, 14.6514134 ], [ -88.2290676, 14.6514005 ], [ -88.2288754, 14.6513722 ], [ -88.2288276, 14.651359 ], [ -88.2286036, 14.6513148 ], [ -88.2283931, 14.6512915 ], [ -88.2282187, 14.6512785 ], [ -88.2280551, 14.6512318 ], [ -88.2279304, 14.6511955 ], [ -88.2279156, 14.6510631 ], [ -88.2278861, 14.6509009 ], [ -88.2278271, 14.650718 ], [ -88.2277869, 14.6506687 ], [ -88.2276367, 14.6507024 ], [ -88.2275012, 14.6508166 ], [ -88.2273819, 14.6509567 ], [ -88.227174, 14.6510579 ], [ -88.2270989, 14.6511617 ], [ -88.2270627, 14.6513226 ], [ -88.227001, 14.6514978 ], [ -88.2268293, 14.6516833 ], [ -88.2266818, 14.6518235 ], [ -88.2265048, 14.6519324 ], [ -88.2263613, 14.6519389 ], [ -88.226199, 14.6518741 ], [ -88.2259616, 14.6518053 ], [ -88.225786, 14.6518481 ], [ -88.2254225, 14.6519493 ], [ -88.2251194, 14.6520466 ], [ -88.2249048, 14.6522127 ], [ -88.2247077, 14.6523801 ], [ -88.2245374, 14.6525942 ], [ -88.22441, 14.6527628 ], [ -88.2242088, 14.6528718 ], [ -88.2239352, 14.6528614 ], [ -88.2237233, 14.6528057 ], [ -88.2236067, 14.6527343 ], [ -88.2235356, 14.6525449 ], [ -88.2234645, 14.652384 ], [ -88.2233532, 14.6522283 ], [ -88.2232271, 14.6520453 ], [ -88.2230742, 14.651887 ], [ -88.222912, 14.6517248 ], [ -88.2228168, 14.651612 ], [ -88.2227752, 14.6514822 ], [ -88.2227658, 14.6513602 ], [ -88.2227081, 14.6512461 ], [ -88.2225686, 14.6512149 ], [ -88.2223407, 14.6512007 ], [ -88.2220684, 14.6512058 ], [ -88.2218015, 14.6511864 ], [ -88.2216661, 14.651163 ], [ -88.2215829, 14.651115 ], [ -88.2214998, 14.6510501 ] ] ] } },
{ "type": "Feature", "properties": { "full_id": "w479016303", "osm_id": "479016303", "osm_type": "way", "service": null, "highway": "residential", "layer": null, "bridge": null, "maxspeed": null, "lanes": null, "surface": null, "ref": null, "name": null }, "geometry": { "type": "MultiLineString", "coordinates": [ [ [ -88.1774291, 14.6558014 ], [ -88.1773567, 14.6558351 ], [ -88.1772695, 14.6558169 ], [ -88.1771904, 14.6557585 ], [ -88.1770764, 14.6557118 ], [ -88.1769356, 14.6556586 ], [ -88.1767612, 14.6556119 ], [ -88.1765681, 14.6556067 ], [ -88.1762959, 14.6555652 ], [ -88.1761577, 14.655547 ], [ -88.1760183, 14.6555535 ], [ -88.1759445, 14.6555873 ], [ -88.1758144, 14.655586 ], [ -88.1757554, 14.6555367 ], [ -88.1756521, 14.6553706 ], [ -88.1756067, 14.6552775 ], [ -88.1755397, 14.655306 ], [ -88.1754404, 14.6552995 ], [ -88.175427, 14.6553501 ], [ -88.1754243, 14.6554423 ], [ -88.1754391, 14.655476 ], [ -88.175419, 14.655546 ], [ -88.1752889, 14.6555448 ], [ -88.175199, 14.6554773 ] ] ] } },
{ "type": "Feature", "properties": { "full_id": "w479016304", "osm_id": "479016304", "osm_type": "way", "service": null, "highway": "residential", "layer": null, "bridge": null, "maxspeed": null, "lanes": null, "surface": null, "ref": null, "name": null }, "geometry": { "type": "MultiLineString", "coordinates": [ [ [ -88.1908001, 14.647649 ], [ -88.1907776, 14.6476045 ], [ -88.190732, 14.6475215 ], [ -88.1903753, 14.6468857 ], [ -88.1903029, 14.6468001 ], [ -88.1902277, 14.6467534 ], [ -88.1901339, 14.6467093 ], [ -88.1899327, 14.6463849 ], [ -88.1898764, 14.6462292 ], [ -88.1898759, 14.6460909 ], [ -88.1899711, 14.6458366 ], [ -88.19001, 14.6457613 ], [ -88.190081, 14.645625 ], [ -88.1902031, 14.6453512 ], [ -88.1902098, 14.6452747 ], [ -88.1901736, 14.6450412 ], [ -88.1902098, 14.6449153 ], [ -88.1902528, 14.6447622 ], [ -88.1902433, 14.6444495 ], [ -88.19023, 14.6443418 ], [ -88.1902004, 14.6442471 ], [ -88.1901106, 14.6441173 ], [ -88.1899952, 14.6439733 ], [ -88.1898826, 14.6438189 ], [ -88.1898021, 14.6436074 ], [ -88.1896908, 14.6434776 ], [ -88.189538, 14.6434024 ], [ -88.1893877, 14.6434206 ], [ -88.1891999, 14.6433725 ], [ -88.1890108, 14.6432973 ], [ -88.188866, 14.6431753 ], [ -88.1887091, 14.6429885 ] ] ] } },
{ "type": "Feature", "properties": { "full_id": "w479016306", "osm_id": "479016306", "osm_type": "way", "service": null, "highway": "residential", "layer": null, "bridge": null, "maxspeed": null, "lanes": null, "surface": null, "ref": null, "name": null }, "geometry": { "type": "MultiLineString", "coordinates": [ [ [ -88.175419, 14.655546 ], [ -88.1753303, 14.6556729 ], [ -88.1754215, 14.6558247 ], [ -88.1754872, 14.6560051 ], [ -88.1755073, 14.6561659 ], [ -88.1754912, 14.6562944 ], [ -88.1754161, 14.6564527 ], [ -88.1753552, 14.6566678 ], [ -88.1752657, 14.656819 ] ] ] } },
{ "type": "Feature", "properties": { "full_id": "w479016308", "osm_id": "479016308", "osm_type": "way", "service": null, "highway": "residential", "layer": null, "bridge": null, "maxspeed": null, "lanes": null, "surface": null, "ref": null, "name": null }, "geometry": { "type": "MultiLineString", "coordinates": [ [ [ -88.1919452, 14.6293184 ], [ -88.1916118, 14.6301263 ], [ -88.1915018, 14.6303131 ], [ -88.1912309, 14.6305493 ], [ -88.1908286, 14.6309593 ], [ -88.1906757, 14.631167 ], [ -88.1905335, 14.6312837 ], [ -88.1904879, 14.6314083 ], [ -88.1904504, 14.6316419 ], [ -88.1903753, 14.6318884 ], [ -88.1901724, 14.6321418 ], [ -88.190045, 14.6322777 ], [ -88.1900397, 14.6322943 ], [ -88.1900487, 14.6323066 ], [ -88.1901687, 14.6323231 ], [ -88.1903706, 14.6322751 ], [ -88.1903934, 14.6322836 ], [ -88.1903947, 14.6323069 ], [ -88.190278, 14.6324626 ], [ -88.1902814, 14.6324788 ], [ -88.1903008, 14.632486 ], [ -88.1904396, 14.6324221 ], [ -88.1904477, 14.6324244 ], [ -88.19045, 14.6324341 ], [ -88.1904544, 14.6324824 ], [ -88.1904271, 14.6325604 ], [ -88.1904319, 14.6325684 ], [ -88.1904408, 14.6325695 ], [ -88.1905677, 14.6324866 ], [ -88.1905746, 14.6324889 ], [ -88.1905771, 14.6324954 ], [ -88.1905778, 14.6326359 ], [ -88.1905684, 14.6326722 ], [ -88.1905675, 14.6326866 ], [ -88.1905741, 14.6326904 ], [ -88.190581, 14.6326899 ], [ -88.1905947, 14.6326818 ], [ -88.1906307, 14.6327676 ], [ -88.1906603, 14.6328454 ], [ -88.1908219, 14.6331685 ], [ -88.1908433, 14.6332684 ], [ -88.1908554, 14.6333165 ], [ -88.1908232, 14.633417 ], [ -88.1907877, 14.6335377 ], [ -88.1906837, 14.6337434 ], [ -88.1906696, 14.6337907 ], [ -88.190673, 14.6338173 ], [ -88.1907139, 14.6338459 ], [ -88.1907112, 14.6339036 ], [ -88.1907421, 14.6339477 ], [ -88.1907682, 14.6341047 ], [ -88.1907307, 14.6341897 ], [ -88.190681, 14.6342332 ], [ -88.1906515, 14.6343935 ], [ -88.1906421, 14.6344609 ], [ -88.1905979, 14.6345128 ], [ -88.1905825, 14.6346199 ], [ -88.1905724, 14.6347211 ], [ -88.1905127, 14.6348489 ], [ -88.1904725, 14.6349294 ], [ -88.1904541, 14.6350118 ], [ -88.1904624, 14.6351986 ], [ -88.1905214, 14.6353433 ], [ -88.190563, 14.6355327 ], [ -88.1905778, 14.6357105 ], [ -88.1905597, 14.6359188 ], [ -88.1905771, 14.6359726 ], [ -88.1905798, 14.6360336 ], [ -88.1905583, 14.6361296 ], [ -88.1905852, 14.6361997 ], [ -88.1906287, 14.6362412 ], [ -88.1906328, 14.6362646 ], [ -88.1906126, 14.6362964 ], [ -88.1904041, 14.6364274 ], [ -88.1903773, 14.6364521 ], [ -88.1903686, 14.6364923 ], [ -88.1903753, 14.6371696 ], [ -88.1903525, 14.6372533 ], [ -88.1903216, 14.6372936 ], [ -88.1902988, 14.6373507 ], [ -88.1902995, 14.6374123 ], [ -88.1903122, 14.6374655 ], [ -88.1903102, 14.6375239 ], [ -88.1903213, 14.6375962 ], [ -88.1903287, 14.6376193 ], [ -88.190331, 14.6376439 ], [ -88.1902941, 14.6377685 ], [ -88.190273, 14.6378482 ] ] ] } },
{ "type": "Feature", "properties": { "full_id": "w479069551", "osm_id": "479069551", "osm_type": "way", "service": null, "highway": "residential", "layer": null, "bridge": null, "maxspeed": null, "lanes": null, "surface": null, "ref": null, "name": null }, "geometry": { "type": "MultiLineString", "coordinates": [ [ [ -88.175199, 14.6554773 ], [ -88.1750998, 14.6553398 ], [ -88.1750099, 14.6552528 ], [ -88.1749214, 14.6551309 ], [ -88.1748477, 14.6550504 ], [ -88.1747069, 14.6549842 ], [ -88.1745768, 14.6549505 ], [ -88.1744239, 14.654909 ], [ -88.1742844, 14.6548467 ], [ -88.174216, 14.6547754 ], [ -88.1741396, 14.6546612 ] ] ] } },
{ "type": "Feature", "properties": { "full_id": "w479069552", "osm_id": "479069552", "osm_type": "way", "service": null, "highway": "residential", "layer": null, "bridge": null, "maxspeed": null, "lanes": null, "surface": null, "ref": null, "name": null }, "geometry": { "type": "MultiLineString", "coordinates": [ [ [ -88.1619269, 14.6704549 ], [ -88.1618229, 14.6704275 ], [ -88.1617504, 14.670316 ], [ -88.1617075, 14.6701992 ], [ -88.1616271, 14.6699812 ], [ -88.1615962, 14.6698541 ], [ -88.1615855, 14.6697386 ], [ -88.1615399, 14.6695959 ], [ -88.1615439, 14.669474 ], [ -88.1615627, 14.6693416 ], [ -88.161611, 14.6691314 ], [ -88.1616888, 14.6689667 ], [ -88.1617451, 14.6689226 ], [ -88.1619369, 14.6687734 ], [ -88.1621489, 14.668802 ] ] ] } },
{ "type": "Feature", "properties": { "full_id": "w479069553", "osm_id": "479069553", "osm_type": "way", "service": null, "highway": "residential", "layer": null, "bridge": null, "maxspeed": null, "lanes": null, "surface": null, "ref": null, "name": null }, "geometry": { "type": "MultiLineString", "coordinates": [ [ [ -88.1741396, 14.6546612 ], [ -88.1740403, 14.6545587 ], [ -88.1739062, 14.6544627 ], [ -88.1737587, 14.6543355 ], [ -88.1736353, 14.6542421 ], [ -88.1734972, 14.6541759 ], [ -88.1733818, 14.6541033 ], [ -88.173296, 14.6540786 ], [ -88.1732544, 14.6539592 ], [ -88.1731981, 14.6538502 ], [ -88.1731203, 14.6536725 ], [ -88.1729768, 14.6534986 ], [ -88.1728762, 14.6534195 ], [ -88.1727395, 14.653339 ], [ -88.1725825, 14.6532858 ], [ -88.1724243, 14.6532301 ], [ -88.1723572, 14.6530886 ] ] ] } },
{ "type": "Feature", "properties": { "full_id": "w479069554", "osm_id": "479069554", "osm_type": "way", "service": null, "highway": "residential", "layer": null, "bridge": null, "maxspeed": null, "lanes": null, "surface": null, "ref": null, "name": null }, "geometry": { "type": "MultiLineString", "coordinates": [ [ [ -88.19032, 14.6497969 ], [ -88.1903308, 14.649902 ], [ -88.1903364, 14.6499738 ], [ -88.1903367, 14.6501238 ], [ -88.1903334, 14.6501446 ], [ -88.1903133, 14.6501771 ], [ -88.1902516, 14.6502185 ], [ -88.1901845, 14.6502718 ], [ -88.1901366, 14.6503293 ], [ -88.190088, 14.6504106 ], [ -88.1900411, 14.6506118 ], [ -88.1900222, 14.6507337 ], [ -88.1900156, 14.6507765 ], [ -88.1899968, 14.6508297 ], [ -88.1899029, 14.650975 ], [ -88.1898627, 14.6510528 ], [ -88.1898238, 14.6511112 ], [ -88.189801, 14.6511554 ], [ -88.1897634, 14.6512151 ], [ -88.189723, 14.6512498 ], [ -88.189649566825935, 14.651293584958319 ], [ -88.189617917880739, 14.651361404126616 ], [ -88.189556880629269, 14.651411138183368 ], [ -88.189486800822024, 14.651356882848729 ], [ -88.189455151876828, 14.651304888153035 ], [ -88.189425763570554, 14.651250632818398 ], [ -88.189394114625358, 14.651225765790022 ], [ -88.189362465680148, 14.651185074289044 ], [ -88.18934664120755, 14.651151164704894 ], [ -88.189278822039256, 14.651105951926029 ], [ -88.189233609260384, 14.651103691287087 ], [ -88.189197439037287, 14.651105951926029 ], [ -88.189168050731027, 14.651114994481803 ], [ -88.189113795396395, 14.65116246789961 ], [ -88.18910249220167, 14.65117603173327 ], [ -88.18903241239444, 14.651203159400589 ], [ -88.188975896420857, 14.651243850901567 ], [ -88.188905816613612, 14.651289063680432 ], [ -88.188833476167432, 14.651325233903524 ], [ -88.188763396360187, 14.65133653709824 ], [ -88.188700098469781, 14.651356882848729 ], [ -88.188625497384649, 14.651370446682389 ], [ -88.188573502688953, 14.651386271154992 ], [ -88.188521507993272, 14.651424702017028 ], [ -88.188451428186042, 14.651465393518006 ], [ -88.188311268571553, 14.651533212686303 ], [ -88.18825475259797, 14.651596510576715 ], [ -88.188166587679191, 14.651625898882976 ], [ -88.188098768510898, 14.651625898882976 ], [ -88.187926959951199, 14.651598771215657 ], [ -88.18787044397763, 14.651553558436792 ], [ -88.187852358866081, 14.651533212686303 ], [ -88.187798103531435, 14.651526430769474 ], [ -88.187757412030464, 14.651530952047359 ], [ -88.187707677973705, 14.651519648852643 ], [ -88.187680550306396, 14.651508345657927 ], [ -88.187644380083299, 14.651497042463211 ], [ -88.187608209860201, 14.651499303102154 ], [ -88.187587864109716, 14.651492521185325 ], [ -88.187562997081343, 14.651469914795893 ], [ -88.187526826858246, 14.651460872240119 ], [ -88.18747483216255, 14.651454090323289 ], [ -88.187413794911095, 14.651417920100197 ], [ -88.187366321493286, 14.651390792432878 ], [ -88.187327890631238, 14.651361404126616 ], [ -88.187293981047091, 14.65132297326458 ], [ -88.18728267785238, 14.651298106236206 ], [ -88.187263462421356, 14.651283412083073 ], [ -88.187231813476146, 14.651303757833563 ] ] ] } },
{ "type": "Feature", "properties": { "full_id": "w479069555", "osm_id": "479069555", "osm_type": "way", "service": null, "highway": "residential", "layer": null, "bridge": null, "maxspeed": null, "lanes": null, "surface": null, "ref": null, "name": null }, "geometry": { "type": "MultiLineString", "coordinates": [ [ [ -88.1720528, 14.6549168 ], [ -88.1719603, 14.654826 ], [ -88.1718691, 14.6546482 ], [ -88.1718825, 14.6546028 ], [ -88.1718382, 14.6545275 ], [ -88.1718034, 14.6544458 ], [ -88.1718369, 14.654377 ], [ -88.1718972, 14.6543368 ], [ -88.1719723, 14.6541889 ], [ -88.1720327, 14.6541681 ], [ -88.1721105, 14.6541837 ], [ -88.1722419, 14.6540098 ], [ -88.1722298, 14.6538321 ], [ -88.1722446, 14.6537348 ], [ -88.1723063, 14.6536063 ], [ -88.172313, 14.6535181 ], [ -88.1723197, 14.6533611 ], [ -88.172321, 14.6532755 ], [ -88.172313, 14.6531652 ], [ -88.1723572, 14.6530886 ] ] ] } },
{ "type": "Feature", "properties": { "full_id": "w479069556", "osm_id": "479069556", "osm_type": "way", "service": null, "highway": "residential", "layer": null, "bridge": null, "maxspeed": null, "lanes": null, "surface": null, "ref": null, "name": null }, "geometry": { "type": "MultiLineString", "coordinates": [ [ [ -88.1986114, 14.701628 ], [ -88.1988273, 14.7017876 ], [ -88.1989721, 14.7019212 ], [ -88.1990781, 14.7020081 ], [ -88.1991693, 14.7020716 ], [ -88.1993248, 14.7021196 ], [ -88.199412, 14.7021676 ], [ -88.1994858, 14.7021015 ], [ -88.1997527, 14.702156 ], [ -88.1999109, 14.7021378 ], [ -88.2000034, 14.7021054 ], [ -88.2001362, 14.70206 ], [ -88.2002462, 14.702047 ], [ -88.2003454, 14.7019627 ], [ -88.2004567, 14.7019316 ], [ -88.2005146, 14.7019565 ], [ -88.2005694, 14.7019666 ], [ -88.2006807, 14.7020561 ], [ -88.200843, 14.702095 ], [ -88.2010187, 14.7020366 ], [ -88.2012332, 14.7020198 ], [ -88.2013597, 14.7020822 ] ] ] } },
{ "type": "Feature", "properties": { "full_id": "w479069557", "osm_id": "479069557", "osm_type": "way", "service": null, "highway": "residential", "layer": null, "bridge": null, "maxspeed": null, "lanes": null, "surface": null, "ref": null, "name": null }, "geometry": { "type": "MultiLineString", "coordinates": [ [ [ -88.2062597, 14.7048074 ], [ -88.2061162, 14.7047464 ], [ -88.2059244, 14.7046829 ], [ -88.2057391, 14.7045273 ], [ -88.2057286, 14.7044352 ], [ -88.2057125, 14.7043145 ], [ -88.2057072, 14.7041601 ], [ -88.2056361, 14.7040525 ], [ -88.2055771, 14.7039902 ], [ -88.2054724, 14.7037826 ], [ -88.2054362, 14.7036918 ], [ -88.2053933, 14.7035984 ], [ -88.2053196, 14.7036374 ], [ -88.2052552, 14.703688 ], [ -88.2051613, 14.7037866 ], [ -88.2050634, 14.7038514 ], [ -88.2048529, 14.7039746 ], [ -88.2046813, 14.7039656 ], [ -88.2045029, 14.7039305 ], [ -88.2043982, 14.7038973 ], [ -88.2043758, 14.7038723 ], [ -88.2043593, 14.7038436 ] ] ] } },
{ "type": "Feature", "properties": { "full_id": "w479069558", "osm_id": "479069558", "osm_type": "way", "service": null, "highway": "residential", "layer": null, "bridge": null, "maxspeed": null, "lanes": null, "surface": null, "ref": null, "name": null }, "geometry": { "type": "MultiLineString", "coordinates": [ [ [ -88.2016778, 14.652471 ], [ -88.2016698, 14.6526682 ], [ -88.2017154, 14.6527902 ], [ -88.2016523, 14.6529005 ], [ -88.2016121, 14.6530575 ], [ -88.2016134, 14.6531911 ], [ -88.2015652, 14.65333 ], [ -88.2013975, 14.6535155 ], [ -88.2012567, 14.6536271 ], [ -88.2012621, 14.6537192 ], [ -88.201258, 14.6538204 ], [ -88.2011977, 14.6538788 ], [ -88.2011347, 14.6539735 ], [ -88.2011266, 14.654111 ], [ -88.201077, 14.6542084 ], [ -88.2009228, 14.6542239 ], [ -88.2008463, 14.6542512 ], [ -88.2007498, 14.6543329 ], [ -88.2006371, 14.6544523 ], [ -88.2005513, 14.654521 ], [ -88.2004467, 14.6545794 ], [ -88.2002495, 14.6546573 ], [ -88.2001449, 14.654691 ], [ -88.2000631, 14.6547702 ], [ -88.2000108, 14.6548986 ], [ -88.1999666, 14.6550063 ], [ -88.1998164, 14.6550738 ], [ -88.1997305, 14.6551309 ], [ -88.1996688, 14.6551892 ] ] ] } },
{ "type": "Feature", "properties": { "full_id": "w479069559", "osm_id": "479069559", "osm_type": "way", "service": null, "highway": "residential", "layer": null, "bridge": null, "maxspeed": null, "lanes": null, "surface": null, "ref": null, "name": null }, "geometry": { "type": "MultiLineString", "coordinates": [ [ [ -88.172087, 14.6497268 ], [ -88.172079, 14.6498086 ], [ -88.1721293, 14.6498754 ], [ -88.1722251, 14.6499532 ], [ -88.1722754, 14.6500103 ], [ -88.1724028, 14.6500992 ], [ -88.1725577, 14.6500947 ], [ -88.1727073, 14.6500823 ], [ -88.1729098, 14.6500758 ], [ -88.1730948, 14.6500434 ], [ -88.1732223, 14.6500732 ], [ -88.1732746, 14.6502484 ], [ -88.1733725, 14.6503652 ], [ -88.1735495, 14.6505339 ], [ -88.1734918, 14.6507726 ], [ -88.1734261, 14.6509659 ], [ -88.1733926, 14.6511774 ], [ -88.1733483, 14.6513409 ], [ -88.1732062, 14.6515174 ], [ -88.1730935, 14.6516173 ], [ -88.1729916, 14.6517626 ], [ -88.1728561, 14.6518288 ], [ -88.1727019, 14.6518794 ], [ -88.1726094, 14.6519131 ], [ -88.1725021, 14.6519624 ], [ -88.1724189, 14.6520208 ], [ -88.1722567, 14.6521116 ], [ -88.1721413, 14.6522543 ], [ -88.1721936, 14.6523322 ], [ -88.1723492, 14.6524438 ], [ -88.1723975, 14.6525605 ], [ -88.1724578, 14.6527124 ], [ -88.1724578, 14.6528058 ], [ -88.1724149, 14.6529485 ], [ -88.1723572, 14.6530886 ] ] ] } },
{ "type": "Feature", "properties": { "full_id": "w479069560", "osm_id": "479069560", "osm_type": "way", "service": null, "highway": "residential", "layer": null, "bridge": null, "maxspeed": null, "lanes": null, "surface": null, "ref": null, "name": null }, "geometry": { "type": "MultiLineString", "coordinates": [ [ [ -88.1622943, 14.6869134 ], [ -88.1622178, 14.6869264 ], [ -88.1621105, 14.6868304 ], [ -88.1619509, 14.6866488 ], [ -88.1618597, 14.6865346 ], [ -88.1617471, 14.6864723 ], [ -88.1616599, 14.6864555 ], [ -88.1614909, 14.6862583 ], [ -88.1612871, 14.6862051 ], [ -88.1612093, 14.6861532 ], [ -88.1611141, 14.6860533 ], [ -88.1610108, 14.6860196 ], [ -88.1608459, 14.6860183 ], [ -88.160697, 14.6860507 ], [ -88.1605428, 14.6860455 ], [ -88.1604248, 14.6859949 ], [ -88.1603309, 14.6859093 ], [ -88.160182, 14.6858496 ], [ -88.1600037, 14.6858535 ], [ -88.1598615, 14.6858107 ], [ -88.1596898, 14.6856421 ], [ -88.1594565, 14.6854163 ], [ -88.1593613, 14.6853385 ], [ -88.1591105, 14.6852347 ], [ -88.1589321, 14.6851413 ], [ -88.1587806, 14.6850544 ], [ -88.1586558, 14.6849934 ], [ -88.1586277, 14.6849182 ], [ -88.1585673, 14.6848598 ], [ -88.1583782, 14.6848468 ], [ -88.1582736, 14.68483 ], [ -88.1581462, 14.684782 ], [ -88.1580577, 14.6847975 ], [ -88.1578928, 14.684865 ], [ -88.157756, 14.684961 ], [ -88.1576111, 14.6849545 ], [ -88.1575174, 14.6848261 ] ] ] } },
{ "type": "Feature", "properties": { "full_id": "w479069561", "osm_id": "479069561", "osm_type": "way", "service": null, "highway": "residential", "layer": null, "bridge": null, "maxspeed": null, "lanes": null, "surface": null, "ref": null, "name": null }, "geometry": { "type": "MultiLineString", "coordinates": [ [ [ -88.1672859, 14.6584699 ], [ -88.1673408, 14.6586437 ], [ -88.1673945, 14.6588046 ], [ -88.1674562, 14.6589694 ], [ -88.1675058, 14.6590914 ], [ -88.1675648, 14.6592055 ], [ -88.1676493, 14.6593223 ], [ -88.1677244, 14.6593612 ], [ -88.1678223, 14.6593508 ], [ -88.1678894, 14.6592925 ], [ -88.1679215, 14.6591549 ], [ -88.168285, 14.6592159 ], [ -88.1684285, 14.6592289 ], [ -88.168521, 14.6592808 ], [ -88.1686001, 14.6593833 ], [ -88.1686618, 14.6596026 ], [ -88.168741, 14.6597479 ], [ -88.168804, 14.6598452 ], [ -88.1688053, 14.6599568 ], [ -88.1687638, 14.6600813 ], [ -88.1687061, 14.6601695 ], [ -88.1687973, 14.6602668 ], [ -88.1688912, 14.660311 ], [ -88.1688925, 14.6603888 ], [ -88.1687946, 14.6604848 ], [ -88.1686578, 14.6605562 ], [ -88.1685894, 14.660586 ], [ -88.1686001, 14.6607002 ], [ -88.1686444, 14.6609234 ], [ -88.1687168, 14.6610687 ], [ -88.1687718, 14.6611906 ], [ -88.1687638, 14.6613671 ], [ -88.1687557, 14.6614812 ], [ -88.1688107, 14.6615993 ], [ -88.1688925, 14.6616836 ], [ -88.1690293, 14.6617122 ], [ -88.169217, 14.6616824 ], [ -88.1695725, 14.6615918 ] ] ] } },
{ "type": "Feature", "properties": { "full_id": "w479069562", "osm_id": "479069562", "osm_type": "way", "service": null, "highway": "residential", "layer": null, "bridge": null, "maxspeed": null, "lanes": null, "surface": null, "ref": null, "name": null }, "geometry": { "type": "MultiLineString", "coordinates": [ [ [ -88.1621166, 14.6680754 ], [ -88.1621876, 14.6681558 ], [ -88.1622721, 14.6682492 ], [ -88.1622829, 14.6683738 ], [ -88.1622654, 14.6684737 ], [ -88.162165, 14.6685912 ] ] ] } },
{ "type": "Feature", "properties": { "full_id": "w479069565", "osm_id": "479069565", "osm_type": "way", "service": null, "highway": "residential", "layer": null, "bridge": null, "maxspeed": null, "lanes": null, "surface": null, "ref": null, "name": null }, "geometry": { "type": "MultiLineString", "coordinates": [ [ [ -88.146667442040496, 14.664548339037507 ], [ -88.147185881904818, 14.66445188510926 ], [ -88.147716378510182, 14.664283090734829 ], [ -88.148210704892435, 14.66398167220906 ], [ -88.14853623690027, 14.663909331762873 ], [ -88.149416378995511, 14.664120324730909 ], [ -88.149850421672639, 14.664521211370184 ], [ -88.150058400455421, 14.664804544784412 ], [ -88.15023322320036, 14.664928126379976 ], [ -88.150465315465212, 14.665051707975541 ], [ -88.15069740773005, 14.665139119348016 ], [ -88.150839074437158, 14.665175289571108 ], [ -88.150983755329534, 14.665223516535232 ], [ -88.151167620630261, 14.665325998834001 ], [ -88.151402727080367, 14.665482736467402 ], [ -88.151643861900979, 14.665518906690494 ], [ -88.151933223685731, 14.665561105284098 ], [ -88.152126131542232, 14.665778126622653 ], [ -88.152331096139761, 14.6658745805509 ], [ -88.152626486295006, 14.666013233072754 ], [ -88.152843507633563, 14.666188055817701 ], [ -88.153030387119543, 14.666175999076669 ], [ -88.153349890756857, 14.666097630259969 ], [ -88.153669394394171, 14.666127772112546 ], [ -88.1539486, 14.6661591 ], [ -88.1541256, 14.6660579 ], [ -88.154422, 14.6659139 ], [ -88.1545708, 14.6657842 ], [ -88.1547023, 14.6656427 ], [ -88.1548029, 14.6655519 ], [ -88.1549987, 14.6654481 ], [ -88.1552401, 14.6652055 ], [ -88.1553943, 14.6650291 ], [ -88.1554949, 14.6649058 ], [ -88.1554895, 14.6647813 ], [ -88.1555726, 14.6646671 ], [ -88.1556223, 14.6645309 ], [ -88.1557416, 14.6644232 ], [ -88.1559106, 14.6643336 ], [ -88.1561131, 14.6643713 ], [ -88.1562754, 14.6643583 ], [ -88.1564028, 14.6642856 ], [ -88.1565061, 14.664152 ], [ -88.1567434, 14.6641027 ], [ -88.156891, 14.6641325 ], [ -88.1570331, 14.6642532 ], [ -88.1571042, 14.6643803 ], [ -88.1572034, 14.6645296 ], [ -88.1572651, 14.6645646 ], [ -88.1573335, 14.6647683 ], [ -88.157414, 14.6649746 ], [ -88.1574864, 14.6651354 ], [ -88.1576098, 14.6651419 ], [ -88.1576433, 14.6650978 ], [ -88.1577882, 14.6649914 ], [ -88.1578686, 14.6649071 ], [ -88.1579477, 14.6648812 ], [ -88.1580805, 14.6648747 ], [ -88.1583005, 14.6647657 ], [ -88.1584694, 14.6647838 ], [ -88.1586693, 14.6646775 ], [ -88.1587363, 14.6646204 ], [ -88.1587631, 14.664527 ], [ -88.1588221, 14.6643855 ], [ -88.1588959, 14.664248 ], [ -88.1589348, 14.6641805 ], [ -88.1590488, 14.6641598 ], [ -88.1590957, 14.6642324 ], [ -88.1590971, 14.6644063 ], [ -88.1591789, 14.6645425 ], [ -88.159258, 14.6647488 ], [ -88.1593586, 14.6648967 ], [ -88.1593881, 14.6649875 ], [ -88.1594806, 14.6650317 ], [ -88.1596402, 14.6649577 ], [ -88.1597703, 14.6648825 ], [ -88.1598347, 14.6649201 ], [ -88.1598186, 14.6650433 ], [ -88.1597743, 14.6651822 ], [ -88.1598454, 14.6652574 ], [ -88.1599661, 14.6652937 ], [ -88.1601177, 14.6653015 ], [ -88.1602062, 14.6654287 ], [ -88.1602397, 14.6655402 ], [ -88.1602035, 14.665779 ], [ -88.1601901, 14.6659372 ], [ -88.1603738, 14.6662655 ], [ -88.1605642, 14.6663965 ], [ -88.1607332, 14.6665016 ], [ -88.1608995, 14.6665289 ], [ -88.1610725, 14.6665976 ], [ -88.1611423, 14.666691 ], [ -88.1611959, 14.6668753 ], [ -88.1612402, 14.6670232 ], [ -88.1612965, 14.6671685 ], [ -88.1612938, 14.6673475 ], [ -88.1612992, 14.66745 ], [ -88.1614319, 14.66762 ], [ -88.1614944, 14.6677219 ] ] ] } },
{ "type": "Feature", "properties": { "full_id": "w479069576", "osm_id": "479069576", "osm_type": "way", "service": null, "highway": "unclassified", "layer": null, "bridge": null, "maxspeed": null, "lanes": null, "surface": null, "ref": null, "name": null }, "geometry": { "type": "MultiLineString", "coordinates": [ [ [ -88.1981105, 14.6550699 ], [ -88.1981588, 14.6551815 ], [ -88.1982325, 14.6553761 ], [ -88.1983183, 14.6556005 ], [ -88.1983586, 14.6556784 ], [ -88.1984203, 14.6557653 ], [ -88.1985141, 14.6557588 ], [ -88.198612, 14.6556927 ], [ -88.1986657, 14.6556395 ], [ -88.1988762, 14.6555084 ], [ -88.19906, 14.6554617 ], [ -88.1993671, 14.6553929 ], [ -88.1995079, 14.6553177 ], [ -88.1996688, 14.6551892 ], [ -88.1997359, 14.6552256 ], [ -88.199811, 14.6552645 ], [ -88.1998821, 14.655332 ], [ -88.1999169, 14.6554202 ], [ -88.1998807, 14.6555435 ], [ -88.1998526, 14.6557251 ], [ -88.1998874, 14.6559067 ], [ -88.1998298, 14.6560469 ], [ -88.1998204, 14.6561403 ], [ -88.1997734, 14.6563154 ], [ -88.1996983, 14.6564543 ], [ -88.199634, 14.6565555 ], [ -88.199579, 14.6566632 ], [ -88.1994408, 14.6567229 ], [ -88.1993295, 14.6568318 ], [ -88.1992638, 14.6569849 ], [ -88.1991203, 14.6570329 ], [ -88.1989889, 14.657129 ], [ -88.1988923, 14.6572405 ], [ -88.1988481, 14.6573573 ], [ -88.1988561, 14.6574585 ], [ -88.1988561, 14.6576843 ], [ -88.1987944, 14.6578439 ], [ -88.1987998, 14.6579853 ], [ -88.1988575, 14.6580502 ], [ -88.1989433, 14.6581085 ], [ -88.1990238, 14.6582007 ], [ -88.199056, 14.6582733 ], [ -88.1990197, 14.6583434 ], [ -88.1988923, 14.6584044 ], [ -88.1988548, 14.6584563 ], [ -88.1988548, 14.6585588 ], [ -88.1988454, 14.6587897 ], [ -88.198836, 14.6589363 ], [ -88.1988125, 14.6590174 ], [ -88.1988555, 14.6592639 ], [ -88.1988407, 14.6594585 ], [ -88.1988125, 14.6595753 ], [ -88.1987951, 14.6597012 ], [ -88.1987254, 14.6597816 ], [ -88.1985644, 14.6598322 ], [ -88.1984545, 14.6599529 ], [ -88.1984089, 14.6601527 ], [ -88.1983834, 14.6603706 ], [ -88.1982412, 14.6607054 ], [ -88.1982251, 14.660826 ], [ -88.1981313, 14.661009 ], [ -88.198028, 14.6611971 ], [ -88.1978764, 14.6615111 ], [ -88.1978013, 14.6616382 ], [ -88.1976887, 14.6617719 ], [ -88.1976055, 14.6618614 ], [ -88.1975586, 14.6619937 ], [ -88.1975519, 14.6621222 ], [ -88.1975371, 14.6622415 ], [ -88.1974446, 14.6624245 ], [ -88.1973293, 14.662597 ], [ -88.1972609, 14.6626969 ], [ -88.197273, 14.6628513 ], [ -88.1973387, 14.6629954 ], [ -88.197446, 14.6631757 ], [ -88.1975479, 14.6633223 ], [ -88.1976149, 14.6634845 ], [ -88.1976914, 14.6636973 ], [ -88.1977987, 14.6638997 ], [ -88.1979355, 14.6640294 ], [ -88.1980749, 14.6641384 ], [ -88.1981608, 14.6643226 ], [ -88.1981963, 14.6643888 ], [ -88.19826, 14.6644303 ], [ -88.1983358, 14.6644251 ], [ -88.1983706, 14.6644601 ], [ -88.1983613, 14.664549 ], [ -88.1983136, 14.6646457 ], [ -88.1982935, 14.6647495 ], [ -88.1983111, 14.6648611 ] ] ] } },
{ "type": "Feature", "properties": { "full_id": "w479085571", "osm_id": "479085571", "osm_type": "way", "service": null, "highway": "residential", "layer": null, "bridge": null, "maxspeed": null, "lanes": null, "surface": null, "ref": null, "name": null }, "geometry": { "type": "MultiLineString", "coordinates": [ [ [ -88.1675119, 14.6314196 ], [ -88.1675642, 14.6314157 ], [ -88.1676178, 14.6313975 ], [ -88.1676406, 14.6314377 ], [ -88.1676486, 14.6314857 ], [ -88.1676969, 14.6315688 ], [ -88.1676942, 14.6316778 ], [ -88.1678015, 14.6318257 ], [ -88.1678069, 14.6319853 ], [ -88.1678565, 14.6321722 ], [ -88.16789, 14.6322656 ] ] ] } },
{ "type": "Feature", "properties": { "full_id": "w479085574", "osm_id": "479085574", "osm_type": "way", "service": null, "highway": "residential", "layer": null, "bridge": null, "maxspeed": null, "lanes": null, "surface": null, "ref": null, "name": null }, "geometry": { "type": "MultiLineString", "coordinates": [ [ [ -88.1708257, 14.6367423 ], [ -88.1707117, 14.6367319 ], [ -88.170579, 14.6367319 ], [ -88.1704408, 14.6367799 ], [ -88.1703081, 14.6367903 ], [ -88.1701511, 14.6367384 ], [ -88.1699808, 14.6366567 ], [ -88.1698749, 14.6366009 ], [ -88.1696925, 14.636523 ], [ -88.1695906, 14.6364724 ], [ -88.1695168, 14.6364776 ], [ -88.169431, 14.6365386 ], [ -88.1694048, 14.6365892 ] ] ] } },
{ "type": "Feature", "properties": { "full_id": "w479085577", "osm_id": "479085577", "osm_type": "way", "service": null, "highway": "residential", "layer": null, "bridge": null, "maxspeed": null, "lanes": null, "surface": null, "ref": null, "name": null }, "geometry": { "type": "MultiLineString", "coordinates": [ [ [ -88.1725511, 14.6403522 ], [ -88.1725242, 14.6402782 ], [ -88.1724344, 14.6402081 ], [ -88.1723948, 14.6402613 ], [ -88.1723599, 14.6402483 ], [ -88.1722802, 14.6402782 ], [ -88.1722419, 14.6402704 ], [ -88.1721916, 14.6403314 ], [ -88.1721367, 14.6403398 ], [ -88.1720917, 14.6403158 ], [ -88.1720079, 14.6402762 ], [ -88.1719321, 14.6402548 ], [ -88.1718953, 14.6402613 ], [ -88.1718409, 14.6403028 ], [ -88.1718738, 14.640371 ], [ -88.1718765, 14.6404339 ], [ -88.171849, 14.6404644 ], [ -88.1718148, 14.6404508 ] ] ] } },
{ "type": "Feature", "properties": { "full_id": "w479085578", "osm_id": "479085578", "osm_type": "way", "service": null, "highway": "residential", "layer": null, "bridge": null, "maxspeed": null, "lanes": null, "surface": null, "ref": null, "name": null }, "geometry": { "type": "MultiLineString", "coordinates": [ [ [ -88.1657523, 14.6330909 ], [ -88.1657926, 14.6330494 ], [ -88.1658462, 14.6329624 ], [ -88.1658395, 14.6328924 ], [ -88.165869, 14.632808 ], [ -88.1658811, 14.6326757 ], [ -88.1658543, 14.6325718 ], [ -88.1658569, 14.6324045 ], [ -88.1659334, 14.6323006 ], [ -88.1660956, 14.6322163 ], [ -88.1661708, 14.6321852 ], [ -88.1662391, 14.6320865 ], [ -88.1661976, 14.6319944 ], [ -88.1661989, 14.6319114 ], [ -88.1662995, 14.6317712 ], [ -88.1663652, 14.6316674 ], [ -88.1663625, 14.6315 ], [ -88.1664135, 14.6314183 ], [ -88.1665194, 14.6314235 ], [ -88.1667005, 14.631378 ], [ -88.1668628, 14.6313404 ], [ -88.1669835, 14.6313638 ], [ -88.1671994, 14.6314118 ], [ -88.1673389, 14.6314624 ], [ -88.1674555, 14.6314728 ], [ -88.1675119, 14.6314196 ], [ -88.1675588, 14.6313417 ], [ -88.1675306, 14.6309914 ], [ -88.1675507, 14.6309083 ], [ -88.167591, 14.6307474 ], [ -88.1676849, 14.630471 ], [ -88.1677358, 14.6303062 ], [ -88.167819, 14.6301219 ], [ -88.1678619, 14.6300155 ], [ -88.1678847, 14.6299001 ], [ -88.1678163, 14.6296276 ], [ -88.1677801, 14.6295043 ], [ -88.1678176, 14.629429 ], [ -88.167882, 14.6293953 ], [ -88.1679719, 14.6293563 ], [ -88.1680711, 14.629272 ], [ -88.168165, 14.6291422 ], [ -88.168228, 14.6289489 ], [ -88.1683205, 14.6288503 ], [ -88.1684721, 14.6288075 ], [ -88.1686209, 14.6288749 ], [ -88.1687215, 14.62898 ], [ -88.1687859, 14.6290319 ], [ -88.1688784, 14.6290371 ], [ -88.1689468, 14.6289774 ], [ -88.1690434, 14.6289242 ], [ -88.1691105, 14.6289178 ], [ -88.1692084, 14.628897 ], [ -88.1693089, 14.6288594 ], [ -88.1693679, 14.6287685 ], [ -88.1694444, 14.6286712 ], [ -88.1694806, 14.6285713 ], [ -88.1695436, 14.6284947 ], [ -88.1696308, 14.6284947 ], [ -88.1697072, 14.6285285 ], [ -88.1698427, 14.6285946 ], [ -88.1698937, 14.6285998 ], [ -88.1699741, 14.6285492 ], [ -88.1700077, 14.6285038 ], [ -88.1700224, 14.6284117 ], [ -88.1699996, 14.628374 ], [ -88.1697998, 14.6281586 ], [ -88.1697622, 14.6280834 ], [ -88.1697609, 14.6279497 ], [ -88.1698105, 14.6278563 ], [ -88.1698642, 14.6278122 ], [ -88.1699688, 14.6278031 ], [ -88.1700425, 14.6278148 ], [ -88.1701284, 14.6278472 ], [ -88.1702008, 14.6279212 ], [ -88.1702812, 14.6279912 ], [ -88.17041, 14.6280912 ], [ -88.1704864, 14.6281327 ], [ -88.1706044, 14.6281872 ], [ -88.1706862, 14.6281755 ], [ -88.170811, 14.6281301 ], [ -88.1709934, 14.6281262 ], [ -88.1711288, 14.6281314 ], [ -88.1713112, 14.6280847 ], [ -88.1715231, 14.6280457 ], [ -88.1717377, 14.6280457 ], [ -88.1719281, 14.6280808 ], [ -88.172073, 14.6280886 ], [ -88.1721977, 14.62806 ], [ -88.1723211, 14.6279964 ], [ -88.1723935, 14.6279056 ], [ -88.1724565, 14.6278174 ], [ -88.1726309, 14.6277966 ], [ -88.172836, 14.6277447 ], [ -88.1729219, 14.6276123 ], [ -88.1730976, 14.6274281 ], [ -88.1732639, 14.6272347 ], [ -88.1733255, 14.627105 ], [ -88.1733859, 14.6269713 ], [ -88.1734784, 14.6268766 ], [ -88.173634, 14.626787 ], [ -88.1737212, 14.6266664 ], [ -88.1737668, 14.6265444 ], [ -88.1738097, 14.6264159 ], [ -88.1738446, 14.6262848 ], [ -88.1738901, 14.6262122 ], [ -88.1738432, 14.6261395 ], [ -88.1737668, 14.6260954 ], [ -88.1736568, 14.6259734 ], [ -88.1736447, 14.625806 ], [ -88.1735964, 14.6256127 ], [ -88.1735696, 14.6254492 ], [ -88.1735455, 14.6252208 ], [ -88.1735844, 14.6251559 ], [ -88.1735911, 14.6249963 ], [ -88.1735911, 14.6248743 ], [ -88.1735334, 14.6247056 ], [ -88.1735361, 14.6245953 ], [ -88.1736045, 14.624411 ], [ -88.1736112, 14.6243033 ], [ -88.1736018, 14.624171 ], [ -88.1735696, 14.6239919 ], [ -88.1736407, 14.6238362 ], [ -88.1737011, 14.6236636 ], [ -88.1737694, 14.6236156 ], [ -88.1738311, 14.6233522 ], [ -88.1738325, 14.6232354 ], [ -88.1738727, 14.623129 ], [ -88.1738325, 14.622981 ], [ -88.1735669, 14.6228097 ], [ -88.173406, 14.6227332 ], [ -88.1733095, 14.6226553 ], [ -88.1732907, 14.6225723 ], [ -88.1733336, 14.6224853 ], [ -88.1734301, 14.6224321 ], [ -88.1734704, 14.6223296 ], [ -88.173461, 14.6221466 ], [ -88.1734248, 14.6220324 ], [ -88.1733095, 14.6218819 ], [ -88.1731941, 14.6217495 ], [ -88.1730828, 14.6216379 ], [ -88.1729541, 14.6214537 ], [ -88.1729286, 14.6213382 ], [ -88.1729514, 14.6212357 ], [ -88.1729983, 14.6211137 ], [ -88.1730654, 14.6209748 ], [ -88.1730654, 14.6208048 ], [ -88.1730466, 14.6206647 ], [ -88.1730627, 14.6204869 ], [ -88.1730621, 14.6204025 ], [ -88.1730613, 14.6203039 ], [ -88.1730278, 14.620191 ], [ -88.1729594, 14.6200872 ], [ -88.1729433, 14.619986 ], [ -88.172887, 14.6198471 ], [ -88.1728454, 14.6197368 ], [ -88.1728012, 14.6197018 ], [ -88.1727797, 14.6195967 ], [ -88.1727167, 14.6194981 ], [ -88.1727609, 14.6194176 ], [ -88.1727958, 14.6193021 ], [ -88.1727569, 14.6192061 ], [ -88.1726979, 14.6191581 ], [ -88.1726469, 14.6190646 ], [ -88.1725987, 14.6189556 ], [ -88.1725812, 14.6188298 ], [ -88.1726161, 14.6187376 ], [ -88.1726764, 14.618665 ], [ -88.1726751, 14.618543 ], [ -88.1726751, 14.6184054 ], [ -88.172659, 14.6183353 ], [ -88.1726724, 14.6182471 ], [ -88.1727167, 14.6181043 ], [ -88.1727422, 14.6179876 ], [ -88.1726966, 14.6178811 ], [ -88.1726912, 14.6178098 ], [ -88.1727556, 14.6176852 ], [ -88.1728374, 14.6176216 ], [ -88.1729326, 14.6174918 ], [ -88.1730265, 14.6172907 ], [ -88.1730957, 14.6171211 ] ] ] } },
{ "type": "Feature", "properties": { "full_id": "w479085579", "osm_id": "479085579", "osm_type": "way", "service": null, "highway": "residential", "layer": null, "bridge": null, "maxspeed": null, "lanes": null, "surface": null, "ref": null, "name": null }, "geometry": { "type": "MultiLineString", "coordinates": [ [ [ -88.172087, 14.6497268 ], [ -88.1721836, 14.649671 ], [ -88.1722788, 14.649684 ], [ -88.1723727, 14.6496178 ], [ -88.1724371, 14.6495672 ], [ -88.1724679, 14.6494647 ], [ -88.1724491, 14.6492545 ], [ -88.17237, 14.6491624 ], [ -88.1722962, 14.6490794 ], [ -88.1722788, 14.6489405 ], [ -88.1721595, 14.6488718 ], [ -88.1720696, 14.648851 ], [ -88.1719717, 14.6487771 ], [ -88.1718389, 14.6487226 ], [ -88.1717169, 14.6486849 ], [ -88.1716686, 14.6486006 ], [ -88.1716096, 14.6485305 ], [ -88.1715157, 14.6484605 ], [ -88.1714607, 14.6483424 ], [ -88.1714406, 14.648258 ], [ -88.1713923, 14.6482191 ], [ -88.1712542, 14.6481776 ], [ -88.1711952, 14.6480323 ], [ -88.1711496, 14.647896 ], [ -88.1711161, 14.6477806 ], [ -88.1711456, 14.6477209 ], [ -88.1712395, 14.6477663 ], [ -88.1714044, 14.647813 ], [ -88.1714862, 14.6478091 ], [ -88.1715734, 14.6477455 ], [ -88.1716954, 14.6476949 ], [ -88.1718242, 14.6477079 ], [ -88.1719207, 14.6477416 ], [ -88.1719918, 14.647682 ], [ -88.1719932, 14.647534 ], [ -88.1719154, 14.6474134 ], [ -88.1718416, 14.6472525 ], [ -88.1717746, 14.6471539 ], [ -88.17167, 14.6470384 ], [ -88.1716123, 14.646967 ], [ -88.171509, 14.6468567 ], [ -88.1714406, 14.646701 ], [ -88.1713575, 14.6465817 ], [ -88.171387, 14.6465051 ], [ -88.1714178, 14.6464441 ], [ -88.1714406, 14.6462754 ], [ -88.1713709, 14.6462119 ], [ -88.1712408, 14.6461081 ], [ -88.1711375, 14.6460302 ], [ -88.1710289, 14.6459809 ], [ -88.1709914, 14.6458395 ], [ -88.1709887, 14.6457279 ], [ -88.171049, 14.6457305 ], [ -88.171167, 14.6458161 ], [ -88.1712421, 14.6458486 ], [ -88.1713374, 14.6458265 ], [ -88.1714312, 14.6457538 ], [ -88.1716002, 14.6457266 ], [ -88.1717397, 14.6455903 ], [ -88.1718014, 14.6455112 ], [ -88.1719811, 14.6455021 ], [ -88.1721554, 14.6454801 ], [ -88.1722748, 14.6453905 ], [ -88.172362, 14.6453347 ], [ -88.1724692, 14.6452984 ], [ -88.1725618, 14.6452491 ], [ -88.1725685, 14.6451518 ], [ -88.1725806, 14.645061 ], [ -88.1726516, 14.645022 ], [ -88.1727536, 14.6451583 ], [ -88.1728609, 14.6452491 ], [ -88.1729923, 14.6453269 ], [ -88.1730446, 14.6453633 ], [ -88.1731009, 14.6453049 ], [ -88.1730821, 14.6451829 ], [ -88.1729936, 14.6450765 ], [ -88.172952, 14.6449455 ], [ -88.1729105, 14.6447703 ], [ -88.1728354, 14.6446574 ], [ -88.172834, 14.6445367 ], [ -88.1728059, 14.6443603 ], [ -88.1727683, 14.6442396 ], [ -88.172653, 14.6442227 ], [ -88.1725899, 14.6441708 ], [ -88.1725376, 14.6440177 ], [ -88.172425, 14.6439308 ], [ -88.1723687, 14.6438348 ], [ -88.1723968, 14.6437556 ], [ -88.1724491, 14.6436687 ], [ -88.1723888, 14.6435195 ], [ -88.1723123, 14.643417 ], [ -88.1722319, 14.643295 ], [ -88.1721876, 14.6432094 ], [ -88.1721916, 14.6431224 ], [ -88.1721407, 14.6430731 ], [ -88.1720642, 14.6430861 ], [ -88.1720133, 14.6432626 ], [ -88.1720119, 14.6433612 ], [ -88.1719355, 14.6433884 ], [ -88.1718671, 14.6433041 ], [ -88.1718108, 14.6432262 ], [ -88.1717008, 14.6431289 ], [ -88.171623, 14.643064 ], [ -88.1715573, 14.642981 ], [ -88.1714755, 14.6428707 ], [ -88.1714822, 14.6427565 ], [ -88.1715023, 14.642545 ], [ -88.1715519, 14.6422544 ], [ -88.1715989, 14.641943 ], [ -88.1716203, 14.6417795 ], [ -88.1717088, 14.6416938 ], [ -88.171792, 14.6414162 ], [ -88.1717383, 14.6412669 ], [ -88.171733, 14.6410723 ], [ -88.1717786, 14.6409763 ], [ -88.1717585, 14.6408971 ], [ -88.1716793, 14.6407609 ], [ -88.1717048, 14.6406571 ], [ -88.1717679, 14.6405507 ], [ -88.1718014, 14.6405085 ], [ -88.1718148, 14.6404508 ], [ -88.171792, 14.6403885 ], [ -88.1717504, 14.6403483 ], [ -88.1716445, 14.6403028 ], [ -88.1715707, 14.6402237 ], [ -88.1714835, 14.6402094 ], [ -88.1714446, 14.6401653 ], [ -88.171454, 14.6400862 ], [ -88.1714594, 14.639994 ], [ -88.1714098, 14.6399097 ], [ -88.1713065, 14.6398215 ], [ -88.1713038, 14.639706 ], [ -88.1713105, 14.6396112 ], [ -88.1712502, 14.6395087 ], [ -88.1713025, 14.6394581 ], [ -88.1713038, 14.6393167 ], [ -88.1712287, 14.6391792 ], [ -88.1712193, 14.6390222 ], [ -88.1711925, 14.6389222 ], [ -88.1711737, 14.6388003 ], [ -88.1712126, 14.6387873 ], [ -88.1713333, 14.6386705 ], [ -88.1714567, 14.6387328 ], [ -88.1715814, 14.6387639 ], [ -88.1716458, 14.6387341 ], [ -88.1716834, 14.6385511 ], [ -88.1715613, 14.6384421 ], [ -88.1713575, 14.6384434 ], [ -88.171226, 14.6384473 ], [ -88.171096, 14.6384006 ], [ -88.17099, 14.6383033 ], [ -88.1709551, 14.6382397 ], [ -88.1708841, 14.6381878 ], [ -88.17075, 14.6381891 ], [ -88.1706494, 14.6381671 ], [ -88.1704844, 14.6380762 ], [ -88.1704187, 14.6379568 ], [ -88.1704053, 14.6377739 ], [ -88.1703718, 14.6376013 ], [ -88.170306, 14.6375403 ], [ -88.1702149, 14.6374456 ], [ -88.1702095, 14.637382 ], [ -88.1702028, 14.6372912 ], [ -88.1701277, 14.6372224 ], [ -88.1700311, 14.6371394 ], [ -88.1699466, 14.6370356 ], [ -88.1698608, 14.6369175 ], [ -88.1698045, 14.6368344 ], [ -88.1697374, 14.6367527 ], [ -88.1696449, 14.6366489 ], [ -88.1695403, 14.63661 ], [ -88.1694048, 14.6365892 ], [ -88.1693472, 14.6365425 ], [ -88.1692265, 14.6364361 ], [ -88.1691125, 14.6363414 ], [ -88.1690548, 14.6361986 ], [ -88.1690749, 14.6361104 ], [ -88.1690253, 14.6359949 ], [ -88.1688295, 14.6357561 ], [ -88.1687557, 14.6356121 ], [ -88.1686914, 14.6355394 ], [ -88.1686243, 14.6354668 ], [ -88.168576, 14.6353798 ], [ -88.1685707, 14.6352008 ], [ -88.1685237, 14.6351086 ], [ -88.1684352, 14.6350321 ], [ -88.1682528, 14.6350632 ], [ -88.1680932, 14.6351281 ], [ -88.1680168, 14.6351956 ], [ -88.1678062, 14.6352696 ], [ -88.1677901, 14.6353344 ], [ -88.1678558, 14.6354343 ], [ -88.1679229, 14.635507 ], [ -88.1679457, 14.6355939 ], [ -88.1679216, 14.6357211 ], [ -88.1678357, 14.6357743 ], [ -88.1678022, 14.6357237 ], [ -88.1677445, 14.6356497 ], [ -88.1676775, 14.6356186 ], [ -88.1676145, 14.6356484 ], [ -88.1675863, 14.63576 ], [ -88.1675487, 14.6358405 ], [ -88.1675145, 14.6358781 ], [ -88.1674649, 14.6359495 ], [ -88.1674193, 14.635978 ], [ -88.167359, 14.6359793 ], [ -88.1672959, 14.6359495 ], [ -88.1672088, 14.6359093 ], [ -88.1670666, 14.6358288 ], [ -88.1669942, 14.6357678 ], [ -88.1669633, 14.6357081 ], [ -88.1668882, 14.6356718 ], [ -88.1667582, 14.6356173 ], [ -88.1666857, 14.6355914 ], [ -88.1665476, 14.635485 ], [ -88.1664604, 14.6353526 ], [ -88.1663733, 14.6352021 ], [ -88.1663263, 14.6350451 ], [ -88.1663438, 14.6349815 ], [ -88.1663666, 14.6348738 ], [ -88.1663169, 14.6347622 ], [ -88.1662499, 14.6346701 ], [ -88.1661345, 14.6345818 ], [ -88.1660366, 14.6343483 ], [ -88.1659709, 14.6341484 ], [ -88.1659454, 14.6339901 ], [ -88.1659454, 14.6338253 ], [ -88.1659133, 14.6337124 ], [ -88.1658408, 14.6335814 ], [ -88.1658127, 14.6334283 ], [ -88.1658113, 14.6333517 ], [ -88.1657765, 14.6331636 ], [ -88.1657523, 14.6330909 ], [ -88.1657081, 14.6329923 ], [ -88.1656853, 14.6328949 ], [ -88.1657054, 14.6327885 ], [ -88.1656517, 14.6326458 ], [ -88.1655498, 14.6325342 ], [ -88.1654895, 14.6324057 ], [ -88.1653674, 14.6322955 ], [ -88.1652065, 14.6321748 ], [ -88.1650509, 14.6321034 ] ] ] } },
{ "type": "Feature", "properties": { "full_id": "w479085581", "osm_id": "479085581", "osm_type": "way", "service": null, "highway": "residential", "layer": null, "bridge": null, "maxspeed": null, "lanes": null, "surface": null, "ref": null, "name": null }, "geometry": { "type": "MultiLineString", "coordinates": [ [ [ -88.172592, 14.6438439 ], [ -88.1726617, 14.6439269 ], [ -88.172655, 14.6440878 ], [ -88.1726912, 14.6441734 ], [ -88.1727683, 14.6442396 ] ] ] } },
{ "type": "Feature", "properties": { "full_id": "w479220980", "osm_id": "479220980", "osm_type": "way", "service": null, "highway": "residential", "layer": null, "bridge": null, "maxspeed": null, "lanes": null, "surface": null, "ref": null, "name": null }, "geometry": { "type": "MultiLineString", "coordinates": [ [ [ -88.169275840930055, 14.674217594162153 ], [ -88.169388872877207, 14.674213072884266 ], [ -88.169529032491695, 14.674244721829471 ], [ -88.16966014955041, 14.674249243107358 ], [ -88.169741532552365, 14.674213072884266 ], [ -88.169777702775448, 14.674190466494833 ], [ -88.169935947501486, 14.674199509050606 ], [ -88.170048979448637, 14.674158817549628 ], [ -88.170130362450607, 14.674118126048649 ], [ -88.17025695823142, 14.674032221768805 ], [ -88.17035642634491, 14.673892062154321 ], [ -88.170573447683466, 14.673837806819684 ], [ -88.170808554133572, 14.673801636596592 ], [ -88.170835681800881, 14.673801636596592 ], [ -88.170980362693257, 14.673765466373499 ], [ -88.171161213808716, 14.673729296150407 ], [ -88.171287809589529, 14.673656955704223 ], [ -88.171541001151184, 14.673485147144536 ], [ -88.171649511820462, 14.673376636475259 ], [ -88.171748979933966, 14.673159615136706 ], [ -88.171776107601275, 14.673060147023204 ], [ -88.171767065045501, 14.672915466130835 ], [ -88.171739937378192, 14.672797912905786 ], [ -88.171676639487771, 14.672662274569189 ], [ -88.171613341597364, 14.672589934123005 ], [ -88.17149578837234, 14.672318657449814 ], [ -88.171486745816566, 14.672173976557445 ], [ -88.171396320258836, 14.671902699884255 ], [ -88.17133302236843, 14.671703763657248 ], [ -88.171296852145332, 14.671577167876427 ], [ -88.171323979812655, 14.67144152953983 ], [ -88.171351107479964, 14.671387274205193 ], [ -88.171369192591513, 14.671242593312824 ], [ -88.171342064924204, 14.671070784753136 ], [ -88.171278767033783, 14.670908018749222 ], [ -88.171125043585647, 14.6707814229684 ], [ -88.171034618027917, 14.67069099741067 ], [ -88.170826639245135, 14.670600571852939 ], [ -88.170582490239269, 14.67045589096057 ], [ -88.170528234904609, 14.670338337735522 ], [ -88.170238873119871, 14.670175571731608 ], [ -88.169994724114005, 14.669904295058416 ], [ -88.169877170888952, 14.669868124835325 ], [ -88.169678234661944, 14.669795784389141 ], [ -88.169434085656079, 14.669813869500686 ], [ -88.169262277096379, 14.669786741833367 ], [ -88.169126638759792, 14.669750571610274 ], [ -88.169045255757837, 14.669750571610274 ], [ -88.16899100042319, 14.669768656721821 ], [ -88.168882489753912, 14.669831954612233 ], [ -88.168755893973099, 14.669886209946871 ], [ -88.168538872634542, 14.669895252502643 ], [ -88.168448447076813, 14.669859082279551 ], [ -88.168168127847835, 14.669714401387184 ], [ -88.167914936286181, 14.669696316275637 ], [ -88.167725042614947, 14.669705358831411 ], [ -88.167598446834134, 14.669768656721821 ], [ -88.167553234055262, 14.66982291205646 ], [ -88.167245787158976, 14.669859082279553 ], [ -88.167083021155065, 14.669877167391098 ], [ -88.166974510485787, 14.669877167391098 ], [ -88.166757489147244, 14.669859082279553 ], [ -88.166676106145275, 14.66991333761419 ], [ -88.16656759547601, 14.669868124835325 ], [ -88.166549510364462, 14.669813869500686 ], [ -88.166549510364462, 14.669768656721821 ], [ -88.166513340141364, 14.669696316275637 ], [ -88.166422914583634, 14.669605890717907 ], [ -88.166350574137454, 14.669569720494815 ], [ -88.166260148579724, 14.669569720494815 ], [ -88.16616068046622, 14.669596848162135 ], [ -88.166061212352716, 14.669642060940999 ], [ -88.16591653146034, 14.669651103496772 ], [ -88.16582610590261, 14.669633018385227 ], [ -88.165753765456429, 14.669605890717907 ], [ -88.165627169675602, 14.669651103496772 ], [ -88.165500573894789, 14.669678231164092 ], [ -88.165283552556232, 14.669542592827495 ], [ -88.165138871663871, 14.669470252381311 ], [ -88.164849509879133, 14.669415997046674 ], [ -88.164533020427072, 14.669298443821624 ], [ -88.1642309, 14.6691355 ], [ -88.1641223, 14.6690577 ], [ -88.1639949, 14.6690071 ], [ -88.1638366, 14.6690317 ], [ -88.1636609, 14.6691537 ], [ -88.1635737, 14.6692497 ], [ -88.163508, 14.6693729 ], [ -88.1634164, 14.6694718 ], [ -88.1633297, 14.6695287 ], [ -88.1631325, 14.669622 ], [ -88.1629073, 14.6696337 ], [ -88.1627155, 14.6696233 ], [ -88.1623864, 14.6695652 ], [ -88.1622577, 14.6695678 ], [ -88.1621826, 14.6695938 ], [ -88.1619832, 14.6696712 ] ] ] } },
{ "type": "Feature", "properties": { "full_id": "w479220981", "osm_id": "479220981", "osm_type": "way", "service": null, "highway": "residential", "layer": null, "bridge": null, "maxspeed": null, "lanes": null, "surface": null, "ref": null, "name": null }, "geometry": { "type": "MultiLineString", "coordinates": [ [ [ -88.1626223, 14.6669149 ], [ -88.1624687, 14.6669183 ], [ -88.162352, 14.6668326 ], [ -88.1623681, 14.6669585 ], [ -88.1622595, 14.6670882 ], [ -88.1621951, 14.6672193 ], [ -88.1621696, 14.6673217 ], [ -88.1621495, 14.6675164 ], [ -88.1621361, 14.667794 ], [ -88.1620945, 14.6679082 ], [ -88.1621166, 14.6680754 ] ] ] } },
{ "type": "Feature", "properties": { "full_id": "w479220982", "osm_id": "479220982", "osm_type": "way", "service": null, "highway": "residential", "layer": null, "bridge": null, "maxspeed": null, "lanes": null, "surface": null, "ref": null, "name": null }, "geometry": { "type": "MultiLineString", "coordinates": [ [ [ -88.1746552, 14.6565795 ], [ -88.1747156, 14.6565206 ], [ -88.1748605, 14.6564752 ], [ -88.1749101, 14.6563935 ], [ -88.1750201, 14.6561093 ], [ -88.1750603, 14.6560613 ], [ -88.175067, 14.6561132 ], [ -88.1751555, 14.6562417 ], [ -88.1752293, 14.6562975 ], [ -88.1753232, 14.6563961 ], [ -88.1753849, 14.6564246 ], [ -88.1754161, 14.6564527 ] ] ] } },
{ "type": "Feature", "properties": { "full_id": "w479220984", "osm_id": "479220984", "osm_type": "way", "service": null, "highway": "unclassified", "layer": null, "bridge": null, "maxspeed": null, "lanes": null, "surface": null, "ref": null, "name": null }, "geometry": { "type": "MultiLineString", "coordinates": [ [ [ -88.1771786, 14.6957518 ], [ -88.1771772, 14.6956441 ], [ -88.1772188, 14.6955611 ], [ -88.1772483, 14.6954327 ], [ -88.1773315, 14.69529 ], [ -88.1774025, 14.6951979 ], [ -88.1774401, 14.6951395 ], [ -88.1775299, 14.6951084 ], [ -88.1775916, 14.6951486 ], [ -88.1776279, 14.6952057 ], [ -88.1776292, 14.6952666 ], [ -88.1776574, 14.6953393 ], [ -88.1776949, 14.6953873 ], [ -88.1777392, 14.6954729 ], [ -88.1778049, 14.6955144 ], [ -88.1779309, 14.6955326 ], [ -88.177994, 14.6955507 ], [ -88.1780463, 14.6955455 ], [ -88.1781066, 14.695587 ], [ -88.1781603, 14.6956078 ], [ -88.1782032, 14.6956882 ], [ -88.1782394, 14.6957323 ], [ -88.1783011, 14.6959347 ], [ -88.1783333, 14.6961332 ], [ -88.1784137, 14.6963265 ], [ -88.1784647, 14.6963822 ], [ -88.1785505, 14.6963394 ], [ -88.1787289, 14.6963291 ], [ -88.1787973, 14.6963797 ], [ -88.1788858, 14.6963939 ], [ -88.1789247, 14.6963732 ], [ -88.1790132, 14.696381 ], [ -88.1791111, 14.6964212 ], [ -88.1792211, 14.6964108 ], [ -88.1793378, 14.6963913 ], [ -88.1793994, 14.6964082 ], [ -88.1794437, 14.6963784 ], [ -88.1795108, 14.696381 ], [ -88.179551, 14.6963213 ], [ -88.1796073, 14.6963057 ], [ -88.1796958, 14.6962629 ], [ -88.1798366, 14.696224 ], [ -88.180131, 14.6963472 ], [ -88.1803027, 14.6962558 ], [ -88.1803979, 14.6962901 ], [ -88.1804891, 14.6963213 ], [ -88.1805897, 14.6963213 ], [ -88.1806058, 14.6964043 ], [ -88.1807184, 14.6964238 ], [ -88.1808686, 14.6963394 ], [ -88.1809558, 14.6962551 ], [ -88.1810483, 14.6961293 ], [ -88.1811006, 14.6962266 ], [ -88.1811757, 14.6962123 ], [ -88.1812307, 14.6961345 ], [ -88.1813756, 14.6960631 ], [ -88.1814761, 14.6960683 ], [ -88.1815204, 14.6959853 ], [ -88.1815378, 14.6959308 ], [ -88.1815097, 14.6956882 ], [ -88.1815285, 14.6956091 ], [ -88.1815821, 14.695539 ], [ -88.1815995, 14.6954742 ], [ -88.181743, 14.6954119 ], [ -88.1817819, 14.695351 ], [ -88.1819455, 14.6953146 ], [ -88.1821065, 14.6952355 ], [ -88.1822741, 14.695168 ], [ -88.1824753, 14.6950707 ], [ -88.1826322, 14.6949384 ], [ -88.1828038, 14.6948956 ], [ -88.1829393, 14.6948684 ], [ -88.1830734, 14.6948814 ], [ -88.183284, 14.6947257 ], [ -88.1835079, 14.6947036 ], [ -88.1838016, 14.6946089 ], [ -88.1838673, 14.6945402 ], [ -88.1840162, 14.6944935 ], [ -88.1841691, 14.6944974 ], [ -88.1843917, 14.6944014 ], [ -88.1845593, 14.6944182 ], [ -88.1846237, 14.6945077 ], [ -88.1846868, 14.6945544 ], [ -88.1849308, 14.6946115 ], [ -88.1850623, 14.6947179 ], [ -88.1852487, 14.6947425 ], [ -88.1853707, 14.6947931 ], [ -88.1854941, 14.6949151 ], [ -88.1856121, 14.6950279 ], [ -88.185706, 14.695098 ], [ -88.1857556, 14.695373 ], [ -88.1858414, 14.6955429 ], [ -88.1860936, 14.6957414 ], [ -88.1863819, 14.6959347 ], [ -88.1866474, 14.6960164 ], [ -88.1867668, 14.6961293 ], [ -88.1868929, 14.6962888 ], [ -88.1870417, 14.6963459 ], [ -88.187196, 14.6963654 ], [ -88.1874092, 14.6964484 ], [ -88.1875594, 14.6965561 ], [ -88.1875996, 14.6967623 ], [ -88.187727, 14.6969958 ], [ -88.1877686, 14.6971528 ], [ -88.1878276, 14.6972332 ], [ -88.1878625, 14.6972229 ], [ -88.1879121, 14.697289 ], [ -88.1879416, 14.6974719 ], [ -88.1880891, 14.6976224 ], [ -88.1882058, 14.6976003 ], [ -88.1883413, 14.6976678 ], [ -88.1884794, 14.6976756 ], [ -88.1886189, 14.6977469 ], [ -88.1887208, 14.6980583 ], [ -88.1886752, 14.6981802 ], [ -88.18882, 14.6983125 ], [ -88.1890453, 14.6982528 ], [ -88.1891687, 14.6981413 ], [ -88.1894182, 14.6980245 ], [ -88.1894825, 14.6978792 ], [ -88.189622, 14.6980012 ], [ -88.1896757, 14.6981776 ], [ -88.1898473, 14.698367 ], [ -88.1899895, 14.6984319 ], [ -88.1901906, 14.6985616 ], [ -88.1906547, 14.6985823 ], [ -88.1910972, 14.6986472 ], [ -88.1914996, 14.6987095 ], [ -88.1921594, 14.6987017 ], [ -88.1925724, 14.6985434 ], [ -88.1925778, 14.6986835 ], [ -88.1927119, 14.6989533 ], [ -88.1930016, 14.6991505 ], [ -88.1931867, 14.6994229 ], [ -88.1934334, 14.6997395 ], [ -88.1936426, 14.6998017 ], [ -88.193825, 14.7001338 ], [ -88.1939994, 14.7003388 ], [ -88.1942301, 14.7005878 ], [ -88.1943964, 14.7006293 ], [ -88.1944312, 14.7007124 ], [ -88.1949677, 14.7007642 ], [ -88.1951179, 14.7010548 ], [ -88.1952493, 14.7011469 ], [ -88.1954974, 14.7012676 ], [ -88.1956087, 14.7014232 ], [ -88.1961492, 14.701693 ], [ -88.1965756, 14.7016982 ], [ -88.1968693, 14.7015802 ], [ -88.1970209, 14.701527 ], [ -88.1971724, 14.7013791 ], [ -88.1974621, 14.7012896 ], [ -88.1976566, 14.7012896 ], [ -88.1978497, 14.7013687 ], [ -88.1983472, 14.7015088 ], [ -88.1986114, 14.701628 ] ] ] } },
{ "type": "Feature", "properties": { "full_id": "w479220986", "osm_id": "479220986", "osm_type": "way", "service": null, "highway": "residential", "layer": null, "bridge": null, "maxspeed": null, "lanes": null, "surface": null, "ref": null, "name": null }, "geometry": { "type": "MultiLineString", "coordinates": [ [ [ -88.175199, 14.6554773 ], [ -88.1753303, 14.6556729 ] ] ] } },
{ "type": "Feature", "properties": { "full_id": "w479220988", "osm_id": "479220988", "osm_type": "way", "service": null, "highway": "residential", "layer": null, "bridge": null, "maxspeed": null, "lanes": null, "surface": null, "ref": null, "name": null }, "geometry": { "type": "MultiLineString", "coordinates": [ [ [ -88.1791782, 14.6680152 ], [ -88.1792291, 14.6679672 ], [ -88.1792808, 14.6679692 ], [ -88.1793243, 14.6679283 ], [ -88.1793847, 14.6678654 ], [ -88.1794323, 14.6678368 ], [ -88.1794766, 14.6678355 ], [ -88.1795624, 14.6677998 ], [ -88.1795785, 14.6677629 ], [ -88.1795926, 14.6677188 ], [ -88.1796496, 14.6676753 ], [ -88.1797233, 14.6676156 ], [ -88.1797515, 14.6675793 ], [ -88.1797978, 14.6675527 ], [ -88.1798561, 14.6675066 ], [ -88.1799138, 14.6674781 ], [ -88.1800573, 14.6674794 ], [ -88.1801753, 14.6674106 ], [ -88.1802095, 14.6673276 ], [ -88.1802337, 14.6672341 ] ] ] } },
{ "type": "Feature", "properties": { "full_id": "w479220989", "osm_id": "479220989", "osm_type": "way", "service": null, "highway": "residential", "layer": null, "bridge": null, "maxspeed": null, "lanes": null, "surface": null, "ref": null, "name": null }, "geometry": { "type": "MultiLineString", "coordinates": [ [ [ -88.1793083, 14.6547898 ], [ -88.1789636, 14.6550246 ], [ -88.1788536, 14.6550156 ], [ -88.1787624, 14.655131 ], [ -88.1787007, 14.6551751 ], [ -88.178462, 14.6554567 ], [ -88.1783762, 14.6553944 ], [ -88.1782059, 14.6554035 ], [ -88.1779832, 14.6554411 ], [ -88.1777338, 14.6555423 ], [ -88.1774291, 14.6558014 ] ] ] } },
{ "type": "Feature", "properties": { "full_id": "w479220990", "osm_id": "479220990", "osm_type": "way", "service": null, "highway": "residential", "layer": null, "bridge": null, "maxspeed": null, "lanes": null, "surface": null, "ref": null, "name": null }, "geometry": { "type": "MultiLineString", "coordinates": [ [ [ -88.1769982, 14.6625226 ], [ -88.1770693, 14.6625674 ], [ -88.1771504, 14.6625862 ], [ -88.1772061, 14.6626121 ], [ -88.1772423, 14.6626439 ], [ -88.1773026, 14.6626906 ], [ -88.1773851, 14.6627257 ], [ -88.1774662, 14.6627276 ], [ -88.1775112, 14.6627114 ], [ -88.1775628, 14.6627114 ], [ -88.1776158, 14.6627432 ], [ -88.1776956, 14.6628132 ], [ -88.1777506, 14.6628788 ], [ -88.1778283, 14.6629066 ], [ -88.1778887, 14.6629696 ], [ -88.1778686, 14.6630377 ], [ -88.1778719, 14.6630727 ], [ -88.1778853, 14.6631201 ], [ -88.177882, 14.6631895 ], [ -88.1778096, 14.6632608 ], [ -88.1777921, 14.6633523 ], [ -88.1779342, 14.6635883 ] ] ] } },
{ "type": "Feature", "properties": { "full_id": "w479220991", "osm_id": "479220991", "osm_type": "way", "service": null, "highway": "residential", "layer": null, "bridge": null, "maxspeed": null, "lanes": null, "surface": null, "ref": null, "name": null }, "geometry": { "type": "MultiLineString", "coordinates": [ [ [ -88.2018241, 14.6491275 ], [ -88.2019273, 14.649269 ], [ -88.2019769, 14.6494143 ], [ -88.2021339, 14.649522 ], [ -88.2020976, 14.6497205 ], [ -88.2020279, 14.6499216 ], [ -88.2019702, 14.6502226 ], [ -88.2019448, 14.6505016 ], [ -88.2019206, 14.6506703 ], [ -88.2018911, 14.6507144 ], [ -88.2019796, 14.6507948 ], [ -88.202044, 14.650896 ], [ -88.2020172, 14.6510219 ], [ -88.201816, 14.6513203 ], [ -88.2017423, 14.6515162 ], [ -88.2016162, 14.6517693 ], [ -88.2015867, 14.6519457 ], [ -88.2016229, 14.6520534 ], [ -88.2016886, 14.6521896 ], [ -88.2017355, 14.6523492 ], [ -88.2016645, 14.6523726 ], [ -88.2017087, 14.6524414 ], [ -88.2016778, 14.652471 ] ] ] } },
{ "type": "Feature", "properties": { "full_id": "w479220992", "osm_id": "479220992", "osm_type": "way", "service": null, "highway": "residential", "layer": null, "bridge": null, "maxspeed": null, "lanes": null, "surface": null, "ref": null, "name": null }, "geometry": { "type": "MultiLineString", "coordinates": [ [ [ -88.1809741, 14.659278 ], [ -88.1809403, 14.6593387 ], [ -88.1808921, 14.6593802 ], [ -88.1806882, 14.6594736 ], [ -88.1804294, 14.6596073 ], [ -88.1801961, 14.6597292 ], [ -88.1799748, 14.6598161 ], [ -88.179783, 14.6598914 ], [ -88.1796797, 14.6599239 ], [ -88.1795604, 14.6599459 ], [ -88.1794383, 14.6599381 ], [ -88.1792224, 14.6598694 ], [ -88.1791516, 14.6598644 ], [ -88.1790816, 14.6598875 ], [ -88.1788174, 14.6601548 ], [ -88.1787249, 14.6602702 ], [ -88.1786618, 14.6603157 ], [ -88.1785948, 14.6603442 ], [ -88.1784449, 14.6603524 ], [ -88.1783037, 14.6602923 ], [ -88.1780839, 14.6601496 ], [ -88.1780329, 14.6600912 ], [ -88.177931, 14.6599615 ], [ -88.1778008, 14.6598421 ], [ -88.1776801, 14.6597526 ], [ -88.177544, 14.6596622 ] ] ] } },
{ "type": "Feature", "properties": { "full_id": "w479220993", "osm_id": "479220993", "osm_type": "way", "service": null, "highway": "residential", "layer": null, "bridge": null, "maxspeed": null, "lanes": null, "surface": null, "ref": null, "name": null }, "geometry": { "type": "MultiLineString", "coordinates": [ [ [ -88.1878799, 14.6460868 ], [ -88.1879141, 14.6461387 ], [ -88.1879725, 14.646236 ], [ -88.1880201, 14.6463145 ], [ -88.1880154, 14.6463476 ], [ -88.1879818, 14.6464177 ], [ -88.1879336, 14.6464813 ], [ -88.1879443, 14.6465091 ], [ -88.1879966, 14.646526 ], [ -88.1880342, 14.646563 ], [ -88.1881676, 14.6465727 ], [ -88.1881837, 14.6466058 ], [ -88.1882682, 14.6465721 ], [ -88.1882863, 14.6466279 ], [ -88.1883386, 14.646637 ], [ -88.1883607, 14.6466168 ], [ -88.1883889, 14.6466357 ], [ -88.1883815, 14.6466752 ], [ -88.1884083, 14.6466927 ], [ -88.1884579, 14.6466824 ], [ -88.1886021, 14.6467505 ], [ -88.1886631, 14.6467291 ], [ -88.1886792, 14.6467531 ], [ -88.1887282, 14.6467505 ], [ -88.1892139, 14.6467611 ], [ -88.1894982, 14.6468546 ], [ -88.1895545, 14.6468857 ], [ -88.1895921, 14.6469428 ], [ -88.1896591, 14.6469791 ], [ -88.1898281, 14.6470181 ], [ -88.1898764, 14.6470181 ], [ -88.1899193, 14.6469895 ], [ -88.1900266, 14.6468286 ], [ -88.1901339, 14.6467093 ] ] ] } },
{ "type": "Feature", "properties": { "full_id": "w479220994", "osm_id": "479220994", "osm_type": "way", "service": null, "highway": "residential", "layer": null, "bridge": null, "maxspeed": null, "lanes": null, "surface": null, "ref": null, "name": null }, "geometry": { "type": "MultiLineString", "coordinates": [ [ [ -88.1606212, 14.6918178 ], [ -88.1605089, 14.6916301 ], [ -88.1604016, 14.6913343 ], [ -88.1603479, 14.6910385 ], [ -88.1602246, 14.6908362 ], [ -88.1600314, 14.6904989 ], [ -88.1598705, 14.6902654 ], [ -88.1598008, 14.6900578 ], [ -88.1598437, 14.6897983 ], [ -88.160069, 14.6894922 ], [ -88.1604767, 14.6891497 ], [ -88.1607181, 14.6890667 ], [ -88.1608146, 14.6890511 ], [ -88.1609273, 14.6890667 ], [ -88.1611472, 14.6890771 ], [ -88.1613135, 14.6890252 ], [ -88.1614262, 14.6889577 ], [ -88.1618339, 14.6888799 ], [ -88.1620485, 14.6887657 ], [ -88.162082, 14.6887242 ], [ -88.1620945, 14.6886377 ], [ -88.1620418, 14.6885737 ], [ -88.1618464, 14.6884587 ], [ -88.161719, 14.6883471 ], [ -88.1614937, 14.6881382 ], [ -88.16144, 14.6879916 ], [ -88.1614508, 14.6878761 ], [ -88.1614695, 14.68781 ], [ -88.1615286, 14.6877386 ], [ -88.1616131, 14.6876972 ], [ -88.1618397, 14.6876737 ], [ -88.1619631, 14.687679 ], [ -88.1621495, 14.6877011 ], [ -88.1622957, 14.6876971 ], [ -88.1624392, 14.6877205 ], [ -88.1625357, 14.6877516 ], [ -88.1625997, 14.6877798 ], [ -88.1627624, 14.6877672 ], [ -88.1628898, 14.6876673 ], [ -88.1629349, 14.6876111 ], [ -88.1629461, 14.6875284 ], [ -88.1629461, 14.6874779 ], [ -88.1628348, 14.6873248 ], [ -88.1626993, 14.6871808 ], [ -88.1626417, 14.6871315 ], [ -88.1625746, 14.687077 ], [ -88.1624768, 14.6870264 ], [ -88.1622943, 14.6869134 ] ] ] } },
{ "type": "Feature", "properties": { "full_id": "w479220995", "osm_id": "479220995", "osm_type": "way", "service": null, "highway": "residential", "layer": null, "bridge": null, "maxspeed": null, "lanes": null, "surface": null, "ref": null, "name": null }, "geometry": { "type": "MultiLineString", "coordinates": [ [ [ -88.200393787166433, 14.692308985260937 ], [ -88.200529425503035, 14.692631503083511 ], [ -88.200583680837667, 14.692842496051549 ], [ -88.200604780134469, 14.693035403908043 ], [ -88.200601765949216, 14.693180084800412 ], [ -88.200574638281921, 14.693318737322265 ], [ -88.200546003521964, 14.693416698343141 ], [ -88.200500790743092, 14.693424233806285 ], [ -88.20044653540846, 14.693460404029377 ], [ -88.200392280073814, 14.693517673549273 ], [ -88.200402829722222, 14.693550829587108 ], [ -88.200383237518039, 14.693586999810201 ], [ -88.200377209147533, 14.693624677125923 ], [ -88.200457085056854, 14.693606592014376 ], [ -88.200509833298867, 14.693618648755407 ], [ -88.200499283650458, 14.693662354441644 ], [ -88.200499283650458, 14.693662354441644 ], [ -88.20044804250108, 14.69369249629422 ], [ -88.200390772981194, 14.693752779999375 ], [ -88.200264177200367, 14.693897460891744 ], [ -88.20017073745737, 14.693999943190507 ], [ -88.200128538863765, 14.694093382933501 ], [ -88.200092368640668, 14.694286290789995 ], [ -88.2001466239753, 14.694394801459271 ], [ -88.200122510493244, 14.694563595833703 ], [ -88.200007971453445, 14.694696219985042 ], [ -88.199881375672632, 14.694877071100503 ], [ -88.199863290561083, 14.695039837104419 ], [ -88.199905489154688, 14.695226716590398 ], [ -88.200026056564994, 14.695329198889159 ], [ -88.200149638160596, 14.695407567705859 ], [ -88.200294319052958, 14.695570333709775 ], [ -88.200475170168431, 14.695823525271422 ], [ -88.200589709208217, 14.695962177793275 ], [ -88.200716304989044, 14.696058631721522 ], [ -88.20086, 14.6963754 ], [ -88.2009646, 14.6964818 ], [ -88.2010585, 14.6966582 ], [ -88.2011122, 14.696915 ], [ -88.2011685, 14.6971849 ], [ -88.2012863, 14.6974226 ], [ -88.2013815, 14.6975031 ], [ -88.2014593, 14.6975692 ], [ -88.2015464, 14.69766 ], [ -88.2016068, 14.6977417 ], [ -88.2017262, 14.6979298 ], [ -88.2018241, 14.6980712 ], [ -88.2018764, 14.698114 ], [ -88.2020614, 14.6982036 ], [ -88.2021473, 14.6982256 ], [ -88.2022881, 14.698284 ], [ -88.2023954, 14.6983566 ], [ -88.2024477, 14.6984461 ], [ -88.2024638, 14.6985304 ], [ -88.2025174, 14.6987069 ], [ -88.2025241, 14.6988509 ], [ -88.2025389, 14.6989884 ], [ -88.2025483, 14.6990857 ], [ -88.2025804, 14.6991998 ], [ -88.2025013, 14.6993529 ], [ -88.2023618, 14.6994982 ], [ -88.2023109, 14.6996324 ], [ -88.2021982, 14.6998141 ], [ -88.2021405, 14.6999087 ], [ -88.2021037, 14.6999626 ], [ -88.2020608, 14.7000425 ] ] ] } },
{ "type": "Feature", "properties": { "full_id": "w479220996", "osm_id": "479220996", "osm_type": "way", "service": null, "highway": "residential", "layer": null, "bridge": null, "maxspeed": null, "lanes": null, "surface": null, "ref": null, "name": null }, "geometry": { "type": "MultiLineString", "coordinates": [ [ [ -88.207859, 14.6908599 ], [ -88.2077397, 14.6910467 ], [ -88.2076297, 14.6912088 ], [ -88.2075023, 14.6913956 ], [ -88.2075023, 14.6915215 ], [ -88.2075157, 14.6916888 ], [ -88.2074889, 14.6918069 ], [ -88.2073467, 14.6918666 ], [ -88.207222, 14.6918367 ], [ -88.2070705, 14.6917693 ], [ -88.2069001, 14.6918575 ], [ -88.2068264, 14.6918627 ], [ -88.2065541, 14.6920663 ], [ -88.2062537, 14.6922895 ], [ -88.2060633, 14.6924438 ], [ -88.2059667, 14.6925139 ], [ -88.2058742, 14.6925191 ], [ -88.2057186, 14.6925139 ], [ -88.2055778, 14.6925411 ], [ -88.2054799, 14.6925307 ], [ -88.2053726, 14.6924776 ], [ -88.2051245, 14.6923634 ], [ -88.2050266, 14.6923478 ], [ -88.2047973, 14.6922596 ], [ -88.2044982, 14.6921753 ], [ -88.2043735, 14.692091 ], [ -88.2040007, 14.6919625 ], [ -88.2037164, 14.6919197 ], [ -88.2034589, 14.6918808 ], [ -88.2032228, 14.6918432 ], [ -88.20296714841831, 14.691819913714614 ] ] ] } },
{ "type": "Feature", "properties": { "full_id": "w479220997", "osm_id": "479220997", "osm_type": "way", "service": null, "highway": "residential", "layer": null, "bridge": null, "maxspeed": null, "lanes": null, "surface": null, "ref": null, "name": null }, "geometry": { "type": "MultiLineString", "coordinates": [ [ [ -88.1753303, 14.6556729 ], [ -88.1752132, 14.6558719 ], [ -88.1751327, 14.6559471 ], [ -88.1750603, 14.6560613 ] ] ] } },
{ "type": "Feature", "properties": { "full_id": "w479220998", "osm_id": "479220998", "osm_type": "way", "service": null, "highway": "unclassified", "layer": null, "bridge": null, "maxspeed": null, "lanes": null, "surface": null, "ref": null, "name": null }, "geometry": { "type": "MultiLineString", "coordinates": [ [ [ -88.1803322, 14.701767 ], [ -88.1803536, 14.7016684 ], [ -88.1802893, 14.7015101 ], [ -88.1801364, 14.7013545 ], [ -88.1801578, 14.7012144 ], [ -88.1802759, 14.7010665 ], [ -88.1804717, 14.7010587 ], [ -88.1807023, 14.7009394 ], [ -88.1808767, 14.7007578 ], [ -88.1810457, 14.7005658 ], [ -88.1811637, 14.7003712 ], [ -88.181507, 14.7001066 ], [ -88.1816223, 14.7001195 ], [ -88.1818208, 14.6999483 ], [ -88.1820461, 14.6997874 ], [ -88.1821749, 14.6995955 ], [ -88.1823143, 14.699336 ], [ -88.1825075, 14.6992063 ], [ -88.1826979, 14.6989884 ], [ -88.1829178, 14.6989235 ], [ -88.1833416, 14.6987834 ], [ -88.1836608, 14.6986407 ], [ -88.1839371, 14.6987056 ], [ -88.1842536, 14.6985836 ], [ -88.1845003, 14.6983761 ], [ -88.1848383, 14.6983968 ], [ -88.1850797, 14.6983242 ], [ -88.1853962, 14.6984124 ], [ -88.1856322, 14.6984332 ], [ -88.1857744, 14.6983294 ], [ -88.185938, 14.698319 ], [ -88.1862465, 14.6981063 ], [ -88.1866944, 14.6978235 ], [ -88.1870511, 14.6976289 ], [ -88.1872362, 14.6976341 ], [ -88.1873944, 14.6977742 ], [ -88.1875688, 14.6978157 ], [ -88.1877512, 14.6978105 ], [ -88.1878652, 14.6977962 ], [ -88.1880409, 14.6976937 ], [ -88.1880891, 14.6976224 ] ] ] } },
{ "type": "Feature", "properties": { "full_id": "w479220999", "osm_id": "479220999", "osm_type": "way", "service": null, "highway": "residential", "layer": null, "bridge": null, "maxspeed": null, "lanes": null, "surface": null, "ref": null, "name": null }, "geometry": { "type": "MultiLineString", "coordinates": [ [ [ -88.1696985, 14.6619302 ], [ -88.1697985, 14.6620471 ], [ -88.169836, 14.662147 ], [ -88.1698722, 14.6622936 ], [ -88.1698589, 14.6624413 ] ] ] } },
{ "type": "Feature", "properties": { "full_id": "w479221000", "osm_id": "479221000", "osm_type": "way", "service": null, "highway": "residential", "layer": null, "bridge": null, "maxspeed": null, "lanes": null, "surface": null, "ref": null, "name": null }, "geometry": { "type": "MultiLineString", "coordinates": [ [ [ -88.160513102021753, 14.701315370810955 ], [ -88.160582428282694, 14.70155349144631 ], [ -88.160687924766719, 14.701743385117545 ], [ -88.160699981507747, 14.701836824860534 ], [ -88.160718066619296, 14.701936292974038 ], [ -88.160718066619296, 14.702071931310636 ], [ -88.160702995693015, 14.702132215015789 ], [ -88.160687924766719, 14.70217139942414 ], [ -88.160681896396227, 14.702276895908158 ], [ -88.160706009878282, 14.70240650587424 ], [ -88.160693953137255, 14.702457747023621 ], [ -88.160609555950046, 14.702451718653105 ], [ -88.1605553006154, 14.70256324350764 ], [ -88.160473917613444, 14.702741080437846 ], [ -88.160467889242923, 14.702846576921866 ], [ -88.160470903428177, 14.702933988294339 ], [ -88.16046487505767, 14.703027428037327 ], [ -88.160401577167249, 14.702970158517431 ], [ -88.160268953015915, 14.702822463439803 ], [ -88.160181541643439, 14.702753137178876 ], [ -88.160073030974161, 14.702674768362176 ], [ -88.159994662157473, 14.702524059099289 ], [ -88.159889165673434, 14.702394449133209 ], [ -88.159795725930437, 14.702297995204963 ], [ -88.159681186890651, 14.70227689590816 ], [ -88.159527463442501, 14.702228668944036 ], [ -88.159385796735393, 14.702210583832489 ], [ -88.159241115843031, 14.702183456165171 ], [ -88.159066293098093, 14.702129200830532 ], [ -88.159015051948714, 14.702059874569605 ], [ -88.159039165430769, 14.701942321344553 ], [ -88.15900600939294, 14.701830796490018 ], [ -88.15891558383521, 14.701752427673318 ], [ -88.158831186647987, 14.701776541155381 ], [ -88.158746789460778, 14.701885051824657 ], [ -88.158644307162007, 14.701948349715069 ], [ -88.158538810677996, 14.701993562493934 ], [ -88.158481541158096, 14.701954378085585 ], [ -88.158445370934999, 14.701782569525896 ], [ -88.158385087229846, 14.701619803521981 ], [ -88.1583193, 14.7015101 ], [ -88.1582429, 14.7013934 ], [ -88.1581597, 14.7012248 ], [ -88.1581436, 14.7010133 ], [ -88.158102, 14.7008914 ], [ -88.15798, 14.7006812 ], [ -88.1578875, 14.7005463 ], [ -88.1578083, 14.7003855 ], [ -88.1577185, 14.7001001 ], [ -88.1576715, 14.6999301 ], [ -88.15763, 14.6997978 ], [ -88.1575723, 14.6996966 ], [ -88.157583, 14.699576 ], [ -88.1576367, 14.6994424 ], [ -88.1576689, 14.6991168 ], [ -88.1577279, 14.699 ], [ -88.1578097, 14.6989079 ], [ -88.1578325, 14.6987497 ], [ -88.1579009, 14.6985733 ], [ -88.1579143, 14.6982892 ], [ -88.1579183, 14.6981114 ], [ -88.1577198, 14.6979221 ], [ -88.1575227, 14.6978338 ], [ -88.1573322, 14.6977275 ], [ -88.1571217, 14.6975939 ], [ -88.1570077, 14.6975005 ], [ -88.1569473, 14.6974576 ], [ -88.1569554, 14.6973941 ], [ -88.15706, 14.6973759 ], [ -88.1572115, 14.6974654 ], [ -88.1573041, 14.697468 ], [ -88.1573135, 14.697398 ], [ -88.15717, 14.6972708 ], [ -88.1569675, 14.697145 ], [ -88.1567878, 14.6969984 ], [ -88.1566577, 14.6968674 ], [ -88.1565745, 14.6967312 ], [ -88.1564954, 14.6965535 ], [ -88.1564552, 14.6963719 ], [ -88.156419, 14.6961228 ], [ -88.1563827, 14.6958154 ], [ -88.1563331, 14.6955209 ], [ -88.1563237, 14.6953548 ], [ -88.1563318, 14.6951914 ], [ -88.1562929, 14.6950344 ], [ -88.1562647, 14.6946595 ], [ -88.1562325, 14.6945363 ], [ -88.1562473, 14.6943521 ], [ -88.1562513, 14.6941795 ], [ -88.1562553, 14.6940433 ], [ -88.1562352, 14.693959 ], [ -88.1562674, 14.6937099 ], [ -88.1561052, 14.6935412 ] ] ] } },
{ "type": "Feature", "properties": { "full_id": "w479221001", "osm_id": "479221001", "osm_type": "way", "service": null, "highway": "residential", "layer": null, "bridge": null, "maxspeed": null, "lanes": null, "surface": null, "ref": null, "name": null }, "geometry": { "type": "MultiLineString", "coordinates": [ [ [ -88.1718001, 14.6526762 ], [ -88.1718926, 14.6528124 ], [ -88.1719892, 14.6529318 ], [ -88.1720616, 14.6530058 ], [ -88.1722118, 14.653142 ], [ -88.172313, 14.6531652 ] ] ] } },
{ "type": "Feature", "properties": { "full_id": "w479221002", "osm_id": "479221002", "osm_type": "way", "service": null, "highway": "residential", "layer": null, "bridge": null, "maxspeed": null, "lanes": null, "surface": null, "ref": null, "name": null }, "geometry": { "type": "MultiLineString", "coordinates": [ [ [ -88.1655955, 14.685938 ], [ -88.1654848, 14.6860107 ], [ -88.1653681, 14.6860574 ], [ -88.1652508, 14.6860638 ], [ -88.1651462, 14.6860982 ], [ -88.1649839, 14.6861209 ], [ -88.1649028, 14.6861404 ], [ -88.1648223, 14.686132 ], [ -88.1647633, 14.6861015 ], [ -88.1647177, 14.6860321 ], [ -88.1646855, 14.685988 ], [ -88.1646158, 14.6859179 ], [ -88.1645434, 14.6858641 ], [ -88.164485, 14.6857882 ], [ -88.1644481, 14.6856837 ], [ -88.1643898, 14.6856001 ], [ -88.1643684, 14.6854885 ], [ -88.1643556, 14.685397 ], [ -88.1644099, 14.6853036 ], [ -88.1645239, 14.6852303 ], [ -88.1646393, 14.6851201 ], [ -88.1645856, 14.68498 ], [ -88.1645186, 14.6849268 ], [ -88.1643865, 14.6849637 ], [ -88.1642926, 14.6849599 ], [ -88.1641565, 14.6848872 ], [ -88.1640492, 14.684882 ], [ -88.1639177, 14.684845 ], [ -88.1636817, 14.6847257 ], [ -88.1635603, 14.6847108 ], [ -88.1634269, 14.6845532 ], [ -88.163278, 14.6844889 ], [ -88.163103, 14.6844027 ], [ -88.1630413, 14.6843287 ], [ -88.1630112, 14.6842632 ], [ -88.162934, 14.6842645 ], [ -88.1629005, 14.684293 ], [ -88.1628851, 14.6843845 ], [ -88.1630132, 14.684594 ], [ -88.1630675, 14.6847056 ], [ -88.1631272, 14.6848671 ], [ -88.163221, 14.6849903 ], [ -88.1634463, 14.6852252 ], [ -88.1634852, 14.6855702 ], [ -88.1633417, 14.6857026 ], [ -88.1632425, 14.6856987 ], [ -88.1631003, 14.6855093 ], [ -88.1630118, 14.6853341 ], [ -88.1628871, 14.6852485 ], [ -88.1627329, 14.6852407 ], [ -88.1625558, 14.6852874 ], [ -88.1624244, 14.6852329 ], [ -88.1623225, 14.6852511 ], [ -88.1622514, 14.6853523 ], [ -88.1624606, 14.6854483 ], [ -88.162584, 14.6855417 ], [ -88.1626162, 14.685639 ], [ -88.1626524, 14.6858297 ], [ -88.1627356, 14.6859244 ], [ -88.1627262, 14.686023 ], [ -88.1626377, 14.686154 ], [ -88.1626645, 14.6862941 ], [ -88.1625961, 14.6864135 ], [ -88.1624231, 14.6864355 ], [ -88.1622715, 14.6864576 ], [ -88.1621817, 14.6865627 ], [ -88.1622581, 14.6867067 ], [ -88.162344, 14.6868481 ], [ -88.1622943, 14.6869134 ] ] ] } },
{ "type": "Feature", "properties": { "full_id": "w479221003", "osm_id": "479221003", "osm_type": "way", "service": null, "highway": "residential", "layer": null, "bridge": null, "maxspeed": null, "lanes": null, "surface": null, "ref": null, "name": null }, "geometry": { "type": "MultiLineString", "coordinates": [ [ [ -88.176555, 14.6579102 ], [ -88.176382, 14.6578194 ], [ -88.1762827, 14.6577597 ], [ -88.1762639, 14.6577493 ], [ -88.1761298, 14.6576351 ], [ -88.1760199, 14.6575326 ], [ -88.175926, 14.6574561 ], [ -88.1758461, 14.6573943 ] ] ] } },
{ "type": "Feature", "properties": { "full_id": "w479221005", "osm_id": "479221005", "osm_type": "way", "service": null, "highway": "residential", "layer": null, "bridge": null, "maxspeed": null, "lanes": null, "surface": null, "ref": null, "name": null }, "geometry": { "type": "MultiLineString", "coordinates": [ [ [ -88.1983191, 14.6583085 ], [ -88.1984143, 14.6584058 ], [ -88.1983942, 14.6584876 ], [ -88.1984559, 14.6586095 ], [ -88.1984532, 14.6586614 ], [ -88.1985363, 14.6588522 ], [ -88.1986678, 14.6589235 ], [ -88.1987254, 14.6590052 ], [ -88.1988125, 14.6590174 ] ] ] } },
{ "type": "Feature", "properties": { "full_id": "w479221006", "osm_id": "479221006", "osm_type": "way", "service": null, "highway": "residential", "layer": null, "bridge": null, "maxspeed": null, "lanes": null, "surface": null, "ref": null, "name": null }, "geometry": { "type": "MultiLineString", "coordinates": [ [ [ -88.1750603, 14.6560613 ], [ -88.1749517, 14.6559381 ], [ -88.1748296, 14.6557486 ], [ -88.174658, 14.6555151 ], [ -88.1744809, 14.6553672 ], [ -88.174383, 14.6552426 ], [ -88.1743079, 14.655109 ], [ -88.1742248, 14.6549377 ], [ -88.1741396, 14.6546612 ] ] ] } },
{ "type": "Feature", "properties": { "full_id": "w479221007", "osm_id": "479221007", "osm_type": "way", "service": null, "highway": "residential", "layer": null, "bridge": null, "maxspeed": null, "lanes": null, "surface": null, "ref": null, "name": null }, "geometry": { "type": "MultiLineString", "coordinates": [ [ [ -88.1910925, 14.6480285 ], [ -88.1910537, 14.6479864 ], [ -88.1910255, 14.6479202 ], [ -88.1909994, 14.6478677 ], [ -88.1909774, 14.6478407 ], [ -88.1909128, 14.6478034 ], [ -88.1908968, 14.6477911 ], [ -88.1908712, 14.6477749 ], [ -88.1908277, 14.6477697 ], [ -88.1908001, 14.647649 ] ] ] } },
{ "type": "Feature", "properties": { "full_id": "w479225073", "osm_id": "479225073", "osm_type": "way", "service": null, "highway": "residential", "layer": null, "bridge": null, "maxspeed": null, "lanes": null, "surface": null, "ref": null, "name": null }, "geometry": { "type": "MultiLineString", "coordinates": [ [ [ -88.2039164, 14.7032278 ], [ -88.2039607, 14.7033056 ], [ -88.2040411, 14.7033601 ], [ -88.2041323, 14.7034924 ], [ -88.2042414, 14.7036275 ] ] ] } },
{ "type": "Feature", "properties": { "full_id": "w479231963", "osm_id": "479231963", "osm_type": "way", "service": null, "highway": "residential", "layer": null, "bridge": null, "maxspeed": null, "lanes": null, "surface": null, "ref": null, "name": null }, "geometry": { "type": "MultiLineString", "coordinates": [ [ [ -88.2011742, 14.7028429 ], [ -88.2012326, 14.7028073 ], [ -88.2013023, 14.7027489 ], [ -88.2014116, 14.7026834 ], [ -88.2017085, 14.702443 ] ] ] } },
{ "type": "Feature", "properties": { "full_id": "w479452285", "osm_id": "479452285", "osm_type": "way", "service": null, "highway": "residential", "layer": null, "bridge": null, "maxspeed": null, "lanes": null, "surface": null, "ref": null, "name": null }, "geometry": { "type": "MultiLineString", "coordinates": [ [ [ -88.190273, 14.6378482 ], [ -88.1902385, 14.6378405 ], [ -88.1902157, 14.6378119 ], [ -88.1901489, 14.6376438 ], [ -88.1900859, 14.6375244 ], [ -88.1900624, 14.6374758 ], [ -88.1900215, 14.6374317 ], [ -88.1899753, 14.637368 ], [ -88.1899169, 14.637311 ], [ -88.1898532, 14.6372753 ], [ -88.1895183, 14.6370957 ], [ -88.1894539, 14.6370788 ], [ -88.1894003, 14.637119 ], [ -88.1893399, 14.6371541 ], [ -88.1892997, 14.6371567 ], [ -88.1892796, 14.6371372 ], [ -88.1892809, 14.6370918 ], [ -88.1892622, 14.6370412 ], [ -88.1890623, 14.6367401 ], [ -88.1890422, 14.6366831 ], [ -88.1889376, 14.6366221 ], [ -88.1888169, 14.6365611 ], [ -88.1886372, 14.6364145 ], [ -88.1884518, 14.6363054 ], [ -88.1883579, 14.6362781 ], [ -88.1883043, 14.6362483 ], [ -88.1882111, 14.636138 ], [ -88.1881594, 14.6359803 ], [ -88.1881373, 14.6358824 ], [ -88.1880622, 14.6355904 ], [ -88.1880059, 14.6354658 ], [ -88.1879569, 14.6353315 ], [ -88.1879355, 14.6352666 ], [ -88.1879106, 14.6352057 ], [ -88.1878409, 14.6351285 ], [ -88.187678, 14.6349909 ], [ -88.1855242, 14.6341675 ], [ -88.1854846, 14.6341494 ], [ -88.1854477, 14.6341235 ], [ -88.1854105, 14.6340762 ], [ -88.1854199, 14.6339724 ], [ -88.1854641, 14.6338958 ], [ -88.185495, 14.6338245 ], [ -88.1854883, 14.6337868 ], [ -88.1854655, 14.6337687 ], [ -88.1853917, 14.6337726 ], [ -88.1853515, 14.633757 ], [ -88.1853354, 14.6337064 ], [ -88.1853166, 14.6336117 ], [ -88.1852469, 14.6335559 ], [ -88.1851248, 14.6333534 ], [ -88.1851058, 14.6332904 ], [ -88.1850508, 14.6332521 ] ] ] } },
{ "type": "Feature", "properties": { "full_id": "w479452287", "osm_id": "479452287", "osm_type": "way", "service": null, "highway": "residential", "layer": null, "bridge": null, "maxspeed": null, "lanes": null, "surface": null, "ref": null, "name": null }, "geometry": { "type": "MultiLineString", "coordinates": [ [ [ -88.1936392, 14.63609 ], [ -88.1936714, 14.6361218 ], [ -88.1937257, 14.6361438 ], [ -88.1937538, 14.6361451 ], [ -88.1938014, 14.6361776 ], [ -88.1939295, 14.6362003 ], [ -88.1941246, 14.6361763 ], [ -88.194246, 14.6361243 ], [ -88.1943031, 14.6360413 ], [ -88.19435, 14.6359635 ], [ -88.1943755, 14.6358584 ], [ -88.1944519, 14.6357734 ] ] ] } },
{ "type": "Feature", "properties": { "full_id": "w479452288", "osm_id": "479452288", "osm_type": "way", "service": null, "highway": "residential", "layer": null, "bridge": null, "maxspeed": null, "lanes": null, "surface": null, "ref": null, "name": null }, "geometry": { "type": "MultiLineString", "coordinates": [ [ [ -88.190273, 14.6378482 ], [ -88.190622, 14.6377484 ], [ -88.190787, 14.6377445 ], [ -88.1908426, 14.637751 ], [ -88.1908862, 14.6377782 ], [ -88.1909747, 14.6379365 ], [ -88.1910498, 14.6380637 ], [ -88.1911558, 14.6382129 ], [ -88.191255, 14.6382882 ], [ -88.1913918, 14.6383349 ], [ -88.1915165, 14.6383284 ], [ -88.191644, 14.6382985 ], [ -88.1918639, 14.63827 ], [ -88.1920195, 14.6382181 ], [ -88.1922179, 14.638078 ], [ -88.1924513, 14.6379274 ], [ -88.1927353, 14.6378443 ], [ -88.1929552, 14.6377574 ], [ -88.193084, 14.6377145 ], [ -88.1932275, 14.6376146 ], [ -88.1934568, 14.6375536 ], [ -88.1937894, 14.6373175 ], [ -88.1939624, 14.6371462 ], [ -88.1940724, 14.6370554 ], [ -88.1941542, 14.6369425 ], [ -88.1942588, 14.6368789 ], [ -88.1943687, 14.6367634 ], [ -88.1943795, 14.6367232 ], [ -88.1944827, 14.636635 ], [ -88.1945619, 14.6365571 ], [ -88.1946034, 14.636452 ], [ -88.1945833, 14.6363728 ], [ -88.1945578, 14.6362587 ], [ -88.1945082, 14.6361367 ], [ -88.1945082, 14.6360394 ], [ -88.1944747, 14.6358784 ], [ -88.1944519, 14.6357734 ], [ -88.1944734, 14.635641 ], [ -88.1945149, 14.6354646 ], [ -88.1946182, 14.6353737 ], [ -88.1948046, 14.6350351 ], [ -88.1949441, 14.6350143 ] ] ] } },
{ "type": "Feature", "properties": { "full_id": "w479452289", "osm_id": "479452289", "osm_type": "way", "service": null, "highway": "residential", "layer": null, "bridge": null, "maxspeed": null, "lanes": null, "surface": null, "ref": null, "name": null }, "geometry": { "type": "MultiLineString", "coordinates": [ [ [ -88.1936962, 14.63633 ], [ -88.1937538, 14.6362872 ], [ -88.1937766, 14.6362392 ], [ -88.1938014, 14.6361776 ] ] ] } },
{ "type": "Feature", "properties": { "full_id": "w479452291", "osm_id": "479452291", "osm_type": "way", "service": null, "highway": "residential", "layer": null, "bridge": null, "maxspeed": null, "lanes": null, "surface": null, "ref": null, "name": null }, "geometry": { "type": "MultiLineString", "coordinates": [ [ [ -88.1955154, 14.6339298 ], [ -88.1954563, 14.6340355 ], [ -88.1954402, 14.6341193 ], [ -88.1953645, 14.6341192 ], [ -88.1953102, 14.6342737 ], [ -88.1951881, 14.6344767 ], [ -88.1951459, 14.6346169 ] ] ] } },
{ "type": "Feature", "properties": { "full_id": "w479526565", "osm_id": "479526565", "osm_type": "way", "service": null, "highway": "residential", "layer": null, "bridge": null, "maxspeed": null, "lanes": null, "surface": null, "ref": null, "name": null }, "geometry": { "type": "MultiLineString", "coordinates": [ [ [ -88.1668094, 14.6947497 ], [ -88.1668242, 14.6946589 ], [ -88.1668496, 14.6945525 ], [ -88.1668972, 14.6944195 ], [ -88.1668919, 14.6943099 ], [ -88.1668905, 14.6941646 ], [ -88.1669549, 14.694031 ], [ -88.1670508, 14.6939597 ], [ -88.1671246, 14.6938676 ], [ -88.1672131, 14.6937197 ], [ -88.1672748, 14.69366 ], [ -88.1673955, 14.6936042 ], [ -88.1675936, 14.6934458 ], [ -88.1676419, 14.6932862 ], [ -88.1676406, 14.6930476 ], [ -88.1674998, 14.6929321 ], [ -88.1674582, 14.6928413 ], [ -88.1675467, 14.6926869 ], [ -88.1676795, 14.6925351 ], [ -88.1676124, 14.6922848 ], [ -88.167591, 14.6919903 ], [ -88.1675829, 14.6917555 ], [ -88.1675226, 14.6914545 ], [ -88.1676352, 14.6912262 ] ] ] } },
{ "type": "Feature", "properties": { "full_id": "w479668685", "osm_id": "479668685", "osm_type": "way", "service": null, "highway": "residential", "layer": null, "bridge": null, "maxspeed": null, "lanes": null, "surface": null, "ref": null, "name": null }, "geometry": { "type": "MultiLineString", "coordinates": [ [ [ -88.1980847, 14.6670826 ], [ -88.1981255, 14.6670703 ], [ -88.1981631, 14.6670677 ], [ -88.1982261, 14.6670833 ], [ -88.1982725, 14.6671134 ], [ -88.1984977, 14.6673404 ], [ -88.1985661, 14.6673987 ], [ -88.1986613, 14.6674611 ], [ -88.1987539, 14.6675169 ], [ -88.1989202, 14.6676051 ], [ -88.1990594, 14.6676733 ] ] ] } },
{ "type": "Feature", "properties": { "full_id": "w479668686", "osm_id": "479668686", "osm_type": "way", "service": null, "highway": "residential", "layer": null, "bridge": null, "maxspeed": null, "lanes": null, "surface": null, "ref": null, "name": null }, "geometry": { "type": "MultiLineString", "coordinates": [ [ [ -88.182886862105477, 14.692560420079518 ], [ -88.182991463994469, 14.692786318637841 ], [ -88.182945478602491, 14.693046530350344 ], [ -88.183041307551335, 14.693243121312515 ], [ -88.183102607664395, 14.693427308739862 ], [ -88.1830096, 14.6941239 ], [ -88.1830298, 14.6941719 ], [ -88.1830177, 14.6942485 ], [ -88.1830298, 14.6944249 ], [ -88.1830807, 14.6945507 ], [ -88.1831598, 14.6946649 ], [ -88.1832162, 14.6946792 ], [ -88.183284, 14.6947257 ] ] ] } },
{ "type": "Feature", "properties": { "full_id": "w479674166", "osm_id": "479674166", "osm_type": "way", "service": null, "highway": "unclassified", "layer": null, "bridge": null, "maxspeed": null, "lanes": null, "surface": null, "ref": null, "name": null }, "geometry": { "type": "MultiLineString", "coordinates": [ [ [ -88.195924093030897, 14.679901152495614 ], [ -88.196141293030891, 14.679745652495614 ], [ -88.196241793030893, 14.679722352495613 ], [ -88.196444293030893, 14.679662652495614 ], [ -88.196582393030894, 14.679684652495613 ], [ -88.196888193030901, 14.679776752495613 ], [ -88.19704109303089, 14.679778052495612 ], [ -88.197214093030894, 14.679771652495614 ], [ -88.197326793030896, 14.679765152495612 ], [ -88.197429993030894, 14.679676852495612 ], [ -88.197691493030902, 14.679417452495613 ], [ -88.197806893030901, 14.679326652495613 ], [ -88.197974493030898, 14.679304552495612 ], [ -88.198105893030899, 14.679278652495613 ], [ -88.198241993030891, 14.679250152495612 ], [ -88.198411593030897, 14.679162552495614 ] ] ] } },
{ "type": "Feature", "properties": { "full_id": "w479674168", "osm_id": "479674168", "osm_type": "way", "service": null, "highway": "residential", "layer": null, "bridge": null, "maxspeed": null, "lanes": null, "surface": null, "ref": null, "name": null }, "geometry": { "type": "MultiLineString", "coordinates": [ [ [ -88.196900324872416, 14.666961414980333 ], [ -88.196970860293249, 14.666984926787277 ], [ -88.197102526412138, 14.667008438594221 ], [ -88.19719187127852, 14.667006087413528 ], [ -88.197337644481578, 14.667006087413528 ], [ -88.197396423998939, 14.667017843317 ], [ -88.1974898, 14.6670509 ], [ -88.1975415, 14.6670747 ], [ -88.1976689, 14.6671059 ], [ -88.1977923, 14.6671228 ], [ -88.1978881, 14.6671274 ], [ -88.1979235, 14.6671247 ], [ -88.1979774, 14.6671267 ], [ -88.1980364, 14.6671085 ], [ -88.1980847, 14.6670826 ] ] ] } },
{ "type": "Feature", "properties": { "full_id": "w479742642", "osm_id": "479742642", "osm_type": "way", "service": null, "highway": "residential", "layer": null, "bridge": null, "maxspeed": null, "lanes": null, "surface": null, "ref": null, "name": null }, "geometry": { "type": "MultiLineString", "coordinates": [ [ [ -88.1618913, 14.6754646 ], [ -88.1617236, 14.67551 ], [ -88.1615922, 14.6755437 ], [ -88.1614997, 14.675545 ], [ -88.1613508, 14.6754944 ], [ -88.1612328, 14.6755022 ], [ -88.1611242, 14.675571 ], [ -88.1609874, 14.6754763 ], [ -88.1609351, 14.675427 ], [ -88.1608841, 14.6753271 ], [ -88.1608393, 14.6751526 ] ] ] } },
{ "type": "Feature", "properties": { "full_id": "w479742643", "osm_id": "479742643", "osm_type": "way", "service": null, "highway": "residential", "layer": null, "bridge": null, "maxspeed": null, "lanes": null, "surface": null, "ref": null, "name": null }, "geometry": { "type": "MultiLineString", "coordinates": [ [ [ -88.185458976961598, 14.662254032172418 ], [ -88.185393711760724, 14.6622074141718 ], [ -88.185216563358367, 14.662160796171181 ], [ -88.185002120555524, 14.66213748717087 ], [ -88.184824972153166, 14.662146810770995 ], [ -88.184545264149449, 14.662184105171491 ], [ -88.184349468546856, 14.662212075971862 ], [ -88.184079084143264, 14.662198090571676 ], [ -88.183887950340718, 14.662142148970933 ], [ -88.183720125538485, 14.661988309568889 ], [ -88.183598918736877, 14.661787852166226 ], [ -88.183556962536329, 14.661689954364926 ], [ -88.183445079334831, 14.661540776762944 ], [ -88.182915965027732, 14.661317010359957 ], [ -88.182671220524483, 14.661293701359646 ], [ -88.182433468721243, 14.661320506709984 ], [ -88.182340232720009, 14.66130885220983 ], [ -88.182240004018681, 14.661278550509428 ], [ -88.182158422517588, 14.661224939808715 ], [ -88.182099032755573, 14.661179359057133 ], [ -88.182037995504103, 14.661159013306644 ], [ -88.181929484834839, 14.661134146278268 ], [ -88.181843580554997, 14.661125103722496 ], [ -88.181780282664576, 14.661107018610949 ], [ -88.181707942218395, 14.661082151582574 ], [ -88.1815975, 14.6610692 ], [ -88.1815197, 14.6610497 ], [ -88.1814017, 14.661051 ], [ -88.181293, 14.6610218 ], [ -88.1808531, 14.661016 ], [ -88.1806788, 14.6610439 ], [ -88.1805373, 14.661099 ], [ -88.1804193, 14.6610906 ], [ -88.1801819, 14.6611243 ], [ -88.1800679, 14.661101 ], [ -88.1799499, 14.6610932 ], [ -88.1798238, 14.6610296 ], [ -88.179679, 14.660883 ], [ -88.1795999, 14.6607208 ], [ -88.1795234, 14.6605937 ], [ -88.1793035, 14.6604938 ], [ -88.1790339, 14.6603965 ], [ -88.1786195, 14.6604263 ], [ -88.1784877, 14.6604171 ], [ -88.1784573, 14.660399 ], [ -88.1784449, 14.6603524 ] ] ] } },
{ "type": "Feature", "properties": { "full_id": "w479742645", "osm_id": "479742645", "osm_type": "way", "service": null, "highway": "residential", "layer": null, "bridge": null, "maxspeed": null, "lanes": null, "surface": null, "ref": null, "name": null }, "geometry": { "type": "MultiLineString", "coordinates": [ [ [ -88.1606212, 14.6918178 ], [ -88.1607151, 14.6919955 ], [ -88.1607986, 14.6920686 ], [ -88.1608441, 14.6920867 ], [ -88.1609297, 14.6920772 ], [ -88.1609863, 14.6920841 ], [ -88.1610477, 14.6921097 ], [ -88.1611016, 14.6921827 ], [ -88.1611231, 14.6922839 ], [ -88.1611124, 14.6923488 ], [ -88.1610853, 14.6924638 ], [ -88.1611188, 14.6925636 ], [ -88.1612744, 14.6928815 ], [ -88.1615292, 14.69325 ], [ -88.1616526, 14.6935548 ], [ -88.1616928, 14.6937169 ], [ -88.1617212, 14.6937822 ], [ -88.1617477, 14.6938142 ], [ -88.1618712, 14.6938519 ], [ -88.1619063, 14.6938678 ], [ -88.1619385, 14.6939158 ], [ -88.1619439, 14.6939625 ], [ -88.1618939, 14.6941048 ], [ -88.1619023, 14.6941467 ], [ -88.1619197, 14.694187 ], [ -88.1619465, 14.6942168 ], [ -88.162016, 14.6943227 ], [ -88.1620149, 14.6943738 ], [ -88.1619895, 14.6944166 ], [ -88.1618778, 14.6946003 ], [ -88.1617733, 14.6948702 ], [ -88.1617749, 14.6949796 ], [ -88.161788, 14.6950946 ], [ -88.1618714, 14.6952312 ], [ -88.1619569, 14.6952891 ], [ -88.1620806, 14.6953169 ], [ -88.1621917, 14.6953528 ], [ -88.1623274, 14.6954673 ], [ -88.1624857, 14.6958046 ], [ -88.1624907, 14.6958301 ], [ -88.1625833, 14.6959754 ], [ -88.1628274, 14.696183 ], [ -88.1631841, 14.6962906 ], [ -88.163349, 14.6962387 ], [ -88.1634335, 14.6962673 ], [ -88.1635931, 14.696327 ], [ -88.16369, 14.6963961 ], [ -88.1637594, 14.6964087 ], [ -88.1638053, 14.6963987 ], [ -88.1639367, 14.6963313 ], [ -88.1640075, 14.6963244 ], [ -88.1640548, 14.6963391 ], [ -88.1641161, 14.6963373 ], [ -88.1641604, 14.6963244 ], [ -88.1642278, 14.696317 ], [ -88.1642784, 14.6963231 ], [ -88.1643468, 14.696362 ], [ -88.1644504, 14.6963754 ], [ -88.1645506, 14.6963646 ], [ -88.1647411, 14.6962919 ], [ -88.1648473, 14.6962872 ], [ -88.1650684, 14.6963425 ], [ -88.1651555, 14.6963283 ], [ -88.1655538, 14.6961726 ] ] ] } },
{ "type": "Feature", "properties": { "full_id": "w479742647", "osm_id": "479742647", "osm_type": "way", "service": null, "highway": "residential", "layer": null, "bridge": null, "maxspeed": null, "lanes": null, "surface": null, "ref": null, "name": null }, "geometry": { "type": "MultiLineString", "coordinates": [ [ [ -88.1676352, 14.6912262 ], [ -88.1676868, 14.69116 ], [ -88.1677311, 14.6911335 ], [ -88.1677948, 14.6911075 ], [ -88.1678129, 14.6910439 ], [ -88.1677861, 14.6909771 ], [ -88.1677224, 14.6909382 ], [ -88.1675621, 14.6909188 ], [ -88.1674421, 14.6908656 ], [ -88.1673851, 14.6907709 ], [ -88.1673294, 14.6906392 ], [ -88.1673073, 14.6905711 ], [ -88.1672932, 14.6904634 ], [ -88.1674589, 14.6903771 ], [ -88.1676352, 14.6902883 ], [ -88.1677237, 14.6902066 ], [ -88.1677231, 14.6900814 ], [ -88.1676835, 14.6899017 ], [ -88.167648, 14.6897344 ], [ -88.1675427, 14.6896176 ], [ -88.1673945, 14.6894554 ], [ -88.1672999, 14.6893458 ], [ -88.1672282, 14.6892615 ], [ -88.1670592, 14.689041 ], [ -88.1669425, 14.688884 ], [ -88.1668641, 14.6888146 ], [ -88.1668607, 14.6886836 ], [ -88.1668882, 14.6884974 ], [ -88.1669057, 14.6883508 ], [ -88.1668989, 14.6881582 ], [ -88.1668232, 14.6880349 ], [ -88.1667186, 14.6878935 ], [ -88.1666844, 14.6877716 ], [ -88.1665757, 14.6876276 ], [ -88.1664986, 14.6875089 ], [ -88.1664088, 14.6873467 ], [ -88.1664262, 14.6872339 ], [ -88.1666119, 14.6870133 ], [ -88.1666562, 14.686903 ], [ -88.166628, 14.6866643 ], [ -88.1666428, 14.6864918 ], [ -88.1666079, 14.6863258 ], [ -88.1664363, 14.6861052 ], [ -88.1662941, 14.6858782 ], [ -88.166152, 14.6858029 ], [ -88.1659079, 14.6858795 ], [ -88.1657603, 14.6859469 ], [ -88.1655955, 14.685938 ] ] ] } },
{ "type": "Feature", "properties": { "full_id": "w479742648", "osm_id": "479742648", "osm_type": "way", "service": null, "highway": "residential", "layer": null, "bridge": null, "maxspeed": null, "lanes": null, "surface": null, "ref": null, "name": null }, "geometry": { "type": "MultiLineString", "coordinates": [ [ [ -88.1660004, 14.6854507 ], [ -88.1657912, 14.6855694 ], [ -88.1656671, 14.6856888 ], [ -88.1656256, 14.6858172 ], [ -88.1655955, 14.685938 ] ] ] } },
{ "type": "Feature", "properties": { "full_id": "w479742650", "osm_id": "479742650", "osm_type": "way", "service": null, "highway": "residential", "layer": null, "bridge": null, "maxspeed": null, "lanes": null, "surface": null, "ref": null, "name": null }, "geometry": { "type": "MultiLineString", "coordinates": [ [ [ -88.157414, 14.6649746 ], [ -88.1574991, 14.6648611 ], [ -88.1576654, 14.6647573 ], [ -88.1577607, 14.6646496 ], [ -88.1579484, 14.6645134 ], [ -88.1579203, 14.6643304 ], [ -88.1578076, 14.664202 ], [ -88.1577245, 14.6640268 ] ] ] } },
{ "type": "Feature", "properties": { "full_id": "w479742651", "osm_id": "479742651", "osm_type": "way", "service": null, "highway": "residential", "layer": null, "bridge": null, "maxspeed": null, "lanes": null, "surface": null, "ref": null, "name": null }, "geometry": { "type": "MultiLineString", "coordinates": [ [ [ -88.169836479387911, 14.667322645385212 ], [ -88.169845521943671, 14.666979028265837 ], [ -88.169954032612949, 14.666798177150378 ], [ -88.170035415614905, 14.666517857921413 ], [ -88.169944990057175, 14.666110942911629 ], [ -88.169908819834092, 14.665912006684623 ], [ -88.169881692166769, 14.665676900234525 ], [ -88.169899777278317, 14.665396581005561 ], [ -88.169908819834092, 14.665224772445873 ], [ -88.169890734722543, 14.66500775110732 ], [ -88.169791266609039, 14.664926368105363 ], [ -88.169628500605128, 14.664754559545676 ], [ -88.169556160158933, 14.664591793541762 ], [ -88.169447649489655, 14.664117059363678 ], [ -88.1693662664877, 14.663940729526104 ], [ -88.169257755818421, 14.663705623076002 ], [ -88.1689954, 14.663178 ], [ -88.1690336, 14.6630988 ], [ -88.1692502, 14.6628258 ], [ -88.1692583, 14.6627531 ], [ -88.1692375, 14.6627061 ], [ -88.1691161, 14.6627291 ], [ -88.1690909, 14.6627202 ] ] ] } },
{ "type": "Feature", "properties": { "full_id": "w481356892", "osm_id": "481356892", "osm_type": "way", "service": null, "highway": "residential", "layer": null, "bridge": null, "maxspeed": null, "lanes": null, "surface": null, "ref": null, "name": null }, "geometry": { "type": "MultiLineString", "coordinates": [ [ [ -88.2172662, 14.6670426 ], [ -88.2172092, 14.6670978 ], [ -88.2171374, 14.6671925 ], [ -88.2170764, 14.6672496 ], [ -88.2170181, 14.6673274 ], [ -88.2169671, 14.6674104 ], [ -88.2169282, 14.6675181 ], [ -88.2168786, 14.667583 ], [ -88.216831, 14.6676323 ], [ -88.2167612, 14.6676809 ], [ -88.2167237, 14.6677335 ], [ -88.2167337, 14.6678502 ], [ -88.2167632, 14.6679819 ], [ -88.2168412, 14.6682446 ], [ -88.2168487, 14.6683284 ], [ -88.2169777, 14.6683811 ], [ -88.2169755, 14.668497 ], [ -88.2170154, 14.6686683 ], [ -88.2170717, 14.6689174 ], [ -88.2171388, 14.6689991 ], [ -88.2171709, 14.6691094 ], [ -88.2171388, 14.6691716 ], [ -88.2170744, 14.6691859 ], [ -88.2169389, 14.6691924 ], [ -88.2168799, 14.6692469 ], [ -88.2168719, 14.6693183 ], [ -88.2169041, 14.6693922 ], [ -88.2169329, 14.6694467 ], [ -88.2169128, 14.6695018 ], [ -88.2168551, 14.669557 ], [ -88.2168079, 14.6695483 ] ] ] } },
{ "type": "Feature", "properties": { "full_id": "w481362343", "osm_id": "481362343", "osm_type": "way", "service": null, "highway": "residential", "layer": null, "bridge": null, "maxspeed": null, "lanes": null, "surface": null, "ref": null, "name": null }, "geometry": { "type": "MultiLineString", "coordinates": [ [ [ -88.2037311, 14.7028976 ], [ -88.203666, 14.7028314 ], [ -88.2036157, 14.7027212 ], [ -88.2035735, 14.7026868 ], [ -88.2035205, 14.7026064 ], [ -88.2034568, 14.7025052 ], [ -88.2033965, 14.7023411 ], [ -88.2033535, 14.7022179 ], [ -88.2032892, 14.7021381 ], [ -88.2032228, 14.7020427 ], [ -88.2030887, 14.7019026 ], [ -88.2028808, 14.7017885 ], [ -88.2027735, 14.7016237 ], [ -88.2027293, 14.7014681 ], [ -88.2025522, 14.7013669 ], [ -88.202288, 14.7012956 ], [ -88.2021231, 14.7011801 ], [ -88.2019085, 14.7010374 ], [ -88.2016759, 14.7008378 ] ] ] } },
{ "type": "Feature", "properties": { "full_id": "w481362344", "osm_id": "481362344", "osm_type": "way", "service": null, "highway": "residential", "layer": null, "bridge": null, "maxspeed": null, "lanes": null, "surface": null, "ref": null, "name": null }, "geometry": { "type": "MultiLineString", "coordinates": [ [ [ -88.201537, 14.7035514 ], [ -88.201301, 14.7034722 ], [ -88.20114, 14.70341 ], [ -88.2009778, 14.7033179 ], [ -88.2007082, 14.7034255 ], [ -88.2005862, 14.7034852 ], [ -88.2005647, 14.7033685 ], [ -88.2005459, 14.7032608 ], [ -88.2005526, 14.7030701 ], [ -88.2005325, 14.7028859 ], [ -88.2004903, 14.7028087 ], [ -88.2004259, 14.702714 ], [ -88.2003542, 14.7026064 ], [ -88.2003112, 14.702489 ], [ -88.2003139, 14.7023988 ], [ -88.2003615, 14.7023132 ], [ -88.2004346, 14.7022393 ], [ -88.2004775, 14.7021971 ], [ -88.2005399, 14.7021316 ], [ -88.2006116, 14.7020654 ], [ -88.2006807, 14.7020561 ] ] ] } },
{ "type": "Feature", "properties": { "full_id": "w481362345", "osm_id": "481362345", "osm_type": "way", "service": null, "highway": "residential", "layer": null, "bridge": null, "maxspeed": null, "lanes": null, "surface": null, "ref": null, "name": null }, "geometry": { "type": "MultiLineString", "coordinates": [ [ [ -88.1996823, 14.7026278 ], [ -88.1997896, 14.7025499 ], [ -88.1999196, 14.7024189 ], [ -88.2000551, 14.7023164 ], [ -88.2001302, 14.7021893 ], [ -88.2002462, 14.702047 ] ] ] } },
{ "type": "Feature", "properties": { "full_id": "w1000874949", "osm_id": "1000874949", "osm_type": "way", "service": null, "highway": "unclassified", "layer": null, "bridge": null, "maxspeed": null, "lanes": null, "surface": null, "ref": null, "name": null }, "geometry": { "type": "MultiLineString", "coordinates": [ [ [ -88.2122591, 14.7108617 ], [ -88.2123444, 14.7107489 ], [ -88.2120799, 14.7100585 ], [ -88.2123245, 14.708686 ], [ -88.2121595, 14.7083669 ], [ -88.2115908, 14.7080533 ], [ -88.2114287, 14.7078168 ], [ -88.2109623, 14.7077838 ], [ -88.2093926, 14.7071016 ], [ -88.2090172, 14.7070934 ], [ -88.2088636, 14.7066643 ], [ -88.2087413, 14.7057951 ], [ -88.208201, 14.7050414 ], [ -88.2082238, 14.7044418 ], [ -88.2081242, 14.7043153 ], [ -88.2074559, 14.7040677 ], [ -88.2071829, 14.7042162 ], [ -88.2066341, 14.7048571 ], [ -88.2062597, 14.7048074 ] ] ] } },
{ "type": "Feature", "properties": { "full_id": "w1000874950", "osm_id": "1000874950", "osm_type": "way", "service": null, "highway": "residential", "layer": null, "bridge": null, "maxspeed": null, "lanes": null, "surface": null, "ref": null, "name": null }, "geometry": { "type": "MultiLineString", "coordinates": [ [ [ -88.2145581, 14.7138626 ], [ -88.2146479, 14.7136875 ], [ -88.214656, 14.7135332 ], [ -88.2145259, 14.7133464 ], [ -88.2143743, 14.7131829 ], [ -88.214263, 14.7130234 ], [ -88.2141732, 14.7129002 ], [ -88.2141217, 14.712765 ], [ -88.2138544, 14.7126385 ], [ -88.2135615, 14.7126247 ], [ -88.2133738, 14.7124102 ], [ -88.2130809, 14.7122479 ], [ -88.2130184, 14.7120719 ], [ -88.212697, 14.7119949 ], [ -88.2122648, 14.711596 ], [ -88.2122591, 14.7108617 ], [ -88.2115311, 14.7107736 ], [ -88.2109225, 14.7108314 ], [ -88.2100722, 14.7104656 ], [ -88.2097918, 14.7102475 ], [ -88.2094914, 14.7100893 ], [ -88.2093921, 14.7098791 ], [ -88.2092232, 14.7097287 ], [ -88.2090676, 14.7097001 ], [ -88.208794, 14.7097001 ] ] ] } },
{ "type": "Feature", "properties": { "full_id": "w1000874951", "osm_id": "1000874951", "osm_type": "way", "service": null, "highway": "residential", "layer": null, "bridge": null, "maxspeed": null, "lanes": null, "surface": null, "ref": null, "name": null }, "geometry": { "type": "MultiLineString", "coordinates": [ [ [ -88.2032109, 14.7114163 ], [ -88.2035595, 14.7112 ], [ -88.2038978, 14.7110267 ], [ -88.2040548, 14.7107819 ], [ -88.2041572, 14.7106251 ] ] ] } },
{ "type": "Feature", "properties": { "full_id": "w1000877151", "osm_id": "1000877151", "osm_type": "way", "service": null, "highway": "residential", "layer": null, "bridge": null, "maxspeed": null, "lanes": null, "surface": null, "ref": null, "name": null }, "geometry": { "type": "MultiLineString", "coordinates": [ [ [ -88.2413102, 14.6707584 ], [ -88.2408503, 14.6703093 ], [ -88.2408105, 14.6701828 ], [ -88.2404408, 14.6701828 ], [ -88.2402759, 14.6701002 ], [ -88.2400171, 14.6694537 ] ] ] } },
{ "type": "Feature", "properties": { "full_id": "w1000877152", "osm_id": "1000877152", "osm_type": "way", "service": null, "highway": "unclassified", "layer": null, "bridge": null, "maxspeed": null, "lanes": null, "surface": null, "ref": null, "name": null }, "geometry": { "type": "MultiLineString", "coordinates": [ [ [ -88.256218, 14.6667769 ], [ -88.2555355, 14.6667659 ], [ -88.2551488, 14.6674757 ], [ -88.2547478, 14.6675967 ], [ -88.2545516, 14.6679544 ], [ -88.2541904, 14.6677481 ], [ -88.2538947, 14.6679351 ], [ -88.253397, 14.6684056 ], [ -88.2531126, 14.6687522 ], [ -88.2529193, 14.6687164 ], [ -88.2528141, 14.6684771 ], [ -88.2529193, 14.6678966 ], [ -88.2528908, 14.6676903 ], [ -88.2526975, 14.6676848 ], [ -88.2523135, 14.6678719 ], [ -88.2520377, 14.6677893 ], [ -88.251828, 14.6673336 ], [ -88.251722, 14.6671092 ], [ -88.2515633, 14.6669965 ] ] ] } },
{ "type": "Feature", "properties": { "full_id": "w1001342164", "osm_id": "1001342164", "osm_type": "way", "service": null, "highway": "residential", "layer": null, "bridge": null, "maxspeed": null, "lanes": null, "surface": null, "ref": null, "name": null }, "geometry": { "type": "MultiLineString", "coordinates": [ [ [ -88.1908277, 14.6477697 ], [ -88.190838, 14.6478588 ], [ -88.1908205, 14.6479782 ], [ -88.1907977, 14.6480418 ], [ -88.190787, 14.6481184 ], [ -88.1907816, 14.6482273 ], [ -88.190787, 14.6483311 ], [ -88.1907856, 14.6484181 ], [ -88.1907696, 14.6485491 ], [ -88.1907307, 14.6486464 ], [ -88.1906945, 14.6487178 ], [ -88.1906153, 14.6487969 ], [ -88.1904611, 14.6489293 ], [ -88.1903793, 14.6489994 ], [ -88.1902881, 14.6491148 ], [ -88.1902519, 14.6491953 ], [ -88.1902385, 14.6492705 ], [ -88.1902385, 14.6493575 ], [ -88.1903002, 14.6496728 ], [ -88.19032, 14.6497969 ] ] ] } },
{ "type": "Feature", "properties": { "full_id": "w1005073965", "osm_id": "1005073965", "osm_type": "way", "service": null, "highway": "residential", "layer": null, "bridge": null, "maxspeed": null, "lanes": null, "surface": null, "ref": null, "name": null }, "geometry": { "type": "MultiLineString", "coordinates": [ [ [ -88.0982602, 14.7089644 ], [ -88.0980027, 14.7089956 ], [ -88.097214, 14.7089773 ], [ -88.0971068, 14.7089748 ], [ -88.0969619, 14.7090215 ], [ -88.096919, 14.7090786 ], [ -88.0968278, 14.7092861 ], [ -88.0967849, 14.7093484 ], [ -88.0967205, 14.7093951 ], [ -88.0962377, 14.7094937 ], [ -88.0958515, 14.7096597 ], [ -88.0956744, 14.7098413 ], [ -88.0954437, 14.7102408 ], [ -88.0952292, 14.7108375 ], [ -88.0951594, 14.710962 ], [ -88.0949126, 14.7111073 ], [ -88.0946122, 14.7110761 ], [ -88.094462, 14.7110917 ], [ -88.093829, 14.7110191 ], [ -88.0936734, 14.7109827 ], [ -88.0936359, 14.7109464 ], [ -88.0933408, 14.7108323 ], [ -88.093212, 14.7108219 ], [ -88.0930887, 14.7107908 ], [ -88.0927668, 14.7102979 ] ] ] } },
{ "type": "Feature", "properties": { "full_id": "w1005073966", "osm_id": "1005073966", "osm_type": "way", "service": null, "highway": "residential", "layer": null, "bridge": null, "maxspeed": null, "lanes": null, "surface": null, "ref": null, "name": null }, "geometry": { "type": "MultiLineString", "coordinates": [ [ [ -88.1186888, 14.7148896 ], [ -88.1184421, 14.7148741 ], [ -88.1177769, 14.7150349 ], [ -88.1173852, 14.7150141 ], [ -88.1167737, 14.7148948 ], [ -88.1164035, 14.7148948 ], [ -88.1147941, 14.7151594 ] ] ] } },
{ "type": "Feature", "properties": { "full_id": "w1005073967", "osm_id": "1005073967", "osm_type": "way", "service": null, "highway": "residential", "layer": null, "bridge": null, "maxspeed": null, "lanes": null, "surface": null, "ref": null, "name": null }, "geometry": { "type": "MultiLineString", "coordinates": [ [ [ -88.123914, 14.7043831 ], [ -88.1232381, 14.7035373 ], [ -88.1231362, 14.7033454 ], [ -88.1231898, 14.7029407 ], [ -88.1228089, 14.7026242 ], [ -88.1226748, 14.7024218 ], [ -88.1225782, 14.7022299 ], [ -88.1225031, 14.7021313 ], [ -88.1222778, 14.7019704 ], [ -88.122192, 14.7018874 ], [ -88.1221008, 14.7016903 ], [ -88.1220686, 14.7014724 ], [ -88.1220257, 14.7013219 ], [ -88.1219076, 14.7011195 ], [ -88.1217682, 14.7009639 ], [ -88.1216984, 14.7009172 ], [ -88.1216394, 14.7009068 ], [ -88.1212424, 14.701021 ], [ -88.1208723, 14.7010313 ], [ -88.120663, 14.7009846 ], [ -88.1201534, 14.7008134 ], [ -88.1196223, 14.700803 ], [ -88.1194292, 14.7006993 ], [ -88.119338, 14.7006007 ], [ -88.1193111, 14.7005021 ], [ -88.1193541, 14.6996408 ], [ -88.1194292, 14.6993762 ], [ -88.1193594, 14.6991946 ], [ -88.1190751, 14.6988678 ], [ -88.1187961, 14.6986914 ], [ -88.1186674, 14.6985876 ], [ -88.1185923, 14.6984786 ], [ -88.1185601, 14.6983749 ], [ -88.1185816, 14.6981933 ], [ -88.1187586, 14.6977574 ], [ -88.1187854, 14.6975966 ], [ -88.1187854, 14.6973787 ], [ -88.1185333, 14.6967613 ], [ -88.1184528, 14.696149 ], [ -88.1182436, 14.6956094 ], [ -88.1182007, 14.6955524 ], [ -88.1180129, 14.6954019 ], [ -88.1176105, 14.6951684 ], [ -88.1174121, 14.6949557 ], [ -88.1173209, 14.6947897 ], [ -88.117337, 14.6946392 ], [ -88.1174442, 14.6943279 ], [ -88.1174979, 14.6936793 ], [ -88.1176213, 14.6931709 ], [ -88.1177071, 14.6924601 ], [ -88.1178251, 14.6920294 ], [ -88.1178788, 14.6917077 ], [ -88.1178788, 14.6915936 ], [ -88.1177983, 14.6911681 ], [ -88.1178305, 14.6907116 ], [ -88.1176535, 14.6904106 ], [ -88.1174335, 14.6902654 ], [ -88.1172887, 14.6902083 ], [ -88.1171975, 14.6901408 ], [ -88.1170473, 14.6898866 ] ] ] } },
{ "type": "Feature", "properties": { "full_id": "w1005073969", "osm_id": "1005073969", "osm_type": "way", "service": null, "highway": "residential", "layer": null, "bridge": null, "maxspeed": null, "lanes": null, "surface": null, "ref": null, "name": null }, "geometry": { "type": "MultiLineString", "coordinates": [ [ [ -88.123914, 14.7043831 ], [ -88.1242145, 14.7047411 ], [ -88.1242735, 14.7048345 ], [ -88.1244398, 14.7054311 ] ] ] } },
{ "type": "Feature", "properties": { "full_id": "w1005073970", "osm_id": "1005073970", "osm_type": "way", "service": null, "highway": "residential", "layer": null, "bridge": null, "maxspeed": null, "lanes": null, "surface": null, "ref": null, "name": null }, "geometry": { "type": "MultiLineString", "coordinates": [ [ [ -88.1186888, 14.7148896 ], [ -88.118882, 14.7152217 ], [ -88.1190107, 14.7155849 ], [ -88.1192253, 14.7158495 ], [ -88.119279, 14.7159948 ], [ -88.1192682, 14.7161141 ], [ -88.1192307, 14.7161712 ], [ -88.1191073, 14.7162179 ], [ -88.1181792, 14.7162801 ], [ -88.1181148, 14.7163268 ], [ -88.1180987, 14.7164617 ], [ -88.1181524, 14.7166537 ], [ -88.1181256, 14.7168301 ], [ -88.1180826, 14.7169598 ], [ -88.117852, 14.7174631 ], [ -88.1177715, 14.7177848 ], [ -88.1178251, 14.717956 ], [ -88.117911, 14.7180805 ], [ -88.1180022, 14.7181531 ], [ -88.1182329, 14.7182517 ], [ -88.1183777, 14.7183918 ], [ -88.1185243, 14.7188137 ] ] ] } },
{ "type": "Feature", "properties": { "full_id": "w1005073978", "osm_id": "1005073978", "osm_type": "way", "service": null, "highway": "residential", "layer": null, "bridge": null, "maxspeed": null, "lanes": null, "surface": null, "ref": null, "name": null }, "geometry": { "type": "MultiLineString", "coordinates": [ [ [ -88.1147941, 14.7151594 ], [ -88.1143864, 14.7147807 ], [ -88.1142791, 14.7146043 ], [ -88.1139626, 14.7138883 ], [ -88.1136461, 14.713359 ], [ -88.1135119, 14.7128246 ], [ -88.1133242, 14.7122331 ], [ -88.1133027, 14.7117558 ], [ -88.1132705, 14.7115483 ], [ -88.1131793, 14.7111643 ], [ -88.113072, 14.7108738 ], [ -88.1129701, 14.7100436 ], [ -88.1128682, 14.7095248 ], [ -88.1127072, 14.708731 ], [ -88.1124122, 14.7081187 ] ] ] } },
{ "type": "Feature", "properties": { "full_id": "w1005073980", "osm_id": "1005073980", "osm_type": "way", "service": null, "highway": "residential", "layer": null, "bridge": null, "maxspeed": null, "lanes": null, "surface": null, "ref": null, "name": null }, "geometry": { "type": "MultiLineString", "coordinates": [ [ [ -88.0946122, 14.7110761 ], [ -88.0946015, 14.7108427 ], [ -88.0944996, 14.7104587 ], [ -88.0943601, 14.7103757 ], [ -88.0942045, 14.7103134 ], [ -88.0940382, 14.7103031 ] ] ] } },
{ "type": "Feature", "properties": { "full_id": "w1005073982", "osm_id": "1005073982", "osm_type": "way", "service": null, "highway": "residential", "layer": null, "bridge": null, "maxspeed": null, "lanes": null, "surface": null, "ref": null, "name": null }, "geometry": { "type": "MultiLineString", "coordinates": [ [ [ -88.0936359, 14.7109464 ], [ -88.0939631, 14.7103861 ], [ -88.0940382, 14.7103031 ] ] ] } },
{ "type": "Feature", "properties": { "full_id": "w1005073986", "osm_id": "1005073986", "osm_type": "way", "service": null, "highway": "residential", "layer": null, "bridge": null, "maxspeed": null, "lanes": null, "surface": null, "ref": null, "name": null }, "geometry": { "type": "MultiLineString", "coordinates": [ [ [ -88.0912969, 14.7136029 ], [ -88.0933569, 14.7128765 ], [ -88.0936466, 14.7127572 ] ] ] } },
{ "type": "Feature", "properties": { "full_id": "w1005073990", "osm_id": "1005073990", "osm_type": "way", "service": null, "highway": "residential", "layer": null, "bridge": null, "maxspeed": null, "lanes": null, "surface": null, "ref": null, "name": null }, "geometry": { "type": "MultiLineString", "coordinates": [ [ [ -88.0923945, 14.7109547 ], [ -88.0923805, 14.7111124 ], [ -88.0923107, 14.7113303 ], [ -88.0924127, 14.7115587 ], [ -88.0925844, 14.7119945 ], [ -88.0926595, 14.7120775 ], [ -88.0931262, 14.7121138 ], [ -88.0939309, 14.7118596 ] ] ] } },
{ "type": "Feature", "properties": { "full_id": "w1005073993", "osm_id": "1005073993", "osm_type": "way", "service": null, "highway": "residential", "layer": null, "bridge": null, "maxspeed": null, "lanes": null, "surface": null, "ref": null, "name": null }, "geometry": { "type": "MultiLineString", "coordinates": [ [ [ -88.1274869, 14.705902 ], [ -88.127385, 14.7057736 ], [ -88.1272669, 14.7055712 ], [ -88.1271114, 14.7050783 ], [ -88.1268324, 14.7047566 ], [ -88.1265266, 14.7047411 ], [ -88.1262959, 14.70485 ], [ -88.1261404, 14.70485 ], [ -88.1259151, 14.7048967 ], [ -88.1257595, 14.7049797 ], [ -88.1252928, 14.7054726 ], [ -88.1251694, 14.7055453 ], [ -88.1249065, 14.7055972 ], [ -88.1247348, 14.7055868 ], [ -88.1244398, 14.7054311 ], [ -88.1237263, 14.7053118 ], [ -88.1235707, 14.7053533 ], [ -88.1231308, 14.7055453 ], [ -88.1225407, 14.705675 ], [ -88.1221812, 14.705841 ] ] ] } },
{ "type": "Feature", "properties": { "full_id": "w1005073997", "osm_id": "1005073997", "osm_type": "way", "service": null, "highway": "residential", "layer": null, "bridge": null, "maxspeed": null, "lanes": null, "surface": null, "ref": null, "name": null }, "geometry": { "type": "MultiLineString", "coordinates": [ [ [ -88.0927668, 14.7102979 ], [ -88.092858, 14.7102512 ], [ -88.0929492, 14.7102045 ], [ -88.0930618, 14.71022 ], [ -88.0931799, 14.710246 ], [ -88.0932442, 14.7102408 ], [ -88.0932764, 14.7102252 ], [ -88.0933086, 14.7102045 ], [ -88.0933408, 14.7101733 ], [ -88.0933676, 14.7101318 ], [ -88.0933944, 14.7100644 ], [ -88.0934052, 14.7099866 ], [ -88.0933354, 14.7098828 ], [ -88.0932603, 14.709779 ] ] ] } },
{ "type": "Feature", "properties": { "full_id": "w1005073999", "osm_id": "1005073999", "osm_type": "way", "service": null, "highway": "unclassified", "layer": null, "bridge": null, "maxspeed": null, "lanes": null, "surface": null, "ref": null, "name": null }, "geometry": { "type": "MultiLineString", "coordinates": [ [ [ -88.0992795, 14.7066296 ], [ -88.0991025, 14.7060018 ], [ -88.0989952, 14.7054052 ], [ -88.0989469, 14.7052547 ], [ -88.0987752, 14.7048552 ], [ -88.0987055, 14.7045335 ], [ -88.0987001, 14.7041392 ], [ -88.0987806, 14.7032209 ] ] ] } },
{ "type": "Feature", "properties": { "full_id": "w1005074002", "osm_id": "1005074002", "osm_type": "way", "service": null, "highway": "residential", "layer": null, "bridge": null, "maxspeed": null, "lanes": null, "surface": null, "ref": null, "name": null }, "geometry": { "type": "MultiLineString", "coordinates": [ [ [ -88.09355, 14.7097842 ], [ -88.0937271, 14.7099035 ], [ -88.09377, 14.71008 ], [ -88.0940382, 14.7103031 ] ] ] } },
{ "type": "Feature", "properties": { "full_id": "w1005074003", "osm_id": "1005074003", "osm_type": "way", "service": null, "highway": "residential", "layer": null, "bridge": null, "maxspeed": null, "lanes": null, "surface": null, "ref": null, "name": null }, "geometry": { "type": "MultiLineString", "coordinates": [ [ [ -88.0982602, 14.7089644 ], [ -88.0987323, 14.7091097 ], [ -88.0990971, 14.7094003 ], [ -88.09914, 14.7094988 ], [ -88.0992902, 14.7100748 ], [ -88.0993439, 14.7101941 ], [ -88.0994297, 14.7102149 ], [ -88.0995692, 14.7101785 ], [ -88.0997038, 14.7101785 ], [ -88.099714, 14.7101785 ], [ -88.0998374, 14.7102927 ], [ -88.099875, 14.7103861 ], [ -88.0996496, 14.7108063 ], [ -88.0996014, 14.7109101 ], [ -88.0995531, 14.7115742 ] ] ] } },
{ "type": "Feature", "properties": { "full_id": "w1005074005", "osm_id": "1005074005", "osm_type": "way", "service": null, "highway": "unclassified", "layer": null, "bridge": null, "maxspeed": null, "lanes": null, "surface": null, "ref": null, "name": null }, "geometry": { "type": "MultiLineString", "coordinates": [ [ [ -88.1008138, 14.695734 ], [ -88.1006314, 14.6958325 ], [ -88.1006528, 14.6959104 ], [ -88.1007119, 14.6959986 ], [ -88.1008031, 14.6962061 ], [ -88.1008674, 14.6964551 ], [ -88.1010552, 14.6970259 ], [ -88.1012054, 14.6973009 ], [ -88.101302, 14.697581 ], [ -88.1015434, 14.6985876 ], [ -88.1015648, 14.6987329 ], [ -88.1015595, 14.6988885 ], [ -88.1013502, 14.6997135 ], [ -88.1010498, 14.7003828 ], [ -88.1009694, 14.7005281 ], [ -88.1007279, 14.7008394 ], [ -88.1005134, 14.7010573 ], [ -88.1003202, 14.7012908 ], [ -88.1000949, 14.7016695 ], [ -88.0998803, 14.7019808 ], [ -88.0990756, 14.7028421 ], [ -88.0987806, 14.7032209 ] ] ] } },
{ "type": "Feature", "properties": { "full_id": "w1005074007", "osm_id": "1005074007", "osm_type": "way", "service": null, "highway": "residential", "layer": null, "bridge": null, "maxspeed": null, "lanes": null, "surface": null, "ref": null, "name": null }, "geometry": { "type": "MultiLineString", "coordinates": [ [ [ -88.0932099, 14.7169293 ], [ -88.0932925, 14.7167004 ], [ -88.0933515, 14.7165966 ], [ -88.0933944, 14.7165551 ], [ -88.0941455, 14.7163631 ] ] ] } },
{ "type": "Feature", "properties": { "full_id": "w1087052993", "osm_id": "1087052993", "osm_type": "way", "service": null, "highway": "residential", "layer": null, "bridge": null, "maxspeed": null, "lanes": null, "surface": null, "ref": null, "name": null }, "geometry": { "type": "MultiLineString", "coordinates": [ [ [ -88.177544, 14.6596622 ], [ -88.1770826, 14.6594131 ], [ -88.1767152, 14.6591718 ], [ -88.1764657, 14.6590005 ], [ -88.1762914, 14.6589279 ], [ -88.1761814, 14.6588059 ], [ -88.1760983, 14.6586373 ], [ -88.1759454, 14.658383 ], [ -88.1758113, 14.6582117 ], [ -88.1757925, 14.658069 ], [ -88.1759749, 14.6578354 ], [ -88.175991, 14.6576356 ], [ -88.1758461, 14.6573943 ], [ -88.1757227, 14.6572619 ], [ -88.1755699, 14.6570855 ], [ -88.1752657, 14.656819 ] ] ] } },
{ "type": "Feature", "properties": { "full_id": "w1087052994", "osm_id": "1087052994", "osm_type": "way", "service": null, "highway": "residential", "layer": null, "bridge": null, "maxspeed": null, "lanes": null, "surface": null, "ref": null, "name": null }, "geometry": { "type": "MultiLineString", "coordinates": [ [ [ -88.1698192, 14.6624284 ], [ -88.1697293, 14.662335 ], [ -88.1696043, 14.6623009 ] ] ] } },
{ "type": "Feature", "properties": { "full_id": "w1087052997", "osm_id": "1087052997", "osm_type": "way", "service": null, "highway": "tertiary", "layer": null, "bridge": null, "maxspeed": null, "lanes": null, "surface": "fine_gravel", "ref": "RV-690", "name": "San Pedro Zacapa - Agua Caliente" }, "geometry": { "type": "MultiLineString", "coordinates": [ [ [ -88.1248631, 14.71999 ], [ -88.1245983, 14.7204041 ], [ -88.1244198, 14.7205259 ], [ -88.1242265, 14.7205881 ], [ -88.1239477, 14.7206296 ], [ -88.1236766, 14.7205762 ], [ -88.121696, 14.7195894 ], [ -88.1215914, 14.7195543 ], [ -88.1214861, 14.7195329 ], [ -88.1206472, 14.7194233 ], [ -88.120552, 14.7194 ], [ -88.120498, 14.7193408 ], [ -88.1203508, 14.7190394 ], [ -88.1203026, 14.7189979 ], [ -88.1202314, 14.7189515 ], [ -88.1196883, 14.7187579 ], [ -88.1195985, 14.718754 ], [ -88.1195093, 14.7187733 ], [ -88.1194657, 14.7188072 ], [ -88.1194469, 14.7188565 ], [ -88.1194255, 14.7191289 ], [ -88.1193879, 14.7192975 ], [ -88.1193517, 14.7193727 ], [ -88.1193049, 14.719412 ], [ -88.1192283, 14.7194363 ], [ -88.1191452, 14.7194143 ], [ -88.1190942, 14.7193689 ], [ -88.1190462, 14.7192789 ], [ -88.1188197, 14.7187707 ], [ -88.1187469, 14.7187333 ], [ -88.1186369, 14.7187411 ], [ -88.1185243, 14.7188137 ], [ -88.1184599, 14.7188941 ], [ -88.1184458, 14.7190016 ], [ -88.1184039, 14.7196993 ], [ -88.1182721, 14.7202094 ], [ -88.1181275, 14.7204253 ], [ -88.1179664, 14.7206945 ], [ -88.1179503, 14.7207905 ], [ -88.1179985, 14.7209046 ], [ -88.1181058, 14.7210239 ], [ -88.1184062, 14.7212289 ], [ -88.1185296, 14.7213482 ], [ -88.1186959, 14.7215713 ], [ -88.1188005, 14.721714 ], [ -88.118901, 14.7217992 ], [ -88.1190956, 14.7218956 ], [ -88.1194067, 14.7220979 ], [ -88.1196159, 14.7223781 ], [ -88.1197044, 14.722583 ], [ -88.1197822, 14.7227802 ], [ -88.1198654, 14.7229125 ], [ -88.1202063, 14.7231486 ], [ -88.1203388, 14.7232277 ], [ -88.1204648, 14.7232744 ], [ -88.1206016, 14.7232731 ], [ -88.1206915, 14.7232173 ], [ -88.1207625, 14.7230519 ], [ -88.1208001, 14.7224806 ], [ -88.120831, 14.7223768 ], [ -88.1208978, 14.7222452 ], [ -88.1210294, 14.7221524 ], [ -88.1211635, 14.7221433 ], [ -88.1213191, 14.7221913 ], [ -88.1214854, 14.7223327 ], [ -88.1215693, 14.722519 ], [ -88.1216249, 14.7228269 ], [ -88.1216329, 14.7232108 ], [ -88.121649, 14.7233587 ], [ -88.1216893, 14.7234458 ], [ -88.1219709, 14.7238438 ], [ -88.122046, 14.7240332 ], [ -88.1220675, 14.7241836 ], [ -88.1220782, 14.7243444 ], [ -88.1221141, 14.7245113 ], [ -88.1221533, 14.7246531 ], [ -88.1221586, 14.7247388 ], [ -88.1221466, 14.7248085 ], [ -88.1220648, 14.7249177 ], [ -88.1219494, 14.724993 ], [ -88.121818, 14.7250085 ], [ -88.1216675, 14.7249769 ], [ -88.121531, 14.7249878 ], [ -88.1214559, 14.7250241 ], [ -88.1213272, 14.725159 ], [ -88.1211904, 14.7252783 ], [ -88.1210992, 14.7253224 ], [ -88.1210158, 14.7253237 ], [ -88.1201792, 14.7251979 ], [ -88.1200424, 14.7252135 ], [ -88.1199512, 14.7252783 ], [ -88.119809, 14.7255222 ], [ -88.1197616, 14.7256769 ], [ -88.1196819, 14.7266854 ], [ -88.1197098, 14.7284794 ], [ -88.119632, 14.7288608 ], [ -88.1195055, 14.7290689 ], [ -88.1190714, 14.7294782 ], [ -88.1178594, 14.7304126 ], [ -88.1173629, 14.7309464 ], [ -88.1171849, 14.7310861 ], [ -88.1169739, 14.7311876 ], [ -88.1163748, 14.7312952 ], [ -88.1162417, 14.7313796 ], [ -88.1161639, 14.7315067 ], [ -88.1161371, 14.7316364 ], [ -88.1161183, 14.731735 ], [ -88.1158018, 14.7322953 ], [ -88.1156838, 14.7325002 ], [ -88.1156167, 14.7325584 ], [ -88.1154317, 14.7326585 ], [ -88.1153204, 14.7327376 ], [ -88.1151085, 14.7329464 ], [ -88.1149641, 14.7330201 ], [ -88.1148054, 14.7330605 ], [ -88.1147236, 14.7330527 ], [ -88.1146471, 14.7330216 ], [ -88.1145304, 14.7328841 ], [ -88.1144823, 14.7328529 ], [ -88.1144232, 14.7328556 ], [ -88.1143655, 14.7328945 ], [ -88.1143534, 14.7329542 ], [ -88.114403, 14.7330904 ], [ -88.1143975, 14.7332234 ] ] ] } },
{ "type": "Feature", "properties": { "full_id": "w1087052998", "osm_id": "1087052998", "osm_type": "way", "service": null, "highway": "tertiary", "layer": null, "bridge": null, "maxspeed": null, "lanes": null, "surface": "fine_gravel", "ref": "RV-690", "name": "San Pedro Zacapa - Agua Caliente" }, "geometry": { "type": "MultiLineString", "coordinates": [ [ [ -88.1272025, 14.7062847 ], [ -88.1272025, 14.7063431 ], [ -88.1272709, 14.7064922 ], [ -88.1276024, 14.7072874 ], [ -88.1276813, 14.7074768 ], [ -88.1280193, 14.7080657 ], [ -88.1280783, 14.7081928 ], [ -88.1280971, 14.7083589 ], [ -88.1281041, 14.7084718 ], [ -88.1281225, 14.7087674 ], [ -88.1281265, 14.7088855 ], [ -88.1281414, 14.7089867 ], [ -88.1282822, 14.7092423 ], [ -88.1282929, 14.7092617 ], [ -88.128317, 14.7093473 ], [ -88.1283197, 14.7094692 ], [ -88.1282607, 14.7097676 ], [ -88.128266, 14.7099206 ], [ -88.1282821, 14.7100322 ], [ -88.1284109, 14.7108157 ], [ -88.128435, 14.7109402 ], [ -88.1284672, 14.7110621 ], [ -88.1286308, 14.7113838 ], [ -88.1286469, 14.7114539 ], [ -88.1286389, 14.7115576 ], [ -88.1285966, 14.7116657 ], [ -88.1282432, 14.7122632 ], [ -88.1277242, 14.7128081 ], [ -88.1272026, 14.7132484 ], [ -88.1271261, 14.7133321 ], [ -88.1270725, 14.7134307 ], [ -88.1270295, 14.713576 ], [ -88.1269813, 14.7140593 ], [ -88.1269062, 14.7142012 ], [ -88.1267667, 14.7143075 ], [ -88.126604, 14.7143208 ], [ -88.1260237, 14.7140689 ], [ -88.1258952, 14.7140577 ], [ -88.1257689, 14.7140948 ], [ -88.125557, 14.7142868 ], [ -88.1254524, 14.7143568 ], [ -88.125219, 14.7144502 ], [ -88.1250949, 14.7145366 ], [ -88.1250206, 14.7146811 ], [ -88.124983, 14.714897 ], [ -88.1249455, 14.7153011 ], [ -88.1250215, 14.7156956 ], [ -88.1258036, 14.7175124 ], [ -88.1259325, 14.7178279 ], [ -88.1259554, 14.7181409 ], [ -88.125893, 14.7183435 ], [ -88.1255287, 14.7189259 ] ] ] } },
{ "type": "Feature", "properties": { "full_id": "w1087052999", "osm_id": "1087052999", "osm_type": "way", "service": null, "highway": "tertiary", "layer": "1", "bridge": "yes", "maxspeed": null, "lanes": null, "surface": "concrete", "ref": "RV-690", "name": "San Pedro Zacapa - Agua Caliente" }, "geometry": { "type": "MultiLineString", "coordinates": [ [ [ -88.1255287, 14.7189259 ], [ -88.1248631, 14.71999 ] ] ] } },
{ "type": "Feature", "properties": { "full_id": "w1087106353", "osm_id": "1087106353", "osm_type": "way", "service": null, "highway": "residential", "layer": null, "bridge": null, "maxspeed": null, "lanes": null, "surface": null, "ref": null, "name": null }, "geometry": { "type": "MultiLineString", "coordinates": [ [ [ -88.2334517, 14.6431564 ], [ -88.2335718, 14.6432076 ], [ -88.2336451, 14.643291 ] ] ] } },
{ "type": "Feature", "properties": { "full_id": "w1087106354", "osm_id": "1087106354", "osm_type": "way", "service": null, "highway": "unclassified", "layer": null, "bridge": null, "maxspeed": null, "lanes": null, "surface": "unpaved", "ref": null, "name": null }, "geometry": { "type": "MultiLineString", "coordinates": [ [ [ -88.2415027, 14.6417771 ], [ -88.2414088, 14.6417472 ], [ -88.2412214, 14.6417122 ], [ -88.2409156, 14.641646 ], [ -88.2406796, 14.6415941 ], [ -88.240528, 14.6415967 ], [ -88.240347, 14.6416175 ], [ -88.2401499, 14.6415682 ], [ -88.2399876, 14.6415201 ], [ -88.2398615, 14.6414751 ] ] ] } },
{ "type": "Feature", "properties": { "full_id": "w1087106355", "osm_id": "1087106355", "osm_type": "way", "service": null, "highway": "residential", "layer": null, "bridge": null, "maxspeed": null, "lanes": null, "surface": null, "ref": null, "name": null }, "geometry": { "type": "MultiLineString", "coordinates": [ [ [ -88.2263284, 14.6439894 ], [ -88.2262372, 14.6440062 ], [ -88.2262446, 14.6439589 ], [ -88.2262708, 14.6439005 ], [ -88.2263137, 14.6437649 ], [ -88.2263827, 14.6436287 ], [ -88.2264129, 14.6435592 ], [ -88.2264491, 14.6434665 ], [ -88.2264518, 14.6434048 ], [ -88.2264344, 14.6433688 ] ] ] } },
{ "type": "Feature", "properties": { "full_id": "w1087106374", "osm_id": "1087106374", "osm_type": "way", "service": null, "highway": "unclassified", "layer": null, "bridge": null, "maxspeed": null, "lanes": null, "surface": "unpaved", "ref": "RV-651", "name": null }, "geometry": { "type": "MultiLineString", "coordinates": [ [ [ -88.2267527, 14.6263529 ], [ -88.2267669, 14.6264548 ], [ -88.2267322, 14.6267481 ], [ -88.2266957, 14.62684 ], [ -88.2265746, 14.6269291 ], [ -88.2265055, 14.6268862 ], [ -88.2264397, 14.6268349 ], [ -88.2263881, 14.626759 ], [ -88.2263076, 14.6267389 ], [ -88.2261843, 14.6267506 ], [ -88.226138, 14.6268154 ], [ -88.2261896, 14.6269011 ], [ -88.226197, 14.6270023 ], [ -88.2261487, 14.627099 ], [ -88.2260904, 14.6271846 ], [ -88.2260569, 14.6273345 ], [ -88.2260173, 14.6275253 ], [ -88.2259382, 14.6276622 ], [ -88.2258362, 14.6277335 ], [ -88.2257196, 14.6278659 ], [ -88.2256176, 14.6280047 ], [ -88.2255479, 14.6281773 ], [ -88.225442, 14.6283629 ], [ -88.2254339, 14.628516 ], [ -88.2254594, 14.6288028 ], [ -88.2255077, 14.6289624 ], [ -88.225572, 14.6291025 ], [ -88.2256767, 14.6292089 ], [ -88.2258322, 14.6293218 ], [ -88.2260388, 14.6294334 ], [ -88.2263392, 14.6295398 ], [ -88.2265323, 14.6295956 ], [ -88.2267294, 14.6296216 ], [ -88.226999, 14.6295943 ], [ -88.2272779, 14.6295437 ], [ -88.2275301, 14.6295282 ], [ -88.2277487, 14.6295165 ], [ -88.2279297, 14.6295645 ], [ -88.2280397, 14.6296501 ], [ -88.2281564, 14.6298616 ], [ -88.228214, 14.6299908 ], [ -88.2282529, 14.6301517 ], [ -88.2282717, 14.6303761 ], [ -88.2283629, 14.6306409 ], [ -88.2284138, 14.6308615 ], [ -88.2283562, 14.6310444 ], [ -88.2282435, 14.6311962 ], [ -88.2281899, 14.6313351 ], [ -88.2281228, 14.6315479 ], [ -88.2280746, 14.6316932 ], [ -88.2280397, 14.6318502 ], [ -88.2280316, 14.6320202 ], [ -88.2280558, 14.6321383 ], [ -88.2280746, 14.6321733 ], [ -88.2282248, 14.6322551 ], [ -88.2284313, 14.6323329 ], [ -88.2285936, 14.6323537 ], [ -88.2286874, 14.6323368 ], [ -88.228839, 14.6322733 ], [ -88.2289422, 14.6322136 ], [ -88.229075, 14.6321318 ], [ -88.2291957, 14.6321046 ], [ -88.2293271, 14.6321422 ], [ -88.2294854, 14.632233 ], [ -88.2296624, 14.6323433 ], [ -88.2298502, 14.632464 ], [ -88.2299843, 14.6325522 ], [ -88.230219, 14.6327235 ], [ -88.2303585, 14.6328611 ], [ -88.23051, 14.6330492 ], [ -88.2307112, 14.6331959 ], [ -88.2307876, 14.6332958 ], [ -88.2308091, 14.6333983 ], [ -88.230805, 14.6334761 ], [ -88.2308493, 14.6336786 ], [ -88.2308828, 14.6338563 ], [ -88.2308734, 14.6339653 ], [ -88.2307809, 14.6340289 ], [ -88.2306629, 14.6340159 ], [ -88.2304577, 14.633942 ], [ -88.2303772, 14.633942 ], [ -88.2302914, 14.6340185 ], [ -88.2302713, 14.6341275 ], [ -88.2302632, 14.6343092 ], [ -88.2302619, 14.6344792 ], [ -88.2303464, 14.6345505 ], [ -88.2304872, 14.6346038 ], [ -88.2306401, 14.6347115 ], [ -88.2306575, 14.6348179 ], [ -88.2305569, 14.634923 ], [ -88.2303839, 14.6350281 ], [ -88.2303276, 14.63515 ], [ -88.2303437, 14.6353187 ], [ -88.2303611, 14.6355082 ], [ -88.2303705, 14.6357547 ], [ -88.2303008, 14.6358598 ], [ -88.2299521, 14.6359545 ], [ -88.2296195, 14.6360207 ], [ -88.2294492, 14.6360934 ], [ -88.2293593, 14.6362763 ], [ -88.2292882, 14.6365488 ], [ -88.2292628, 14.6367383 ], [ -88.2292923, 14.6369031 ], [ -88.2294747, 14.6370601 ], [ -88.2296705, 14.6372041 ], [ -88.2298663, 14.6373378 ], [ -88.2300688, 14.637452 ], [ -88.2301506, 14.6375246 ], [ -88.2301895, 14.6376855 ], [ -88.2302203, 14.6378049 ], [ -88.2303638, 14.6380398 ], [ -88.2304805, 14.6382266 ], [ -88.2305449, 14.6383966 ], [ -88.2305824, 14.6385225 ], [ -88.2305529, 14.6388481 ], [ -88.2304885, 14.6390467 ], [ -88.2304671, 14.6391738 ], [ -88.2304792, 14.6394191 ], [ -88.2305207, 14.6395462 ], [ -88.2305113, 14.6396513 ], [ -88.2303504, 14.6397214 ], [ -88.2301372, 14.6398032 ], [ -88.2300151, 14.6399433 ], [ -88.2298394, 14.6400808 ], [ -88.2297858, 14.6402054 ], [ -88.2296503, 14.6404247 ], [ -88.2295524, 14.6405726 ], [ -88.2294344, 14.6406219 ], [ -88.2292118, 14.6405713 ], [ -88.2290401, 14.6405778 ], [ -88.2288993, 14.6406634 ], [ -88.2288068, 14.6408451 ], [ -88.2287585, 14.6410306 ], [ -88.2287102, 14.6412318 ], [ -88.2286244, 14.6413174 ], [ -88.2284353, 14.6413771 ], [ -88.2283106, 14.6413862 ], [ -88.2281818, 14.6413174 ], [ -88.2280866, 14.6412746 ], [ -88.2279941, 14.6413447 ], [ -88.2279203, 14.6415224 ], [ -88.2278305, 14.6417664 ], [ -88.227691, 14.6419117 ], [ -88.2276146, 14.6420103 ], [ -88.2275448, 14.6421465 ], [ -88.2273758, 14.6423204 ], [ -88.2271559, 14.6424774 ], [ -88.2270513, 14.6425916 ], [ -88.2270231, 14.6427927 ], [ -88.2270647, 14.6428913 ], [ -88.226999, 14.6429861 ], [ -88.2268072, 14.643038 ], [ -88.2266552, 14.6431398 ], [ -88.2266355, 14.6431495 ], [ -88.2265336, 14.6432936 ], [ -88.2264344, 14.6433688 ], [ -88.2262587, 14.6434911 ], [ -88.2262394, 14.6435018 ], [ -88.2261065, 14.6435742 ], [ -88.2259737, 14.643628 ], [ -88.2258389, 14.6437331 ], [ -88.2256753, 14.6438343 ], [ -88.2255969, 14.644014 ], [ -88.2255466, 14.6441341 ], [ -88.2255197, 14.6442405 ], [ -88.2254513, 14.6443105 ], [ -88.2253186, 14.6442956 ], [ -88.2251717, 14.6442353 ], [ -88.2249806, 14.6441957 ], [ -88.2248398, 14.6441808 ], [ -88.2245758, 14.6441917 ], [ -88.2243751, 14.6441918 ], [ -88.2242618, 14.6442353 ], [ -88.2241793, 14.6442658 ], [ -88.2240881, 14.6442398 ], [ -88.2239788, 14.6441756 ], [ -88.2238849, 14.6441237 ], [ -88.2237756, 14.6441172 ], [ -88.2236912, 14.6441892 ], [ -88.2236, 14.6443352 ], [ -88.2235195, 14.6444078 ], [ -88.2234384, 14.6444052 ], [ -88.2233364, 14.6443527 ], [ -88.2232151, 14.644304 ], [ -88.2231232, 14.644256 ], [ -88.223034, 14.6442417 ], [ -88.2229261, 14.6441765 ] ] ] } },
{ "type": "Feature", "properties": { "full_id": "w1087106375", "osm_id": "1087106375", "osm_type": "way", "service": null, "highway": "unclassified", "layer": "1", "bridge": "yes", "maxspeed": null, "lanes": null, "surface": "unpaved", "ref": "RV-651", "name": null }, "geometry": { "type": "MultiLineString", "coordinates": [ [ [ -88.2267426, 14.6262798 ], [ -88.2267527, 14.6263529 ] ] ] } },
{ "type": "Feature", "properties": { "full_id": "w1092949035", "osm_id": "1092949035", "osm_type": "way", "service": null, "highway": "tertiary", "layer": null, "bridge": null, "maxspeed": null, "lanes": null, "surface": "fine_gravel", "ref": "RV-692", "name": "Santa Ana - Tejera" }, "geometry": { "type": "MultiLineString", "coordinates": [ [ [ -88.1752657, 14.656819 ], [ -88.1751783, 14.6567767 ], [ -88.1749369, 14.6566599 ], [ -88.1746552, 14.6565795 ], [ -88.1744541, 14.6565691 ], [ -88.1743602, 14.6564757 ], [ -88.1742717, 14.6563745 ], [ -88.1741724, 14.6564212 ], [ -88.1740222, 14.6565354 ], [ -88.173813, 14.656499 ], [ -88.1734858, 14.6563978 ], [ -88.1732524, 14.656416 ], [ -88.1731344, 14.6564705 ], [ -88.1730942, 14.6565276 ], [ -88.1730861, 14.6566703 ], [ -88.1729735, 14.6568494 ], [ -88.1727616, 14.6569428 ], [ -88.1725926, 14.6571011 ], [ -88.1725282, 14.6571997 ], [ -88.1723646, 14.657358 ], [ -88.1722815, 14.6573943 ], [ -88.1721179, 14.6573709 ], [ -88.1720454, 14.6574462 ], [ -88.1720991, 14.6576278 ], [ -88.1720267, 14.6577316 ], [ -88.1719033, 14.6577731 ], [ -88.1718201, 14.6577654 ], [ -88.1716646, 14.6578121 ], [ -88.1714634, 14.6578017 ], [ -88.171332, 14.657825 ], [ -88.1711764, 14.6578692 ], [ -88.1710691, 14.6578899 ], [ -88.1709886, 14.6579081 ], [ -88.1709551, 14.6579483 ], [ -88.1710021, 14.6580625 ], [ -88.1710624, 14.658178 ], [ -88.1710208, 14.6582753 ], [ -88.1708787, 14.6583687 ], [ -88.1707513, 14.6585386 ], [ -88.1706708, 14.6586139 ], [ -88.1706346, 14.6586969 ], [ -88.1707191, 14.6588072 ], [ -88.1707526, 14.6589136 ], [ -88.1707151, 14.6591497 ], [ -88.1705608, 14.6594118 ], [ -88.1704804, 14.659552 ], [ -88.1704602, 14.6597544 ], [ -88.1703932, 14.6598452 ], [ -88.1702685, 14.6599918 ], [ -88.1702028, 14.6600631 ], [ -88.1700928, 14.6601137 ], [ -88.170023, 14.6601215 ], [ -88.1699614, 14.6601734 ], [ -88.1699198, 14.660285 ], [ -88.1698688, 14.6603525 ], [ -88.1697817, 14.6604044 ], [ -88.169677, 14.6605302 ], [ -88.1695496, 14.6606353 ], [ -88.1696046, 14.6607235 ], [ -88.1697656, 14.6607287 ], [ -88.1699064, 14.6607443 ], [ -88.1701236, 14.6607975 ], [ -88.170188, 14.6608753 ], [ -88.1702215, 14.6609311 ], [ -88.1702577, 14.6610466 ], [ -88.1702859, 14.6612244 ], [ -88.1702618, 14.661297 ], [ -88.1701947, 14.6613256 ], [ -88.1700526, 14.6612892 ], [ -88.1699251, 14.661284 ], [ -88.1697495, 14.6613139 ], [ -88.1696381, 14.6614332 ], [ -88.1695725, 14.6615918 ], [ -88.1696144, 14.6617031 ], [ -88.1696596, 14.6618264 ], [ -88.1696985, 14.6619302 ], [ -88.16972, 14.662056 ], [ -88.1696757, 14.6621935 ], [ -88.1696043, 14.6623009 ], [ -88.1693827, 14.6624147 ], [ -88.1692348, 14.6625108 ], [ -88.1691104, 14.6626814 ], [ -88.1690909, 14.6627202 ], [ -88.1690038, 14.662793 ], [ -88.1686897, 14.6628871 ], [ -88.1685414, 14.6630035 ], [ -88.1684124, 14.6632548 ], [ -88.1682085, 14.6633885 ], [ -88.1679725, 14.6634559 ], [ -88.1677177, 14.6634105 ], [ -88.167483, 14.6633495 ], [ -88.1672791, 14.6633885 ], [ -88.1670056, 14.6634287 ], [ -88.1667803, 14.6635 ], [ -88.1667172, 14.663574 ], [ -88.1666207, 14.663622 ], [ -88.1665174, 14.663622 ], [ -88.1663377, 14.6636038 ], [ -88.1662545, 14.663696 ], [ -88.1662854, 14.663827 ], [ -88.1662572, 14.6640112 ], [ -88.1661218, 14.6641332 ], [ -88.1658629, 14.6641955 ], [ -88.1656578, 14.6642474 ], [ -88.1653855, 14.6641747 ], [ -88.165246, 14.6641021 ], [ -88.1650315, 14.6640904 ], [ -88.1649443, 14.6642175 ], [ -88.1648786, 14.6644485 ], [ -88.1648276, 14.6645977 ], [ -88.1647297, 14.6646898 ], [ -88.1645969, 14.6646963 ], [ -88.1644843, 14.6647028 ], [ -88.164432, 14.6647806 ], [ -88.1644354, 14.6648637 ], [ -88.1643134, 14.6649896 ], [ -88.1642021, 14.6651816 ], [ -88.1640841, 14.665406 ], [ -88.1639741, 14.6657031 ], [ -88.1638668, 14.6660508 ], [ -88.163781, 14.666191 ], [ -88.1634967, 14.6663103 ], [ -88.1632016, 14.6664634 ], [ -88.1629951, 14.6665465 ], [ -88.1629415, 14.6666502 ], [ -88.1629441, 14.6667878 ], [ -88.1629575, 14.6669097 ], [ -88.1628851, 14.6669694 ], [ -88.1626223, 14.6669149 ], [ -88.1625136, 14.6668462 ], [ -88.1623795, 14.6667216 ], [ -88.162283, 14.6667294 ], [ -88.162118, 14.6668643 ], [ -88.1619866, 14.6670771 ], [ -88.1619021, 14.6672561 ], [ -88.1617358, 14.6674118 ], [ -88.1615548, 14.6675312 ], [ -88.1614944, 14.6676142 ], [ -88.1614944, 14.6677219 ] ] ] } },
{ "type": "Feature", "properties": { "full_id": "w1175531739", "osm_id": "1175531739", "osm_type": "way", "service": null, "highway": "unclassified", "layer": null, "bridge": null, "maxspeed": null, "lanes": null, "surface": null, "ref": null, "name": null }, "geometry": { "type": "MultiLineString", "coordinates": [ [ [ -88.189779601663204, 14.680781228150321 ], [ -88.189894280991595, 14.680831658550476 ], [ -88.189973403354614, 14.680818094716816 ], [ -88.190109041691215, 14.680824876633647 ], [ -88.190260504500401, 14.680849743662021 ], [ -88.190362233252856, 14.680847483023079 ], [ -88.190448137532698, 14.680831658550476 ], [ -88.190586036508236, 14.680829397911532 ], [ -88.1907768930309, 14.680874152495614 ], [ -88.191511893030892, 14.680874152495614 ], [ -88.192482793030891, 14.680874152495614 ], [ -88.19478409303089, 14.681361852495613 ], [ -88.194902726570348, 14.681456725218279 ], [ -88.194979588294416, 14.681556193331781 ], [ -88.19509827183893, 14.681634185375323 ], [ -88.195162700048812, 14.681651140167396 ], [ -88.19522034634187, 14.681644358250567 ], [ -88.195274601676502, 14.681603666749588 ], [ -88.195354854358996, 14.681542629498121 ], [ -88.195450931514074, 14.681445422023561 ] ] ] } },
{ "type": "Feature", "properties": { "full_id": "w1258957226", "osm_id": "1258957226", "osm_type": "way", "service": null, "highway": "residential", "layer": null, "bridge": null, "maxspeed": null, "lanes": null, "surface": null, "ref": null, "name": null }, "geometry": { "type": "MultiLineString", "coordinates": [ [ [ -88.2141217, 14.712765 ], [ -88.2142912, 14.7127367 ], [ -88.2144427, 14.7127186 ], [ -88.2147552, 14.7127575 ], [ -88.2148437, 14.7127523 ] ] ] } },
{ "type": "Feature", "properties": { "full_id": "w1258957227", "osm_id": "1258957227", "osm_type": "way", "service": null, "highway": "residential", "layer": null, "bridge": null, "maxspeed": null, "lanes": null, "surface": null, "ref": null, "name": null }, "geometry": { "type": "MultiLineString", "coordinates": [ [ [ -88.214656, 14.7135332 ], [ -88.2147646, 14.7136032 ], [ -88.2148102, 14.7136214 ] ] ] } },
{ "type": "Feature", "properties": { "full_id": "w1274907456", "osm_id": "1274907456", "osm_type": "way", "service": null, "highway": "unclassified", "layer": null, "bridge": null, "maxspeed": null, "lanes": null, "surface": "unpaved", "ref": null, "name": null }, "geometry": { "type": "MultiLineString", "coordinates": [ [ [ -88.1062242, 14.6148375 ], [ -88.1062362, 14.615006 ], [ -88.1063406, 14.6152206 ], [ -88.1063667, 14.6153406 ], [ -88.1063602, 14.6157636 ], [ -88.1063797, 14.6158898 ], [ -88.1064254, 14.6160035 ], [ -88.1067386, 14.6165717 ], [ -88.1068821, 14.6168116 ], [ -88.1069213, 14.6169631 ], [ -88.1069213, 14.6172535 ], [ -88.1069408, 14.6173672 ], [ -88.1070257, 14.6174366 ], [ -88.1071235, 14.6174745 ], [ -88.1075737, 14.6174366 ], [ -88.1077368, 14.6173861 ], [ -88.1078673, 14.6173167 ], [ -88.1079717, 14.617203 ], [ -88.10805, 14.6171525 ], [ -88.1083436, 14.6171462 ], [ -88.1086307, 14.6170704 ], [ -88.1087286, 14.6170641 ], [ -88.1088003, 14.6170957 ], [ -88.1088329, 14.6171715 ], [ -88.1088069, 14.6172535 ], [ -88.1086503, 14.617405 ], [ -88.1082262, 14.6175881 ], [ -88.1081348, 14.6176639 ], [ -88.1078021, 14.6181121 ], [ -88.1076129, 14.6184783 ], [ -88.1073193, 14.6188634 ], [ -88.1072736, 14.6189708 ], [ -88.1072736, 14.6190844 ], [ -88.1072997, 14.6191854 ], [ -88.1073649, 14.6193117 ], [ -88.1075541, 14.6194758 ], [ -88.1075998, 14.6195831 ], [ -88.1076259, 14.6198041 ], [ -88.1076129, 14.6199177 ], [ -88.1074954, 14.6202082 ], [ -88.1074432, 14.6207322 ], [ -88.1074041, 14.6208269 ], [ -88.1073323, 14.6209089 ], [ -88.1068625, 14.6211551 ], [ -88.1067712, 14.6212372 ], [ -88.1067386, 14.6213193 ], [ -88.106732, 14.6214392 ], [ -88.1068103, 14.6217865 ], [ -88.106843, 14.6222158 ], [ -88.1069213, 14.6224746 ], [ -88.1069865, 14.6225882 ], [ -88.1070713, 14.6227019 ], [ -88.1071235, 14.6228345 ], [ -88.1071561, 14.6230491 ], [ -88.1072279, 14.6232133 ], [ -88.1075215, 14.6236425 ], [ -88.1076651, 14.6237941 ], [ -88.1078412, 14.6239014 ], [ -88.1078999, 14.6239771 ], [ -88.1079195, 14.6240782 ], [ -88.1078934, 14.6241855 ], [ -88.1078282, 14.6242676 ], [ -88.1075672, 14.6244064 ], [ -88.1074889, 14.6244759 ], [ -88.1072932, 14.6248736 ], [ -88.1070191, 14.6252966 ], [ -88.1068364, 14.6255365 ], [ -88.1067647, 14.6256691 ], [ -88.1066603, 14.6259658 ], [ -88.1066016, 14.6260605 ], [ -88.1064058, 14.6263256 ], [ -88.1062688, 14.6265024 ], [ -88.1062231, 14.626635 ], [ -88.1061775, 14.6268938 ], [ -88.1061187, 14.6270011 ], [ -88.1057534, 14.627361 ], [ -88.1057012, 14.6274557 ], [ -88.1056164, 14.6279102 ], [ -88.1055837, 14.6279733 ], [ -88.105512, 14.6280112 ], [ -88.1054271, 14.6280049 ], [ -88.1053097, 14.6279418 ], [ -88.1047747, 14.6275567 ], [ -88.1044811, 14.6273989 ], [ -88.1042984, 14.6273483 ], [ -88.1041483, 14.6273483 ], [ -88.1040113, 14.6273862 ], [ -88.1038874, 14.6274557 ], [ -88.1036459, 14.6277524 ], [ -88.1031501, 14.6282385 ], [ -88.1028826, 14.6284721 ], [ -88.1028108, 14.6285668 ], [ -88.1027651, 14.6286993 ], [ -88.1027129, 14.6289329 ], [ -88.1026607, 14.6290466 ], [ -88.1025629, 14.6291286 ], [ -88.102341, 14.6292801 ], [ -88.1022823, 14.6293811 ], [ -88.1021453, 14.6297347 ], [ -88.1020474, 14.6298799 ], [ -88.1019235, 14.6300061 ], [ -88.1017147, 14.6301198 ], [ -88.1013363, 14.6303723 ], [ -88.101258, 14.630467 ], [ -88.1011405, 14.6308773 ], [ -88.1010688, 14.6310415 ], [ -88.1009839, 14.6313319 ], [ -88.1008991, 14.6315402 ], [ -88.1008078, 14.6316917 ], [ -88.1004554, 14.6321778 ], [ -88.1003706, 14.6323546 ], [ -88.1003054, 14.632525 ], [ -88.1002858, 14.6326891 ], [ -88.1002793, 14.6328533 ], [ -88.1003576, 14.6331942 ], [ -88.1005142, 14.6336803 ], [ -88.1006577, 14.6340148 ], [ -88.1008926, 14.6344567 ], [ -88.1009252, 14.6345767 ], [ -88.1009122, 14.6347029 ], [ -88.1007882, 14.6350249 ], [ -88.1007621, 14.6351764 ], [ -88.1007751, 14.6353153 ], [ -88.1008861, 14.6357383 ], [ -88.1009709, 14.6363317 ], [ -88.1010296, 14.6370513 ], [ -88.1010361, 14.6378278 ], [ -88.100997, 14.6382444 ], [ -88.1009383, 14.6383896 ], [ -88.1008404, 14.6385222 ], [ -88.1006251, 14.6386989 ], [ -88.1003837, 14.6388568 ], [ -88.1003054, 14.6389451 ], [ -88.1002728, 14.6390525 ], [ -88.1002793, 14.6391661 ], [ -88.1003445, 14.6395259 ], [ -88.1004033, 14.6396774 ], [ -88.1006838, 14.6400562 ], [ -88.1008012, 14.6401319 ], [ -88.1009187, 14.6401635 ], [ -88.1011275, 14.6401572 ], [ -88.1012384, 14.6401761 ], [ -88.1013428, 14.6402392 ], [ -88.1014928, 14.6404034 ], [ -88.1018713, 14.6408958 ], [ -88.1019626, 14.6410599 ], [ -88.1020018, 14.6412367 ], [ -88.1020018, 14.6415333 ], [ -88.1020279, 14.6416533 ], [ -88.1020801, 14.6417606 ], [ -88.1022954, 14.6421015 ], [ -88.1023541, 14.6422719 ], [ -88.1023737, 14.6424361 ], [ -88.1023606, 14.6426128 ], [ -88.1023019, 14.6427833 ], [ -88.1021649, 14.6429789 ], [ -88.1021388, 14.6430736 ], [ -88.1021518, 14.6431746 ], [ -88.1022236, 14.6432504 ], [ -88.1024324, 14.6433324 ], [ -88.1025368, 14.6433956 ], [ -88.1026216, 14.6434903 ], [ -88.1027195, 14.6437933 ], [ -88.102726, 14.6439321 ], [ -88.1026934, 14.6440016 ], [ -88.1025368, 14.6441215 ], [ -88.102452, 14.6442225 ], [ -88.1024193, 14.6443551 ], [ -88.1024324, 14.6444813 ], [ -88.1024911, 14.6446707 ], [ -88.1026412, 14.6448917 ], [ -88.1028108, 14.6451947 ], [ -88.1028369, 14.6453083 ], [ -88.1028369, 14.6454282 ], [ -88.1027978, 14.6457312 ], [ -88.1028173, 14.6458322 ], [ -88.1028695, 14.6459269 ], [ -88.1030131, 14.6460974 ], [ -88.1030718, 14.6462236 ], [ -88.103137, 14.646596 ], [ -88.1031958, 14.6471894 ], [ -88.1032414, 14.6473535 ], [ -88.1033067, 14.6474924 ], [ -88.1034045, 14.647606 ], [ -88.1035742, 14.647827 ], [ -88.1036133, 14.6479532 ], [ -88.1036329, 14.6482625 ], [ -88.1035937, 14.6485971 ], [ -88.1036133, 14.649039 ], [ -88.1036459, 14.6492031 ], [ -88.1037112, 14.6493357 ], [ -88.1037895, 14.649424 ], [ -88.1039917, 14.6495629 ], [ -88.1040831, 14.649645 ], [ -88.1043114, 14.650131 ], [ -88.1044224, 14.6505287 ], [ -88.1045333, 14.6508696 ], [ -88.1047225, 14.6512736 ], [ -88.1047943, 14.651343 ], [ -88.1048921, 14.6513935 ], [ -88.105264, 14.6515134 ], [ -88.1053749, 14.6515892 ], [ -88.1054402, 14.6516965 ], [ -88.1054728, 14.6518101 ], [ -88.1054728, 14.6522015 ], [ -88.1055381, 14.6525928 ], [ -88.1055381, 14.652757 ], [ -88.1054663, 14.6531041 ], [ -88.1054663, 14.6532178 ], [ -88.1055185, 14.6533377 ], [ -88.105662, 14.653546 ], [ -88.106197, 14.6540447 ], [ -88.1063341, 14.654234 ], [ -88.1063993, 14.6544234 ], [ -88.1064319, 14.6545686 ], [ -88.1064906, 14.6547138 ], [ -88.1067451, 14.6551809 ], [ -88.1070126, 14.6558689 ], [ -88.1070844, 14.6559952 ], [ -88.1071888, 14.6560899 ], [ -88.1075933, 14.6564055 ], [ -88.1078804, 14.6567021 ], [ -88.1081218, 14.6570051 ], [ -88.1081935, 14.657144 ], [ -88.1082457, 14.657327 ], [ -88.1083436, 14.657548 ], [ -88.1085263, 14.6578068 ], [ -88.1086764, 14.6579646 ], [ -88.108722, 14.6580656 ], [ -88.1087286, 14.6581729 ], [ -88.108709, 14.6582991 ], [ -88.1086242, 14.6586842 ], [ -88.108572, 14.6587788 ], [ -88.1084871, 14.6588546 ], [ -88.1082392, 14.6590566 ], [ -88.108187, 14.6591513 ], [ -88.1081544, 14.6592775 ], [ -88.1081674, 14.659429 ], [ -88.1082653, 14.659814 ], [ -88.1083371, 14.6601296 ], [ -88.1083501, 14.6603379 ], [ -88.1083371, 14.6607482 ], [ -88.1083567, 14.6608997 ], [ -88.1084806, 14.6611648 ], [ -88.1085067, 14.6612974 ], [ -88.1085002, 14.6615499 ], [ -88.1085328, 14.6616635 ], [ -88.1085915, 14.6617645 ], [ -88.1088786, 14.6620675 ], [ -88.1089439, 14.6622063 ], [ -88.1089634, 14.6623389 ], [ -88.1089308, 14.6625598 ], [ -88.1088264, 14.6627492 ], [ -88.1088003, 14.6628502 ], [ -88.1088264, 14.6629575 ], [ -88.1089373, 14.6630648 ], [ -88.10897, 14.6631847 ], [ -88.1089569, 14.6632983 ], [ -88.1089112, 14.6634119 ], [ -88.1087938, 14.663595 ], [ -88.1087808, 14.663696 ], [ -88.1088069, 14.663797 ], [ -88.108859, 14.6638601 ], [ -88.1090026, 14.6639548 ], [ -88.1090678, 14.6640494 ], [ -88.1090939, 14.6641504 ], [ -88.1090678, 14.6642577 ], [ -88.1089243, 14.6644092 ], [ -88.1088851, 14.6645228 ], [ -88.108859, 14.6647122 ], [ -88.1087808, 14.6649205 ], [ -88.1087938, 14.6650215 ], [ -88.108846, 14.6651035 ], [ -88.1090156, 14.6652108 ], [ -88.1091005, 14.6653055 ], [ -88.1091396, 14.6654065 ], [ -88.1091657, 14.6657663 ], [ -88.1092179, 14.6658799 ], [ -88.1092766, 14.6659493 ], [ -88.1093745, 14.6659872 ], [ -88.1096289, 14.6660188 ], [ -88.1097203, 14.6660693 ], [ -88.1098638, 14.6662965 ], [ -88.1099291, 14.6663596 ], [ -88.1101509, 14.6664669 ], [ -88.1102031, 14.6665364 ], [ -88.1102031, 14.6666373 ], [ -88.1100922, 14.6669466 ], [ -88.1100066, 14.6673013 ], [ -88.1099893, 14.6674468 ], [ -88.1099546, 14.6675531 ], [ -88.1098909, 14.667637 ], [ -88.1096596, 14.6677993 ], [ -88.1093761, 14.6679336 ], [ -88.1092604, 14.6679952 ], [ -88.1091968, 14.6680791 ], [ -88.10911, 14.6684037 ], [ -88.1090406, 14.6685436 ], [ -88.1088786, 14.6687115 ], [ -88.1087919, 14.6688234 ], [ -88.1086704, 14.6691144 ], [ -88.1086241, 14.6693103 ], [ -88.1086241, 14.6694222 ], [ -88.1086704, 14.6695173 ], [ -88.1088844, 14.6697132 ], [ -88.1089423, 14.6697971 ], [ -88.1089828, 14.669993 ], [ -88.1090406, 14.6700713 ], [ -88.1092489, 14.6702056 ], [ -88.1094108, 14.6703176 ], [ -88.1095034, 14.6704127 ], [ -88.1097463, 14.6707876 ], [ -88.1099893, 14.6710059 ], [ -88.1102091, 14.6713081 ], [ -88.1102322, 14.6713864 ], [ -88.1102033, 14.6714647 ], [ -88.110024, 14.6715823 ], [ -88.1099604, 14.671683 ], [ -88.1099488, 14.6717837 ], [ -88.1099893, 14.6721922 ], [ -88.1099777, 14.6722818 ], [ -88.109943, 14.6723825 ], [ -88.1096538, 14.672819 ], [ -88.1096133, 14.6729309 ], [ -88.1096075, 14.6730428 ], [ -88.1097058, 14.6735576 ], [ -88.1097637, 14.6737759 ], [ -88.1098215, 14.6738598 ], [ -88.1099083, 14.673927 ], [ -88.1101108, 14.6740781 ], [ -88.1103421, 14.6744026 ], [ -88.1104694, 14.6745649 ], [ -88.1105909, 14.6747552 ], [ -88.1106429, 14.6748951 ], [ -88.1106777, 14.6751805 ], [ -88.1107933, 14.6755666 ], [ -88.1108743, 14.6757177 ], [ -88.1109785, 14.6758576 ], [ -88.1111057, 14.6759863 ], [ -88.1112677, 14.676115 ], [ -88.1115222, 14.6762773 ], [ -88.1116668, 14.6764004 ], [ -88.1121817, 14.6769879 ], [ -88.1126271, 14.6775699 ], [ -88.1128816, 14.677984 ], [ -88.1129741, 14.6781127 ], [ -88.1130898, 14.6782246 ], [ -88.1132287, 14.6783197 ], [ -88.1134658, 14.678482 ], [ -88.11357, 14.6785995 ], [ -88.113703, 14.6788178 ], [ -88.1138823, 14.6792598 ], [ -88.1139575, 14.679506 ], [ -88.1139691, 14.6796403 ], [ -88.1138708, 14.6803622 ], [ -88.1138361, 14.6804573 ], [ -88.1136683, 14.6806979 ], [ -88.1136162, 14.6808155 ], [ -88.1136105, 14.6809442 ], [ -88.1136741, 14.6812631 ], [ -88.1138939, 14.6820801 ], [ -88.1139113, 14.6822592 ], [ -88.1138881, 14.6823991 ], [ -88.1138534, 14.6825725 ], [ -88.1138534, 14.6827236 ], [ -88.1138881, 14.6828243 ], [ -88.1140674, 14.6830817 ], [ -88.1141195, 14.6832104 ], [ -88.1141253, 14.6833335 ], [ -88.1140848, 14.6835853 ], [ -88.1141369, 14.6838204 ], [ -88.1141195, 14.6839379 ], [ -88.1140501, 14.6840834 ], [ -88.1140269, 14.6842065 ], [ -88.1140501, 14.6844303 ], [ -88.1141311, 14.6846933 ], [ -88.1141484, 14.6850626 ], [ -88.1141773, 14.6851801 ], [ -88.1142294, 14.6852361 ], [ -88.1142988, 14.6852529 ], [ -88.1143625, 14.6852305 ], [ -88.114455, 14.6851297 ], [ -88.1146112, 14.6850346 ], [ -88.1146748, 14.6849619 ], [ -88.1148715, 14.6845646 ], [ -88.1149583, 14.6844695 ], [ -88.1150566, 14.6844247 ], [ -88.115288, 14.6843911 ], [ -88.1154384, 14.6844247 ], [ -88.1156119, 14.6844807 ], [ -88.1157681, 14.6844974 ], [ -88.1158433, 14.6845478 ], [ -88.1158896, 14.6846373 ], [ -88.1159417, 14.6848612 ], [ -88.1159243, 14.6852305 ], [ -88.1159474, 14.6853592 ], [ -88.1160458, 14.6855662 ], [ -88.1162887, 14.6858236 ], [ -88.116416, 14.6859131 ], [ -88.1165085, 14.6859411 ], [ -88.1171159, 14.6860139 ], [ -88.1172258, 14.6860474 ], [ -88.117301, 14.6861202 ], [ -88.1173531, 14.6864335 ], [ -88.1174052, 14.6865231 ], [ -88.1174919, 14.6865902 ], [ -88.117706, 14.6866965 ], [ -88.1178043, 14.6867861 ], [ -88.1179605, 14.6869931 ], [ -88.1179952, 14.687105 ], [ -88.1179952, 14.6872841 ], [ -88.11792, 14.6878716 ], [ -88.1178621, 14.6880395 ], [ -88.1177407, 14.6882857 ], [ -88.1175266, 14.688627 ], [ -88.1173473, 14.6888284 ], [ -88.1172605, 14.68889 ], [ -88.1171449, 14.6889348 ], [ -88.1169829, 14.6889683 ], [ -88.1169135, 14.6890075 ], [ -88.1168672, 14.6890858 ], [ -88.1168672, 14.689181 ], [ -88.1169019, 14.6893376 ], [ -88.1169945, 14.6895167 ], [ -88.1170473, 14.6898866 ] ] ] } },
{ "type": "Feature", "properties": { "full_id": "w1274907457", "osm_id": "1274907457", "osm_type": "way", "service": null, "highway": "unclassified", "layer": null, "bridge": null, "maxspeed": null, "lanes": null, "surface": "unpaved", "ref": null, "name": null }, "geometry": { "type": "MultiLineString", "coordinates": [ [ [ -88.1179952, 14.6872841 ], [ -88.1180609, 14.687216 ], [ -88.11809, 14.687137 ], [ -88.1180958, 14.6869622 ], [ -88.118055, 14.6866521 ], [ -88.1180609, 14.6864773 ], [ -88.1181541, 14.6860826 ], [ -88.1181716, 14.6858852 ], [ -88.1181541, 14.6857217 ], [ -88.1181192, 14.68553 ], [ -88.118125, 14.6854398 ], [ -88.1181716, 14.6853834 ], [ -88.1182474, 14.6853608 ], [ -88.1183756, 14.6853665 ], [ -88.1184864, 14.685327 ], [ -88.1187021, 14.6851578 ], [ -88.1188828, 14.6850451 ], [ -88.1190985, 14.6848308 ], [ -88.1191976, 14.6847744 ], [ -88.1193374, 14.6847236 ], [ -88.1194074, 14.6846616 ], [ -88.1194482, 14.6845658 ], [ -88.1194715, 14.6843459 ], [ -88.119454, 14.6841654 ], [ -88.1194016, 14.6839624 ], [ -88.1194016, 14.6838891 ], [ -88.1194249, 14.6838271 ], [ -88.1194832, 14.6838158 ], [ -88.1195356, 14.6838553 ], [ -88.1196639, 14.6840019 ], [ -88.119763, 14.6842331 ], [ -88.1198912, 14.6844643 ], [ -88.1200894, 14.684718 ], [ -88.1203051, 14.6849605 ], [ -88.1204683, 14.6850789 ], [ -88.1205907, 14.6850958 ], [ -88.120684, 14.685062 ], [ -88.1207364, 14.6849887 ], [ -88.1207481, 14.6849041 ], [ -88.1207015, 14.6848139 ], [ -88.12048, 14.6846222 ], [ -88.120375, 14.6844925 ], [ -88.1201768, 14.6841541 ], [ -88.1201302, 14.6840244 ], [ -88.1201127, 14.6838891 ], [ -88.1201244, 14.6837481 ], [ -88.1201943, 14.6834831 ], [ -88.1201594, 14.6834267 ], [ -88.1199728, 14.6833478 ], [ -88.1198912, 14.683297 ], [ -88.1198096, 14.6832181 ], [ -88.1197455, 14.6830884 ], [ -88.1197338, 14.6829813 ], [ -88.1197455, 14.6828572 ], [ -88.1197921, 14.6827501 ], [ -88.1198621, 14.682626 ], [ -88.1199262, 14.6824174 ], [ -88.1199903, 14.6822539 ], [ -88.1201768, 14.6819494 ], [ -88.1202759, 14.6817746 ], [ -88.1203575, 14.68169 ], [ -88.1205324, 14.681487 ], [ -88.1207423, 14.681222 ], [ -88.1208122, 14.6810754 ], [ -88.1208589, 14.6809118 ], [ -88.1208589, 14.6807539 ], [ -88.1207831, 14.6802183 ], [ -88.1207481, 14.6801337 ], [ -88.1206723, 14.6800604 ], [ -88.1205732, 14.6800153 ], [ -88.1202235, 14.6799814 ], [ -88.1201419, 14.6799419 ], [ -88.1201127, 14.6798517 ], [ -88.1201419, 14.6797728 ], [ -88.1202235, 14.6797164 ], [ -88.1205674, 14.6796713 ], [ -88.1210337, 14.6794852 ], [ -88.1218217, 14.6792424 ], [ -88.1222732, 14.6789866 ], [ -88.1224151, 14.6788618 ], [ -88.1224667, 14.6787557 ], [ -88.1224925, 14.6786309 ], [ -88.1224861, 14.6785124 ], [ -88.1221829, 14.6777262 ], [ -88.1221636, 14.6776014 ], [ -88.1221636, 14.6774828 ], [ -88.12237, 14.6767653 ], [ -88.1224603, 14.6765469 ], [ -88.1227118, 14.676029 ], [ -88.1228473, 14.6756546 ], [ -88.123073, 14.6747249 ], [ -88.1231633, 14.6740136 ], [ -88.1231504, 14.673427 ], [ -88.1231182, 14.6731026 ], [ -88.1231375, 14.672984 ], [ -88.1231891, 14.6728966 ], [ -88.1234988, 14.6727219 ], [ -88.1235697, 14.6726283 ], [ -88.1235955, 14.672516 ], [ -88.1234988, 14.6720106 ], [ -88.1235181, 14.671892 ], [ -88.12366, 14.6716861 ], [ -88.1236729, 14.671605 ], [ -88.1236342, 14.6715364 ], [ -88.1235504, 14.6714927 ], [ -88.1231311, 14.6714864 ], [ -88.1230666, 14.6714553 ], [ -88.1230408, 14.6713866 ], [ -88.1230666, 14.6713117 ], [ -88.1233052, 14.6710122 ], [ -88.1233246, 14.6709373 ], [ -88.1232923, 14.67085 ], [ -88.1232085, 14.6708063 ], [ -88.1228989, 14.6708001 ], [ -88.1226731, 14.6708125 ], [ -88.1224667, 14.6707814 ], [ -88.1223764, 14.6707252 ], [ -88.1223635, 14.6706378 ], [ -88.1224087, 14.6705567 ], [ -88.1227183, 14.6704257 ], [ -88.123073, 14.6701636 ], [ -88.1233439, 14.6700326 ], [ -88.1234278, 14.6699577 ], [ -88.12366, 14.6694585 ], [ -88.1236729, 14.6693399 ], [ -88.1236278, 14.6692151 ], [ -88.1235181, 14.6691403 ], [ -88.123273, 14.6690155 ], [ -88.1229956, 14.6687908 ], [ -88.1229698, 14.6687222 ], [ -88.1229956, 14.6686411 ], [ -88.123273, 14.6683603 ], [ -88.123331, 14.668248 ], [ -88.1233117, 14.6681606 ], [ -88.1229376, 14.6679672 ], [ -88.122886, 14.6678985 ], [ -88.1229247, 14.6677238 ], [ -88.1229118, 14.667624 ], [ -88.1228602, 14.6675117 ], [ -88.1228602, 14.6674118 ], [ -88.1229053, 14.6673245 ], [ -88.1231117, 14.6671435 ], [ -88.1231504, 14.6670437 ], [ -88.1231569, 14.6669064 ], [ -88.123202, 14.6668003 ], [ -88.1234407, 14.6665257 ], [ -88.1235375, 14.6664696 ], [ -88.1236536, 14.6664571 ], [ -88.1237761, 14.6664758 ], [ -88.1241696, 14.6666318 ], [ -88.1243437, 14.6666568 ], [ -88.1244727, 14.6666069 ], [ -88.1245566, 14.6665133 ], [ -88.1246856, 14.6662387 ], [ -88.1248275, 14.665596 ], [ -88.1248275, 14.6653214 ], [ -88.1248468, 14.6651779 ], [ -88.1249049, 14.6650406 ], [ -88.1252274, 14.6644665 ], [ -88.1253241, 14.6642232 ], [ -88.1253757, 14.6641358 ], [ -88.125466, 14.6640672 ], [ -88.1257369, 14.6640609 ], [ -88.125795, 14.6640048 ], [ -88.1258337, 14.6639112 ], [ -88.1258595, 14.6634182 ], [ -88.125853, 14.6631312 ], [ -88.1258788, 14.6629752 ], [ -88.1259498, 14.6628254 ], [ -88.126053, 14.6627006 ], [ -88.1264336, 14.6624448 ], [ -88.1268012, 14.6620953 ], [ -88.126898, 14.6619393 ], [ -88.1270076, 14.6616024 ], [ -88.1270076, 14.6614963 ], [ -88.1269754, 14.661384 ], [ -88.1266916, 14.6609534 ], [ -88.1266593, 14.6608161 ], [ -88.1266916, 14.6606913 ], [ -88.1268206, 14.660554 ], [ -88.1269625, 14.6604916 ], [ -88.1273817, 14.6605415 ], [ -88.1275301, 14.6605041 ], [ -88.1276139, 14.6604292 ], [ -88.1276526, 14.6603231 ], [ -88.1276268, 14.6601983 ], [ -88.127543, 14.6600985 ], [ -88.1270076, 14.6598052 ], [ -88.1269173, 14.6597241 ], [ -88.1268915, 14.6596367 ], [ -88.1269109, 14.6595431 ], [ -88.1269818, 14.6594495 ], [ -88.1273108, 14.6592374 ], [ -88.1277042, 14.6591001 ], [ -88.1278397, 14.6590002 ], [ -88.1281041, 14.658657 ], [ -88.1282073, 14.658501 ], [ -88.1282202, 14.6584137 ], [ -88.1281686, 14.6583201 ], [ -88.1280719, 14.6582514 ], [ -88.1276978, 14.6581328 ], [ -88.1276075, 14.6580829 ], [ -88.1275623, 14.6580018 ], [ -88.1275172, 14.6576461 ], [ -88.1273624, 14.6573154 ], [ -88.1272785, 14.6572467 ], [ -88.1271818, 14.6572343 ], [ -88.1270979, 14.6572655 ], [ -88.1268335, 14.6574589 ], [ -88.1267174, 14.6576399 ], [ -88.12664, 14.657696 ], [ -88.1265368, 14.6577023 ], [ -88.1264465, 14.6576523 ], [ -88.1260788, 14.6573091 ], [ -88.1260208, 14.6571968 ], [ -88.1260208, 14.6571095 ], [ -88.126053, 14.6570221 ], [ -88.1262723, 14.6566726 ], [ -88.126511, 14.6561547 ], [ -88.1265884, 14.6558614 ], [ -88.1266271, 14.6557865 ], [ -88.1266271, 14.6556992 ], [ -88.1265303, 14.6555119 ], [ -88.1264336, 14.6552499 ], [ -88.1264336, 14.6551438 ], [ -88.1264723, 14.6550502 ], [ -88.1265432, 14.654969 ], [ -88.1268206, 14.6547319 ], [ -88.1271689, 14.6542639 ], [ -88.127285, 14.6541765 ], [ -88.1273946, 14.6541391 ], [ -88.1275172, 14.654164 ], [ -88.1277881, 14.6543076 ], [ -88.1281944, 14.6546321 ], [ -88.1284008, 14.6547943 ], [ -88.1284912, 14.6548068 ], [ -88.1285686, 14.6547694 ], [ -88.1286137, 14.6547007 ], [ -88.1287234, 14.6541328 ], [ -88.1287814, 14.6539644 ], [ -88.1288717, 14.6538395 ], [ -88.1292652, 14.653409 ], [ -88.1294393, 14.6532592 ], [ -88.1294845, 14.6531781 ], [ -88.1294845, 14.6530782 ], [ -88.1293942, 14.6529721 ], [ -88.1293877, 14.652891 ], [ -88.1294587, 14.6525228 ], [ -88.1295232, 14.6524168 ], [ -88.1296199, 14.6523668 ], [ -88.129736, 14.6523731 ], [ -88.1298521, 14.652423 ], [ -88.1300585, 14.6526164 ], [ -88.1301553, 14.6527725 ], [ -88.1302972, 14.6531406 ], [ -88.130381, 14.6532592 ], [ -88.1304971, 14.6533466 ], [ -88.1306068, 14.6533965 ], [ -88.1306906, 14.6533778 ], [ -88.1307487, 14.6533154 ], [ -88.1307745, 14.6532218 ], [ -88.1307745, 14.6529721 ], [ -88.1306971, 14.6526788 ], [ -88.13071, 14.652579 ], [ -88.1307809, 14.6524979 ], [ -88.1308777, 14.6524355 ], [ -88.1314195, 14.6522545 ], [ -88.1316711, 14.6521859 ], [ -88.1318065, 14.6520985 ], [ -88.1318904, 14.651955 ], [ -88.1319355, 14.6517927 ], [ -88.1319484, 14.6516055 ], [ -88.1318775, 14.6511562 ], [ -88.1317614, 14.6507256 ], [ -88.1316969, 14.6506195 ], [ -88.1316001, 14.6505509 ], [ -88.1314647, 14.650501 ], [ -88.1311615, 14.6504448 ], [ -88.1310648, 14.6503949 ], [ -88.1309035, 14.6502389 ], [ -88.1306971, 14.6499643 ], [ -88.1306648, 14.6498457 ], [ -88.1306713, 14.6497334 ], [ -88.1307164, 14.6496398 ], [ -88.1308067, 14.6495524 ], [ -88.1309357, 14.6495212 ], [ -88.1311615, 14.649465 ], [ -88.1312647, 14.6494214 ], [ -88.1315227, 14.6494713 ], [ -88.1319678, 14.6494713 ], [ -88.1320516, 14.6494463 ], [ -88.132129, 14.6493839 ], [ -88.1323999, 14.6489471 ], [ -88.1325934, 14.6487474 ], [ -88.1329159, 14.6486163 ], [ -88.1330449, 14.6485165 ], [ -88.1330707, 14.6484416 ], [ -88.1330514, 14.6483542 ], [ -88.1329095, 14.6480921 ] ] ] } },
{ "type": "Feature", "properties": { "full_id": "w1274907458", "osm_id": "1274907458", "osm_type": "way", "service": null, "highway": "unclassified", "layer": null, "bridge": null, "maxspeed": null, "lanes": null, "surface": "unpaved", "ref": null, "name": null }, "geometry": { "type": "MultiLineString", "coordinates": [ [ [ -88.1265884, 14.6558614 ], [ -88.1264325, 14.6557227 ], [ -88.1262445, 14.6555921 ], [ -88.1261963, 14.6555129 ], [ -88.126177, 14.6554149 ], [ -88.1262204, 14.6549253 ], [ -88.1262059, 14.6546315 ], [ -88.1261577, 14.6544777 ], [ -88.1259794, 14.6541 ], [ -88.1258637, 14.6539601 ], [ -88.1256902, 14.6537922 ], [ -88.1255986, 14.6537502 ], [ -88.1254926, 14.6537502 ], [ -88.1252323, 14.6538062 ], [ -88.1249142, 14.6537083 ], [ -88.1247648, 14.6536337 ], [ -88.1246925, 14.653573 ], [ -88.1246636, 14.6535031 ], [ -88.1246732, 14.6534145 ], [ -88.1247166, 14.6533259 ], [ -88.1248178, 14.653228 ], [ -88.1250395, 14.6531067 ], [ -88.1250974, 14.6530461 ], [ -88.125107, 14.6529715 ], [ -88.1250685, 14.6529109 ], [ -88.1249865, 14.6528736 ], [ -88.1248949, 14.6528736 ], [ -88.1248034, 14.6529016 ], [ -88.1245961, 14.6530648 ], [ -88.1245094, 14.6530974 ], [ -88.1244178, 14.6530881 ], [ -88.1243407, 14.6530368 ], [ -88.1242394, 14.6529622 ], [ -88.124119, 14.6529295 ], [ -88.1239888, 14.6529249 ], [ -88.1239165, 14.6529529 ], [ -88.1238683, 14.6530275 ], [ -88.123796, 14.6533819 ], [ -88.1237526, 14.6534705 ], [ -88.1236948, 14.6535404 ], [ -88.1236273, 14.653573 ], [ -88.1235502, 14.653559 ], [ -88.1234779, 14.6535078 ], [ -88.1232225, 14.6532233 ], [ -88.1230944, 14.6531249 ], [ -88.1229573, 14.6530718 ], [ -88.122864, 14.6530665 ], [ -88.1227707, 14.6530877 ], [ -88.1227104, 14.6531408 ], [ -88.1226939, 14.6532258 ], [ -88.1227104, 14.6533213 ], [ -88.1228091, 14.6535602 ], [ -88.122842, 14.6536982 ], [ -88.1228475, 14.6538203 ], [ -88.1228161, 14.6540951 ], [ -88.1227033, 14.6544627 ], [ -88.1226558, 14.6545489 ], [ -88.122454, 14.6547556 ], [ -88.1221809, 14.6549165 ], [ -88.121979, 14.6549854 ], [ -88.1217118, 14.6550256 ], [ -88.1216169, 14.6550084 ], [ -88.1214625, 14.6549394 ], [ -88.1213378, 14.6549337 ], [ -88.1212072, 14.6549682 ], [ -88.12113, 14.6550256 ], [ -88.1210707, 14.6551175 ], [ -88.1210529, 14.6552381 ], [ -88.1211003, 14.6555942 ], [ -88.1210885, 14.6557091 ], [ -88.1210529, 14.655824 ], [ -88.1208747, 14.6561973 ], [ -88.1207441, 14.6566338 ], [ -88.1206907, 14.6567257 ], [ -88.1206313, 14.6567659 ], [ -88.1205542, 14.6567659 ], [ -88.1203226, 14.6567257 ], [ -88.1202395, 14.6567372 ], [ -88.1200436, 14.6568521 ], [ -88.1197171, 14.656967 ], [ -88.1196043, 14.6569727 ], [ -88.1194499, 14.6569555 ], [ -88.1193668, 14.6569784 ], [ -88.1193015, 14.6570416 ], [ -88.1192006, 14.6572714 ], [ -88.1190699, 14.6574494 ], [ -88.1189868, 14.657639 ], [ -88.1189156, 14.6580353 ], [ -88.1188562, 14.6584144 ], [ -88.1188087, 14.6585177 ], [ -88.1187375, 14.6586096 ], [ -88.1185416, 14.6587647 ], [ -88.1184525, 14.6587934 ], [ -88.1183575, 14.6587819 ], [ -88.1182744, 14.6587303 ], [ -88.118126, 14.6585177 ], [ -88.1180488, 14.6584258 ], [ -88.1179716, 14.6583914 ], [ -88.1177995, 14.6583742 ], [ -88.1176867, 14.6583339 ], [ -88.1175917, 14.6582593 ], [ -88.117467, 14.658064 ], [ -88.1173898, 14.6580123 ], [ -88.1173008, 14.6580008 ], [ -88.117087, 14.6580238 ], [ -88.1169386, 14.6579951 ], [ -88.1168258, 14.6579434 ], [ -88.1167308, 14.65784 ], [ -88.1166714, 14.6577021 ], [ -88.1166061, 14.6574552 ], [ -88.1165171, 14.657191 ], [ -88.1163152, 14.6568463 ], [ -88.116244, 14.6567832 ], [ -88.1161787, 14.6567774 ], [ -88.1161253, 14.6568119 ], [ -88.1161015, 14.6568636 ], [ -88.1160718, 14.6570646 ], [ -88.1160362, 14.6571508 ], [ -88.1158997, 14.6573633 ], [ -88.1156741, 14.6576217 ], [ -88.1156384, 14.6577079 ], [ -88.1156384, 14.6577998 ], [ -88.1157097, 14.6580583 ], [ -88.1157097, 14.6581559 ], [ -88.11568, 14.6582478 ], [ -88.1156206, 14.6583397 ], [ -88.1154781, 14.6584546 ], [ -88.115205, 14.6586671 ], [ -88.1150447, 14.6588738 ], [ -88.115021, 14.6589657 ], [ -88.1150447, 14.6590576 ], [ -88.1150982, 14.6591208 ], [ -88.1153356, 14.6592242 ], [ -88.1155078, 14.6593218 ], [ -88.1158047, 14.6594137 ], [ -88.1160125, 14.6595229 ], [ -88.1162143, 14.6596435 ], [ -88.1162677, 14.6597124 ], [ -88.1162737, 14.6598043 ], [ -88.1162381, 14.659879 ], [ -88.1161727, 14.6599422 ], [ -88.1156444, 14.6602408 ], [ -88.1155375, 14.6603442 ], [ -88.1154366, 14.6604878 ], [ -88.1153416, 14.6607577 ], [ -88.1152882, 14.6608496 ], [ -88.1152288, 14.6608956 ], [ -88.1151694, 14.6608898 ], [ -88.11511, 14.6608439 ], [ -88.1150507, 14.660729 ], [ -88.1149676, 14.6602581 ], [ -88.1149082, 14.6601317 ], [ -88.114831, 14.66008 ], [ -88.1147242, 14.660057 ], [ -88.1143026, 14.6600168 ], [ -88.1141542, 14.6599881 ], [ -88.1140236, 14.6599307 ], [ -88.1137327, 14.6597526 ], [ -88.1134952, 14.6595573 ], [ -88.1133884, 14.6594999 ], [ -88.1127294, 14.6592702 ], [ -88.1126344, 14.659207 ], [ -88.1125988, 14.6591151 ], [ -88.1125988, 14.6588911 ], [ -88.1125631, 14.6587303 ], [ -88.1125038, 14.6586326 ], [ -88.1124088, 14.6585235 ], [ -88.1123494, 14.6583914 ], [ -88.1122782, 14.6581157 ], [ -88.1122129, 14.6580123 ], [ -88.1121238, 14.6579319 ], [ -88.1119991, 14.6578802 ], [ -88.1117498, 14.657863 ], [ -88.1116607, 14.6578342 ], [ -88.111542, 14.6576964 ], [ -88.1114351, 14.6576332 ], [ -88.1113223, 14.6576102 ], [ -88.1110552, 14.6576562 ], [ -88.1109186, 14.6576447 ], [ -88.1107702, 14.657593 ], [ -88.1099628, 14.6572599 ], [ -88.1093691, 14.6570474 ], [ -88.1085854, 14.6568521 ], [ -88.1084667, 14.6568463 ], [ -88.1083836, 14.6568751 ], [ -88.1082945, 14.6569497 ], [ -88.1081935, 14.657144 ] ] ] } },
{ "type": "Feature", "properties": { "full_id": "w1330808733", "osm_id": "1330808733", "osm_type": "way", "service": null, "highway": "unclassified", "layer": null, "bridge": null, "maxspeed": null, "lanes": null, "surface": "unpaved", "ref": null, "name": null }, "geometry": { "type": "MultiLineString", "coordinates": [ [ [ -88.2431853, 14.6478718 ], [ -88.2433248, 14.6480483 ], [ -88.2435393, 14.6480898 ], [ -88.2437325, 14.6481261 ], [ -88.2438397, 14.6482455 ], [ -88.2438934, 14.6483597 ], [ -88.2440704, 14.6487334 ], [ -88.2441294, 14.6488995 ], [ -88.2441992, 14.6491693 ], [ -88.2443065, 14.6492887 ], [ -88.2443976, 14.6493666 ], [ -88.2444137, 14.6494704 ], [ -88.244462, 14.6496416 ], [ -88.2445586, 14.6498025 ], [ -88.2447732, 14.6498908 ], [ -88.245095, 14.6500932 ], [ -88.2451916, 14.6501762 ], [ -88.245256, 14.6503579 ], [ -88.2453632, 14.6505655 ], [ -88.2454652, 14.6507627 ], [ -88.2454813, 14.6509391 ], [ -88.2455134, 14.6510533 ], [ -88.2456958, 14.6511675 ], [ -88.2457119, 14.6512557 ], [ -88.2456744, 14.6513959 ], [ -88.2457548, 14.6515308 ], [ -88.245728, 14.6516242 ], [ -88.2456207, 14.6516865 ], [ -88.2455993, 14.6517903 ], [ -88.2456207, 14.6518941 ], [ -88.2456851, 14.6521173 ] ] ] } },
{ "type": "Feature", "properties": { "full_id": "w1331194393", "osm_id": "1331194393", "osm_type": "way", "service": null, "highway": "residential", "layer": null, "bridge": null, "maxspeed": null, "lanes": null, "surface": "unpaved", "ref": null, "name": null }, "geometry": { "type": "MultiLineString", "coordinates": [ [ [ -88.1274869, 14.705902 ], [ -88.1276053, 14.7060021 ], [ -88.1278899, 14.7064622 ], [ -88.1279305, 14.7065998 ], [ -88.1280769, 14.7067886 ], [ -88.1282476, 14.7070245 ], [ -88.1282593, 14.7070491 ], [ -88.1283348, 14.7072071 ], [ -88.1282917, 14.7072727 ], [ -88.1282701, 14.7073174 ], [ -88.1282763, 14.7074038 ], [ -88.1284303, 14.7075915 ], [ -88.1284519, 14.7077316 ], [ -88.1285936, 14.7079074 ], [ -88.1287446, 14.7080415 ], [ -88.1288155, 14.7082233 ], [ -88.1289048, 14.7082293 ], [ -88.1291852, 14.7083068 ], [ -88.1293327, 14.7081908 ], [ -88.1295441, 14.7079549 ], [ -88.1296427, 14.7077739 ], [ -88.1295462, 14.7075819 ], [ -88.1294367, 14.7074985 ], [ -88.1293691, 14.707447 ], [ -88.1293048, 14.7069852 ], [ -88.1291867, 14.7066324 ], [ -88.1289761, 14.7063117 ], [ -88.1288796, 14.7059329 ], [ -88.1287025, 14.7056424 ], [ -88.1288688, 14.7052895 ], [ -88.1288956, 14.7051287 ], [ -88.1288152, 14.7049938 ], [ -88.1287991, 14.7047914 ], [ -88.1287167, 14.7046253 ] ] ] } },
{ "type": "Feature", "properties": { "full_id": "w1331225274", "osm_id": "1331225274", "osm_type": "way", "service": null, "highway": "residential", "layer": null, "bridge": null, "maxspeed": null, "lanes": null, "surface": "asphalt", "ref": null, "name": null }, "geometry": { "type": "MultiLineString", "coordinates": [ [ [ -88.1276024, 14.7072874 ], [ -88.1278519, 14.7071494 ], [ -88.1280643, 14.7071452 ], [ -88.1282593, 14.7070491 ] ] ] } },
{ "type": "Feature", "properties": { "full_id": "w1331416013", "osm_id": "1331416013", "osm_type": "way", "service": null, "highway": "residential", "layer": null, "bridge": null, "maxspeed": null, "lanes": null, "surface": null, "ref": null, "name": null }, "geometry": { "type": "MultiLineString", "coordinates": [ [ [ -88.0982602, 14.7089644 ], [ -88.0985499, 14.7086013 ], [ -88.0987859, 14.708015 ], [ -88.0991668, 14.7073249 ], [ -88.0992634, 14.7070759 ], [ -88.0993009, 14.7068943 ], [ -88.0992795, 14.7066296 ] ] ] } },
{ "type": "Feature", "properties": { "full_id": "w1331416014", "osm_id": "1331416014", "osm_type": "way", "service": null, "highway": "unclassified", "layer": null, "bridge": null, "maxspeed": null, "lanes": null, "surface": null, "ref": null, "name": null }, "geometry": { "type": "MultiLineString", "coordinates": [ [ [ -88.0998213, 14.6899022 ], [ -88.0999662, 14.6899229 ], [ -88.1000374, 14.6900635 ], [ -88.1000949, 14.6901772 ], [ -88.1001968, 14.6902861 ], [ -88.1004061, 14.6904573 ], [ -88.1004919, 14.6905559 ], [ -88.1005777, 14.6905767 ], [ -88.1007333, 14.6905559 ], [ -88.1007601, 14.6906285 ], [ -88.1007762, 14.6907998 ], [ -88.1008513, 14.690945 ], [ -88.1010176, 14.691163 ], [ -88.1011142, 14.6915728 ], [ -88.1012698, 14.691879 ], [ -88.1014361, 14.6921384 ], [ -88.1015273, 14.6922318 ], [ -88.1016399, 14.6924082 ], [ -88.1018706, 14.6928388 ], [ -88.1022247, 14.6932228 ], [ -88.1022622, 14.6932954 ], [ -88.1022837, 14.693394 ], [ -88.1022998, 14.6938973 ], [ -88.1022783, 14.6941307 ], [ -88.1021925, 14.6944939 ], [ -88.1020745, 14.694717 ], [ -88.1018653, 14.694992 ], [ -88.1016292, 14.6952151 ], [ -88.1014093, 14.6954849 ], [ -88.1012288, 14.6955604 ] ] ] } },
{ "type": "Feature", "properties": { "full_id": "w1331418209", "osm_id": "1331418209", "osm_type": "way", "service": null, "highway": "residential", "layer": null, "bridge": null, "maxspeed": null, "lanes": null, "surface": "unpaved", "ref": null, "name": null }, "geometry": { "type": "MultiLineString", "coordinates": [ [ [ -88.0998213, 14.6899022 ], [ -88.0995953, 14.6898114 ], [ -88.0994223, 14.6896674 ], [ -88.0991728, 14.6894715 ], [ -88.0990119, 14.6892263 ], [ -88.0989006, 14.6889097 ], [ -88.0989958, 14.6885928 ], [ -88.0989676, 14.6883969 ], [ -88.0990173, 14.6880531 ], [ -88.0991192, 14.6878483 ], [ -88.0991058, 14.6877173 ], [ -88.0990119, 14.6875785 ], [ -88.0988831, 14.6875071 ], [ -88.098796, 14.6873982 ], [ -88.0987303, 14.6872276 ], [ -88.0987128, 14.6870511 ], [ -88.0987571, 14.6869545 ], [ -88.0988402, 14.6869052 ], [ -88.099095, 14.686926 ], [ -88.0993914, 14.6869895 ], [ -88.0996664, 14.6871543 ], [ -88.0999346, 14.6872697 ], [ -88.1001885, 14.6873022 ], [ -88.1005385, 14.6872762 ], [ -88.1008163, 14.6874711 ], [ -88.1008726, 14.687763 ], [ -88.1009396, 14.6880795 ], [ -88.1009423, 14.6881625 ], [ -88.1008699, 14.6883623 ], [ -88.1007412, 14.6884687 ], [ -88.1006017, 14.6886451 ], [ -88.1004327, 14.6891051 ], [ -88.1004649, 14.6893132 ], [ -88.10054, 14.6894845 ], [ -88.1004729, 14.6896817 ], [ -88.1002825, 14.689827 ], [ -88.1000374, 14.6900635 ] ] ] } },
{ "type": "Feature", "properties": { "full_id": "w1331521955", "osm_id": "1331521955", "osm_type": "way", "service": null, "highway": "residential", "layer": null, "bridge": null, "maxspeed": null, "lanes": null, "surface": null, "ref": null, "name": null }, "geometry": { "type": "MultiLineString", "coordinates": [ [ [ -88.1283348, 14.7072071 ], [ -88.1284376, 14.7072497 ], [ -88.1286152, 14.7071873 ], [ -88.128738, 14.7071779 ], [ -88.1288284, 14.7072248 ], [ -88.1289124, 14.7073404 ] ] ] } },
{ "type": "Feature", "properties": { "full_id": "w1331521956", "osm_id": "1331521956", "osm_type": "way", "service": null, "highway": "residential", "layer": null, "bridge": null, "maxspeed": null, "lanes": null, "surface": null, "ref": null, "name": null }, "geometry": { "type": "MultiLineString", "coordinates": [ [ [ -88.1288155, 14.7082233 ], [ -88.1288866, 14.7081652 ], [ -88.1289576, 14.7080308 ], [ -88.1290901, 14.707934 ], [ -88.1291288, 14.7078934 ], [ -88.129216, 14.7076997 ], [ -88.1292968, 14.7076278 ], [ -88.1294367, 14.7074985 ] ] ] } },
{ "type": "Feature", "properties": { "full_id": "w1331521957", "osm_id": "1331521957", "osm_type": "way", "service": null, "highway": "residential", "layer": null, "bridge": null, "maxspeed": null, "lanes": null, "surface": null, "ref": null, "name": null }, "geometry": { "type": "MultiLineString", "coordinates": [ [ [ -88.1288956, 14.7051287 ], [ -88.1290119, 14.7050483 ], [ -88.1291867, 14.7049775 ], [ -88.1293048, 14.7049341 ], [ -88.1294158, 14.7048473 ], [ -88.1295457, 14.7047993 ], [ -88.1296568, 14.7048039 ], [ -88.1297961, 14.7048541 ], [ -88.1300064, 14.7048541 ], [ -88.130467, 14.7048541 ], [ -88.1305131, 14.7048611 ], [ -88.1306938, 14.7048884 ], [ -88.1309442, 14.7049661 ], [ -88.1310457, 14.7050438 ] ] ] } },
{ "type": "Feature", "properties": { "full_id": "w1331521958", "osm_id": "1331521958", "osm_type": "way", "service": null, "highway": "residential", "layer": null, "bridge": null, "maxspeed": null, "lanes": null, "surface": null, "ref": null, "name": null }, "geometry": { "type": "MultiLineString", "coordinates": [ [ [ -88.1305131, 14.7048611 ], [ -88.1304906, 14.704749 ], [ -88.1304457, 14.7046485 ], [ -88.1304079, 14.7045594 ], [ -88.1303442, 14.7044497 ], [ -88.130245, 14.7043286 ], [ -88.1301599, 14.7042052 ] ] ] } },
{ "type": "Feature", "properties": { "full_id": "w1331521959", "osm_id": "1331521959", "osm_type": "way", "service": null, "highway": "residential", "layer": null, "bridge": null, "maxspeed": null, "lanes": null, "surface": null, "ref": null, "name": null }, "geometry": { "type": "MultiLineString", "coordinates": [ [ [ -88.1304079, 14.7045594 ], [ -88.1305544, 14.7045868 ] ] ] } },
{ "type": "Feature", "properties": { "full_id": "w1331529114", "osm_id": "1331529114", "osm_type": "way", "service": "driveway", "highway": "service", "layer": null, "bridge": null, "maxspeed": null, "lanes": null, "surface": "unpaved", "ref": null, "name": null }, "geometry": { "type": "MultiLineString", "coordinates": [ [ [ -88.2350067, 14.6528601 ], [ -88.2350895, 14.6531362 ], [ -88.2352611, 14.6532054 ], [ -88.2354829, 14.6532123 ], [ -88.2357046, 14.6535099 ], [ -88.2358333, 14.6537106 ], [ -88.2360694, 14.6538628 ], [ -88.2362124, 14.653849 ], [ -88.2364342, 14.6535998 ], [ -88.236663, 14.6534407 ], [ -88.2368419, 14.6532331 ], [ -88.2370207, 14.6529563 ], [ -88.2374641, 14.6526034 ], [ -88.2378146, 14.6525826 ] ] ] } },
{ "type": "Feature", "properties": { "full_id": "w1331843077", "osm_id": "1331843077", "osm_type": "way", "service": "driveway", "highway": "service", "layer": null, "bridge": null, "maxspeed": null, "lanes": null, "surface": null, "ref": null, "name": null }, "geometry": { "type": "MultiLineString", "coordinates": [ [ [ -88.1282822, 14.7092423 ], [ -88.1284196, 14.7090196 ], [ -88.1284637, 14.7088555 ], [ -88.1284446, 14.7087607 ], [ -88.1284366, 14.7087209 ], [ -88.1283958, 14.7086257 ], [ -88.1282872, 14.7085404 ], [ -88.1281041, 14.7084718 ] ] ] } },
{ "type": "Feature", "properties": { "full_id": null, "osm_id": null, "osm_type": null, "service": null, "highway": null, "layer": null, "bridge": null, "maxspeed": null, "lanes": null, "surface": null, "ref": null, "name": null }, "geometry": { "type": "MultiLineString", "coordinates": [ [ [ -88.189779601663204, 14.680781228150321 ], [ -88.189379954235264, 14.680680258536809 ], [ -88.189211159860832, 14.680644088313716 ], [ -88.189150876155679, 14.68053557764444 ], [ -88.18897002504022, 14.680390896752069 ], [ -88.188644493032385, 14.680306499564853 ], [ -88.188511868881051, 14.680113591708361 ], [ -88.188367187988675, 14.679993024298053 ], [ -88.188113996427035, 14.679848343405684 ], [ -88.187824634642283, 14.679414300728574 ], [ -88.187631726785796, 14.679257563095174 ], [ -88.186787754913638, 14.679004371533527 ], [ -88.186281371790344, 14.678944087828373 ], [ -88.186065888941158, 14.67892593992133 ] ] ] } },
{ "type": "Feature", "properties": { "full_id": null, "osm_id": null, "osm_type": null, "service": null, "highway": null, "layer": null, "bridge": null, "maxspeed": null, "lanes": null, "surface": null, "ref": null, "name": null }, "geometry": { "type": "MultiLineString", "coordinates": [ [ [ -88.195924093030897, 14.679901152495614 ], [ -88.195689648708111, 14.680109572794684 ], [ -88.195508797592638, 14.6803507076153 ], [ -88.195448513887484, 14.680543615471793 ], [ -88.195412343664401, 14.680712409846224 ], [ -88.195472627369554, 14.681062055336117 ], [ -88.195508797592638, 14.681182622746425 ], [ -88.195433193030894, 14.681517552495613 ], [ -88.195364116700276, 14.68184574350312 ], [ -88.195340003218192, 14.682460637295687 ], [ -88.1954244004054, 14.682725885598366 ], [ -88.195617308261902, 14.683063474347227 ], [ -88.195689648708083, 14.683208155239598 ], [ -88.195713762190152, 14.683316665908874 ], [ -88.195689648708083, 14.683376949614029 ], [ -88.195569081297776, 14.683473403542274 ], [ -88.1954244004054, 14.683473403542274 ], [ -88.195279719513039, 14.683425176578153 ], [ -88.195122981879635, 14.683413119837121 ], [ -88.194930074023134, 14.683425176578151 ], [ -88.194809506612827, 14.683521630506398 ], [ -88.194737166166647, 14.683642197916706 ], [ -88.194737166166647, 14.684015956888659 ], [ -88.194749222907674, 14.684305318673399 ], [ -88.1947974498718, 14.684558510235046 ], [ -88.194773336389744, 14.684697162756905 ], [ -88.194749222907689, 14.684745389721026 ], [ -88.194676882461508, 14.68479361668515 ], [ -88.194604542015327, 14.684799645055666 ], [ -88.194459861122951, 14.684799645055666 ], [ -88.194381492306249, 14.684745389721026 ], [ -88.194260924895943, 14.684685106015873 ], [ -88.194013761704809, 14.684528368382473 ], [ -88.193844967330378, 14.684413829342681 ], [ -88.193784683625225, 14.684395744231134 ], [ -88.193640002732849, 14.68434751726701 ], [ -88.193422981394306, 14.684299290302887 ], [ -88.193151704721103, 14.684263120079795 ], [ -88.192669435079878, 14.684341488896495 ], [ -88.192506669075954, 14.684383687490103 ], [ -88.192223335661723, 14.684377659119585 ], [ -88.192084730418031, 14.684351962133547 ], [ -88.191843375528379, 14.684328042174849 ], [ -88.191653437830396, 14.68425353998904 ], [ -88.19146994633499, 14.684247483993728 ], [ -88.19122579732911, 14.684102803101359 ], [ -88.191103722826185, 14.68390838815224 ], [ -88.190701329094281, 14.683637111479051 ], [ -88.190393882197995, 14.683524079531889 ], [ -88.189769945849662, 14.683189504968288 ], [ -88.189204786113848, 14.682845887848917 ], [ -88.18867127532323, 14.682407323893926 ], [ -88.188341222037522, 14.682226472778467 ], [ -88.188146807088415, 14.682285249390992 ], [ -88.187907179360437, 14.682203866389035 ], [ -88.187595211186263, 14.681919025882186 ], [ -88.187459572849676, 14.681692961987862 ], [ -88.187251594066893, 14.681534717261833 ], [ -88.186532710882958, 14.68092434474716 ], [ -88.186315689544415, 14.680793227688451 ], [ -88.185967551147144, 14.680214504118981 ] ] ] } },
{ "type": "Feature", "properties": { "full_id": null, "osm_id": null, "osm_type": null, "service": null, "highway": null, "layer": null, "bridge": null, "maxspeed": null, "lanes": null, "surface": null, "ref": null, "name": null }, "geometry": { "type": "MultiLineString", "coordinates": [ [ [ -88.185967551147144, 14.680214504118981 ], [ -88.185890689423076, 14.680011046614085 ], [ -88.185890689423076, 14.679857323165944 ], [ -88.185963029869257, 14.679721684829349 ], [ -88.186112232039505, 14.679599610326417 ], [ -88.18616196609625, 14.679355461320545 ], [ -88.186065888941158, 14.67892593992133 ] ] ] } },
{ "type": "Feature", "properties": { "full_id": null, "osm_id": null, "osm_type": null, "service": null, "highway": null, "layer": null, "bridge": null, "maxspeed": null, "lanes": null, "surface": null, "ref": null, "name": null }, "geometry": { "type": "MultiLineString", "coordinates": [ [ [ -88.192223335661723, 14.684377659119585 ], [ -88.192184151253358, 14.684468084677317 ], [ -88.192062076750432, 14.684446985380513 ], [ -88.19191588876545, 14.684477127233093 ], [ -88.191756136946793, 14.684531382567732 ], [ -88.191608441869164, 14.684676063460101 ], [ -88.191515002126181, 14.684760460647317 ], [ -88.191448690050507, 14.684865957131336 ], [ -88.191394434715875, 14.684977481985872 ], [ -88.191307023343384, 14.68510709195195 ], [ -88.191237697082457, 14.685176418212876 ], [ -88.191135214783685, 14.685218616806484 ], [ -88.190945321112451, 14.685236701918031 ], [ -88.190767484182246, 14.685227659362258 ], [ -88.190625817475137, 14.685203545880196 ], [ -88.190574576325758, 14.685191489139164 ], [ -88.190481136582775, 14.685185460768651 ], [ -88.190378654284004, 14.685134219619268 ], [ -88.190297271282049, 14.685095035210919 ], [ -88.19015560457494, 14.685034751505764 ], [ -88.189989824385762, 14.684983510356384 ], [ -88.189941597421637, 14.684902127354427 ], [ -88.189893370457511, 14.684868971316591 ], [ -88.189811987455556, 14.684823758537727 ], [ -88.189769788861938, 14.684808687611438 ], [ -88.189631136340083, 14.68476648901783 ], [ -88.189576881005451, 14.684748403906283 ], [ -88.189507554744523, 14.684670035089583 ], [ -88.189453299409891, 14.68459468045814 ], [ -88.189374930593189, 14.684513297456183 ], [ -88.18932368944381, 14.684443971195256 ], [ -88.189299575961741, 14.684362588193299 ], [ -88.189266419923911, 14.68425407752402 ] ] ] } },
{ "type": "Feature", "properties": { "full_id": null, "osm_id": null, "osm_type": null, "service": null, "highway": null, "layer": null, "bridge": null, "maxspeed": null, "lanes": null, "surface": null, "ref": null, "name": null }, "geometry": { "type": "MultiLineString", "coordinates": [ [ [ -88.1668094, 14.6947497 ], [ -88.166722323653005, 14.694922283879418 ], [ -88.16661682716898, 14.695109163365395 ], [ -88.166559557649094, 14.69519356055261 ], [ -88.166511330684955, 14.695226716590447 ], [ -88.166411862571451, 14.695359340741787 ], [ -88.166369663977832, 14.695507035819412 ], [ -88.166267181679075, 14.695624589044463 ], [ -88.166122500786713, 14.695796397604152 ], [ -88.166020018487941, 14.695889837347142 ], [ -88.165866295039805, 14.695895865717656 ], [ -88.165772855296808, 14.695965191978583 ], [ -88.165640231145474, 14.696076716833119 ], [ -88.1655538, 14.6961726 ] ] ] } },
{ "type": "Feature", "properties": { "full_id": null, "osm_id": null, "osm_type": null, "service": null, "highway": null, "layer": null, "bridge": null, "maxspeed": null, "lanes": null, "surface": null, "ref": null, "name": null }, "geometry": { "type": "MultiLineString", "coordinates": [ [ [ -88.1805436, 14.6573798 ], [ -88.180337398461759, 14.657474046237708 ], [ -88.180174632457849, 14.657546386683892 ], [ -88.180017894824445, 14.657636812241623 ], [ -88.179945554378264, 14.657582556906984 ], [ -88.179867185561562, 14.657540358313376 ], [ -88.179824986967958, 14.657516244831315 ], [ -88.179680306075582, 14.657492131349255 ], [ -88.179499454960123, 14.657455961126161 ], [ -88.179288461992087, 14.657504188090284 ], [ -88.179216121545892, 14.657558443424923 ], [ -88.17913775272919, 14.657582556906984 ], [ -88.179029242059926, 14.657576528536469 ], [ -88.178920731390647, 14.657576528536469 ], [ -88.17877002212775, 14.657570500165955 ], [ -88.178595199382812, 14.657624755500592 ], [ -88.178456546860957, 14.657618727130076 ], [ -88.178360092932706, 14.657618727130076 ], [ -88.178245553892921, 14.657703124317292 ], [ -88.178155128335192, 14.657757379651931 ], [ -88.178028532554364, 14.657829720098116 ] ] ] } },
{ "type": "Feature", "properties": { "full_id": null, "osm_id": null, "osm_type": null, "service": null, "highway": null, "layer": null, "bridge": null, "maxspeed": null, "lanes": null, "surface": null, "ref": null, "name": null }, "geometry": { "type": "MultiLineString", "coordinates": [ ] } },
{ "type": "Feature", "properties": { "full_id": null, "osm_id": null, "osm_type": null, "service": null, "highway": null, "layer": null, "bridge": null, "maxspeed": null, "lanes": null, "surface": null, "ref": null, "name": null }, "geometry": { "type": "MultiLineString", "coordinates": [ [ [ -88.1777921, 14.6633523 ], [ -88.178146085779417, 14.663603391959244 ], [ -88.178378178044255, 14.663746565758986 ], [ -88.178468603601999, 14.663776707611563 ], [ -88.178653975995346, 14.663773693426304 ], [ -88.178877025704423, 14.663742044481099 ], [ -88.17899759311473, 14.663708888443264 ], [ -88.179151316562852, 14.663705874258007 ], [ -88.179651671315625, 14.663778214704191 ], [ -88.180356990665928, 14.663950023263881 ], [ -88.180670465932721, 14.664028392080581 ], [ -88.180905572382827, 14.664100732526766 ], [ -88.181116565350862, 14.664191158084497 ], [ -88.181255217872717, 14.664353924088415 ], [ -88.181490324322823, 14.664534775203878 ], [ -88.18168323217931, 14.664667399355217 ], [ -88.181882168406318, 14.664818108618102 ], [ -88.18193642374095, 14.66488442069377 ], [ -88.182153445079507, 14.665125555514386 ], [ -88.182195643673111, 14.665215981072118 ], [ -88.182261955748785, 14.665354633593973 ], [ -88.18251514731044, 14.665577683303042 ], [ -88.1828889062824, 14.665836903235201 ], [ -88.183202381549194, 14.66604789620324 ], [ -88.183413374517229, 14.666102151537878 ], [ -88.183485714963425, 14.666065981314786 ], [ -88.183545998668578, 14.666023782721178 ], [ -88.18360025400321, 14.66596952738654 ], [ -88.18369670793146, 14.665915272051901 ], [ -88.183756991636614, 14.66589115856984 ], [ -88.183835360453315, 14.665921300422417 ], [ -88.183859473935371, 14.665939385533964 ], [ -88.183937842752073, 14.666023782721178 ], [ -88.184016211568775, 14.666114208278909 ], [ -88.184076495273928, 14.66618052035458 ], [ -88.184160892461151, 14.666192577095609 ], [ -88.184191034313727, 14.666198605466125 ], [ -88.184239261277838, 14.666210662207156 ], [ -88.184311601724033, 14.666240804059733 ], [ -88.184402027281763, 14.666264917541794 ], [ -88.184480396098465, 14.666228747318701 ], [ -88.184546708174125, 14.666210662207156 ], [ -88.184564793285674, 14.666192577095609 ], [ -88.184667275584445, 14.666138321760972 ], [ -88.184763729512696, 14.666041867832725 ], [ -88.184872240181974, 14.665999669239117 ], [ -88.184926495516606, 14.665957470645509 ], [ -88.185016921074336, 14.665933357163448 ], [ -88.185077204779489, 14.665939385533964 ] ] ] } },
{ "type": "Feature", "properties": { "full_id": null, "osm_id": null, "osm_type": null, "service": null, "highway": null, "layer": null, "bridge": null, "maxspeed": null, "lanes": null, "surface": null, "ref": null, "name": null }, "geometry": { "type": "MultiLineString", "coordinates": [ [ [ -88.161961418038189, 14.664916069638959 ], [ -88.162027730113863, 14.664711105041436 ], [ -88.162057871966439, 14.664632736224736 ], [ -88.162178439376746, 14.664518197184943 ], [ -88.162262836563954, 14.664403658145151 ], [ -88.162365318862712, 14.664295147475874 ], [ -88.162413545826837, 14.664246920511751 ], [ -88.162503971384567, 14.664150466583504 ], [ -88.16256425508972, 14.664078126137319 ], [ -88.162624538794887, 14.664005785691135 ], [ -88.162696879241068, 14.663933445244949 ], [ -88.162781276428277, 14.663873161539795 ], [ -88.162889787097555, 14.663800821093611 ], [ -88.162998297766833, 14.663704367165364 ], [ -88.163088723324563, 14.663638055089695 ], [ -88.163155035400237, 14.663541601161448 ], [ -88.163275602810572, 14.663354721675468 ], [ -88.16326354606953, 14.663294437970315 ], [ -88.163251489328502, 14.663228125894644 ], [ -88.163233404216953, 14.663210040783099 ], [ -88.163224361661179, 14.663161813818977 ], [ -88.163272588625304, 14.66308043081702 ], [ -88.163378085109315, 14.66300206200032 ], [ -88.163561950410042, 14.662884508775269 ], [ -88.163688546190855, 14.662878480404753 ], [ -88.163727730599206, 14.662769969735477 ], [ -88.163676489449841, 14.662577061878983 ], [ -88.163691560376122, 14.662534863285375 ], [ -88.163697588746643, 14.662480607950735 ], [ -88.163688546190869, 14.662320856132078 ], [ -88.163613191559406, 14.662260572426922 ], [ -88.163577021336309, 14.66201340923579 ], [ -88.163408226961877, 14.66176624604466 ], [ -88.163227375846418, 14.661585394929197 ], [ -88.163064609842493, 14.661513054483013 ], [ -88.162859645244978, 14.661428657295797 ], [ -88.162769219687249, 14.661296033144458 ], [ -88.162690850870547, 14.661163408993119 ], [ -88.162600425312817, 14.661048869953326 ], [ -88.162503971384567, 14.660868018837865 ], [ -88.162503971384567, 14.66086199046735 ], [ -88.162437659308893, 14.660741423057042 ], [ -88.162335177010135, 14.660657025869826 ], [ -88.162250779822926, 14.66057262868261 ], [ -88.162130212412606, 14.660385749196633 ], [ -88.162057871966425, 14.660241068304263 ], [ -88.162027730113849, 14.660186812969624 ], [ -88.161973474779217, 14.660114472523439 ], [ -88.161907162703542, 14.660066245559316 ], [ -88.161828793886841, 14.660024046965708 ], [ -88.16175645344066, 14.659999933483647 ], [ -88.161678084623958, 14.659927593037462 ], [ -88.161623829289312, 14.659861280961792 ], [ -88.161521346990554, 14.659800997256639 ], [ -88.161316382393053, 14.659680429846329 ], [ -88.161141559648101, 14.659608089400145 ], [ -88.161117446166045, 14.659529720583445 ] ] ] } },
{ "type": "Feature", "properties": { "full_id": null, "osm_id": null, "osm_type": null, "service": null, "highway": null, "layer": null, "bridge": null, "maxspeed": null, "lanes": null, "surface": null, "ref": null, "name": null }, "geometry": { "type": "MultiLineString", "coordinates": [ [ [ -88.161961418038189, 14.664916069638959 ], [ -88.161934290370795, 14.665060750531326 ], [ -88.161976488964413, 14.665217488164727 ], [ -88.162009645002243, 14.665374225798129 ], [ -88.162021701743271, 14.665521920875754 ], [ -88.162057871966368, 14.66568468687967 ], [ -88.162075957077917, 14.665811282660494 ], [ -88.16203978685482, 14.665925821700286 ], [ -88.162190496117702, 14.666317665783787 ], [ -88.162208581229251, 14.666775821942958 ] ] ] } },
{ "type": "Feature", "properties": { "full_id": null, "osm_id": null, "osm_type": null, "service": null, "highway": null, "layer": null, "bridge": null, "maxspeed": null, "lanes": null, "surface": null, "ref": null, "name": null }, "geometry": { "type": "MultiLineString", "coordinates": [ [ [ -88.161934290370795, 14.665060750531326 ], [ -88.161663013697606, 14.665024580308231 ], [ -88.161554503028327, 14.665009509381946 ], [ -88.161286240540434, 14.664985395899878 ], [ -88.161126488721777, 14.665060750531321 ], [ -88.160957694347303, 14.665223516535242 ], [ -88.160939609235754, 14.665338055575035 ], [ -88.160813013454941, 14.665521920875754 ], [ -88.160743687194014, 14.665699757805958 ], [ -88.160632162339468, 14.665952949367604 ], [ -88.160635176524721, 14.666438233194096 ] ] ] } },
{ "type": "Feature", "properties": { "full_id": null, "osm_id": null, "osm_type": null, "service": null, "highway": null, "layer": null, "bridge": null, "maxspeed": null, "lanes": null, "surface": null, "ref": null, "name": null }, "geometry": { "type": "MultiLineString", "coordinates": [ [ [ -88.157753615418343, 14.673087525872578 ], [ -88.157819927494003, 14.673102596798866 ], [ -88.157844040976073, 14.673108625169382 ], [ -88.157880211199156, 14.673117667725155 ], [ -88.157913367237001, 14.673111639354639 ], [ -88.15794652327483, 14.673102596798866 ], [ -88.157961594201112, 14.673102596798866 ], [ -88.157964608386379, 14.673102596798866 ], [ -88.157997764424209, 14.673093554243094 ], [ -88.15803694883256, 14.673093554243094 ], [ -88.158073119055658, 14.673114653539898 ], [ -88.158085175796685, 14.673117667725155 ], [ -88.158229856689047, 14.673114653539898 ], [ -88.158247941800596, 14.673129724466186 ], [ -88.158290140394215, 14.673159866318763 ], [ -88.158329324802551, 14.673078483316806 ], [ -88.15837152339617, 14.673033270537939 ], [ -88.158440849657097, 14.673000114500105 ], [ -88.158464963139153, 14.672982029388558 ], [ -88.158516204288532, 14.672963944277013 ], [ -88.158555388696882, 14.67296695846227 ], [ -88.158594573105233, 14.67296695846227 ], [ -88.158597587290487, 14.67296695846227 ], [ -88.158615672402036, 14.673039298908455 ], [ -88.158633757513584, 14.67312369609567 ], [ -88.158651842625133, 14.673180965615567 ], [ -88.158672941921935, 14.673171923059794 ], [ -88.158691027033484, 14.673171923059794 ], [ -88.158733225627088, 14.673168908874535 ], [ -88.158745282368116, 14.673144795392474 ], [ -88.158745282368116, 14.673144795392474 ], [ -88.158748296553384, 14.673141781207217 ], [ -88.158781452591214, 14.673159866318763 ], [ -88.15881159444379, 14.673147809577731 ], [ -88.158835707925846, 14.673138767021959 ], [ -88.158883934889971, 14.673156852133506 ], [ -88.158883934889971, 14.673159866318763 ], [ -88.158883934889971, 14.673223164209174 ], [ -88.158908048372041, 14.673289476284845 ], [ -88.158932161854096, 14.673310575581647 ], [ -88.158977374632968, 14.673379901842575 ], [ -88.158977374632968, 14.673379901842575 ], [ -88.159004502300277, 14.673328660693194 ], [ -88.159058757634924, 14.673292490470102 ], [ -88.159134112266358, 14.673247277691237 ], [ -88.159185353415751, 14.673211107468143 ], [ -88.159227552009355, 14.673171923059794 ], [ -88.159272764788213, 14.673135752836702 ], [ -88.159336062678634, 14.673081497502062 ], [ -88.159369218716463, 14.67304532727897 ], [ -88.1594084031248, 14.672969972647527 ], [ -88.159444573347884, 14.672988057759074 ], [ -88.159501842867783, 14.673003128685362 ], [ -88.159510885423558, 14.672979015203302 ], [ -88.159510885423558, 14.672945859165466 ], [ -88.15953198472036, 14.672894618016086 ], [ -88.159571169128711, 14.672846391051962 ], [ -88.15965255213068, 14.672786107346809 ], [ -88.15970982165058, 14.672765008050005 ], [ -88.159733935132635, 14.672768022235262 ], [ -88.159836417431393, 14.672774050605778 ], [ -88.159914786248095, 14.672743908753201 ], [ -88.159938899730165, 14.672644440639697 ], [ -88.159950956471192, 14.672620327157635 ], [ -88.159999183435318, 14.672554015081966 ], [ -88.160035353658401, 14.672520859044131 ], [ -88.160065495510992, 14.672472632080007 ], [ -88.160086594807794, 14.672445504412689 ], [ -88.160107694104596, 14.67244249022743 ], [ -88.160119750845624, 14.672445504412689 ], [ -88.160204148032832, 14.672475646265266 ], [ -88.16024031825593, 14.672511816488358 ], [ -88.160267445923253, 14.672632383898662 ], [ -88.160378970777799, 14.672677596677527 ], [ -88.160529680040682, 14.672761993864743 ], [ -88.160677375118311, 14.672849405237217 ], [ -88.160813013454899, 14.672924759868659 ], [ -88.160900424827375, 14.672954901721237 ], [ -88.1609506, 14.6729731 ] ] ] } },
{ "type": "Feature", "properties": { "full_id": null, "osm_id": null, "osm_type": null, "service": null, "highway": null, "layer": null, "bridge": null, "maxspeed": null, "lanes": null, "surface": null, "ref": null, "name": null }, "geometry": { "type": "MultiLineString", "coordinates": [ [ [ -88.152331096139761, 14.6658745805509 ], [ -88.152254234415636, 14.665934864256052 ], [ -88.152260262786143, 14.666144350131463 ], [ -88.15225574150827, 14.666356850192132 ], [ -88.152230120933581, 14.666430697730945 ], [ -88.152199979081004, 14.666474403417181 ], [ -88.152118596079035, 14.666522630381305 ], [ -88.152061326559149, 14.666525644566564 ], [ -88.151952815889871, 14.666564828974913 ], [ -88.151853347776381, 14.666594970827493 ], [ -88.151747851292356, 14.666715538237801 ], [ -88.15166043991988, 14.666793907054501 ], [ -88.15157001436215, 14.666836105648109 ], [ -88.15147958880442, 14.666947630502644 ], [ -88.151446432766591, 14.667062169542437 ], [ -88.151422319284521, 14.667200822064292 ], [ -88.151337922097298, 14.667441956884907 ], [ -88.151211326316471, 14.667592666147794 ], [ -88.151120900758741, 14.667686105890782 ], [ -88.151039517756786, 14.667788588189543 ], [ -88.150943063828535, 14.668011637898612 ], [ -88.150937035458014, 14.668138233679436 ], [ -88.150921964531733, 14.668240715978198 ], [ -88.150816468047694, 14.668373340129536 ], [ -88.150611503450179, 14.668508978466132 ], [ -88.150527106262956, 14.668611460764895 ], [ -88.150487921854605, 14.668991248107366 ], [ -88.150421609778931, 14.669193198519633 ] ] ] } },
{ "type": "Feature", "properties": { "full_id": null, "osm_id": null, "osm_type": null, "service": null, "highway": null, "layer": null, "bridge": null, "maxspeed": null, "lanes": null, "surface": null, "ref": null, "name": null }, "geometry": { "type": "MultiLineString", "coordinates": [ [ [ -88.170037927436127, 14.700860228837042 ], [ -88.170049984177155, 14.700594980534364 ], [ -88.170037927436127, 14.70039001593684 ], [ -88.169983672101495, 14.70023327830344 ], [ -88.169923388396342, 14.700100654152102 ], [ -88.169893246543765, 14.7000222853354 ], [ -88.169838991209119, 14.699895689554578 ], [ -88.169784735874487, 14.699823349108392 ], [ -88.169736508910361, 14.699763065403239 ], [ -88.169676225205208, 14.699751008662208 ], [ -88.169591828017985, 14.699738951921177 ], [ -88.169507430830777, 14.699690724957055 ], [ -88.1694772889782, 14.699636469622416 ], [ -88.169398920161498, 14.699576185917261 ], [ -88.169374806679429, 14.699540015694168 ], [ -88.169374806679429, 14.699479731989015 ], [ -88.169423033643554, 14.699401363172315 ], [ -88.169423033643554, 14.699359164578707 ], [ -88.169417005273047, 14.699202426945307 ], [ -88.169380835049949, 14.699093916276029 ], [ -88.169272324380671, 14.699075831164484 ], [ -88.169169842081914, 14.698901008419536 ], [ -88.169133671858816, 14.698798526120775 ], [ -88.169043246301086, 14.698756327527168 ], [ -88.169007076077989, 14.698720157304075 ], [ -88.168982962595933, 14.69863576011686 ], [ -88.168862395185627, 14.698587533152738 ], [ -88.168741827775307, 14.698521221077069 ], [ -88.168633317106028, 14.698460937371916 ], [ -88.168573033400875, 14.698370511814185 ], [ -88.168464522731611, 14.698394625296245 ], [ -88.168241473022533, 14.698292142997484 ], [ -88.168126933982748, 14.698286114626969 ], [ -88.167849628939038, 14.698286114626969 ], [ -88.167759203381308, 14.698292142997484 ], [ -88.1675602671543, 14.698123348623053 ], [ -88.167457784855529, 14.698044979806353 ], [ -88.167331189074716, 14.697972639360168 ], [ -88.167156366329763, 14.697833986838313 ], [ -88.166939344991221, 14.697737532910068 ], [ -88.166782607357817, 14.697641078981821 ], [ -88.166704238541115, 14.697562710165121 ], [ -88.166607784612864, 14.69747228460739 ], [ -88.166547500907711, 14.697375830679142 ], [ -88.166360621421731, 14.697207036304713 ], [ -88.166258139122974, 14.697140724229042 ], [ -88.166053174525445, 14.697056327041826 ], [ -88.165884380151013, 14.696953844743065 ], [ -88.165558848143192, 14.696851362444303 ], [ -88.165245372876385, 14.69686944755585 ], [ -88.165191117541752, 14.696881504296881 ], [ -88.165052465019897, 14.696971929854611 ], [ -88.164980124573702, 14.697056327041826 ], [ -88.164829415310834, 14.697219093045742 ], [ -88.164588280490207, 14.697213064675227 ], [ -88.164437571227324, 14.697303490232958 ], [ -88.164317003817018, 14.697321575344503 ], [ -88.164172322924657, 14.69733966045605 ], [ -88.164009556920732, 14.697363773938111 ], [ -88.163907074621974, 14.697387887420174 ], [ -88.163810620693724, 14.697393915790688 ], [ -88.163684024912897, 14.697381859049658 ], [ -88.163620727022519, 14.697412000902235 ], [ -88.163581542614168, 14.697427071828523 ], [ -88.163560443317365, 14.697454199495843 ], [ -88.163557429132112, 14.697517497386254 ], [ -88.163584556799421, 14.697571752720894 ], [ -88.163629769578293, 14.697632036426047 ], [ -88.163759379544373, 14.697674235019655 ], [ -88.163783493026429, 14.697683277575427 ], [ -88.16384679091685, 14.69770739105749 ], [ -88.163882961139933, 14.697740547095323 ], [ -88.163898032066228, 14.697767674762643 ], [ -88.163931188104058, 14.697833986838313 ], [ -88.164030656217562, 14.697885227987694 ], [ -88.164072854811181, 14.69786412869089 ], [ -88.164118067590039, 14.697830972653055 ], [ -88.164133138516334, 14.697791788244706 ], [ -88.164142181072108, 14.697770688947902 ], [ -88.164172322924685, 14.697737532910066 ], [ -88.164226578259317, 14.697728490354294 ], [ -88.164271791038189, 14.697728490354294 ], [ -88.164317003817047, 14.697755618021613 ], [ -88.16434413148437, 14.697776717318417 ], [ -88.164404415189523, 14.697809873356251 ], [ -88.164491826561999, 14.697827958467798 ], [ -88.164561152822927, 14.697824944282539 ], [ -88.164585266304982, 14.697812887541509 ], [ -88.16462143652808, 14.697824944282539 ], [ -88.16462143652808, 14.697827958467798 ], [ -88.164690762789007, 14.697948525878106 ], [ -88.164889699016015, 14.698060050732641 ] ] ] } },
{ "type": "Feature", "properties": { "full_id": null, "osm_id": null, "osm_type": null, "service": null, "highway": null, "layer": null, "bridge": null, "maxspeed": null, "lanes": null, "surface": null, "ref": null, "name": null }, "geometry": { "type": "MultiLineString", "coordinates": [ [ [ -88.163629769578293, 14.697632036426047 ], [ -88.16340973405444, 14.697716433613266 ], [ -88.163186684345362, 14.697776717318419 ], [ -88.162996790674129, 14.69789427054347 ], [ -88.162909379301652, 14.698029908880066 ], [ -88.162788811891346, 14.698144447919859 ], [ -88.162668244481054, 14.69826200114491 ], [ -88.162701400518898, 14.698400653666765 ], [ -88.162719485630447, 14.698542320373877 ], [ -88.162719485630447, 14.698674944525214 ], [ -88.162713457259926, 14.698777426823977 ], [ -88.162671258666293, 14.698985405606757 ], [ -88.162686329592589, 14.699069802793973 ], [ -88.162671258666293, 14.699190370204281 ], [ -88.16261097496114, 14.699338065281909 ], [ -88.162601932405366, 14.699365192949228 ], [ -88.162565762182282, 14.699567143361492 ], [ -88.162553705441255, 14.699699767512829 ], [ -88.162535620329706, 14.699814306552623 ], [ -88.162517535218157, 14.699850476775715 ], [ -88.162402996178372, 14.699874590257776 ], [ -88.162282428768066, 14.699856505146231 ], [ -88.162161861357745, 14.699790193070561 ], [ -88.162035265576932, 14.699760051217984 ], [ -88.161956896760231, 14.699717852624376 ], [ -88.161902641425584, 14.699699767512829 ], [ -88.161745903792195, 14.6996877107718 ], [ -88.161589166158791, 14.699651540548707 ], [ -88.161474627118992, 14.699591256843553 ], [ -88.161311861115081, 14.699530973138399 ], [ -88.161173208593226, 14.69955508662046 ], [ -88.161094839776524, 14.699627427066645 ], [ -88.16102852770085, 14.699723880994892 ], [ -88.160996878755753, 14.699809785274732 ], [ -88.160954680162149, 14.699918295944011 ], [ -88.160933580865347, 14.700069005206895 ], [ -88.160915495753798, 14.700204643543492 ], [ -88.16090494610539, 14.700283012360194 ], [ -88.160892889364362, 14.700368916640038 ], [ -88.160870282974926, 14.700447285456738 ], [ -88.16081602764028, 14.700542232292355 ], [ -88.160712038248889, 14.700727604685705 ], [ -88.16057037154178, 14.700938597653742 ], [ -88.160531187133429, 14.701083278546111 ], [ -88.160513102021753, 14.701315370810955 ] ] ] } },
{ "type": "Feature", "properties": { "full_id": null, "osm_id": null, "osm_type": null, "service": null, "highway": null, "layer": null, "bridge": null, "maxspeed": null, "lanes": null, "surface": null, "ref": null, "name": null }, "geometry": { "type": "MultiLineString", "coordinates": [ [ [ -88.1789636, 14.6550246 ], [ -88.178897493374251, 14.654926847924996 ], [ -88.178874184373953, 14.65486624452419 ], [ -88.178818242773204, 14.654861582724129 ], [ -88.178762301172455, 14.654861582724129 ], [ -88.178671396071252, 14.654805641123385 ], [ -88.178552520169674, 14.654735714122456 ], [ -88.178529211169362, 14.654693757921899 ], [ -88.178482593168752, 14.654635485421124 ], [ -88.178449960568315, 14.65457488202032 ], [ -88.178421989767955, 14.654532925819764 ], [ -88.178398680767643, 14.654490969619205 ], [ -88.178375371767331, 14.654458337018772 ], [ -88.178300782966346, 14.654421042618276 ], [ -88.178282135766096, 14.654351115617347 ], [ -88.178268150365909, 14.654313821216853 ], [ -88.178268150365909, 14.65430915941679 ], [ -88.178277473966034, 14.654243894215924 ], [ -88.178324091966644, 14.654183290815118 ], [ -88.178352062767019, 14.654159981814809 ], [ -88.178403342567705, 14.654132011014436 ], [ -88.178449960568315, 14.654127349214376 ] ] ] } },
{ "type": "Feature", "properties": { "full_id": null, "osm_id": null, "osm_type": null, "service": null, "highway": null, "layer": null, "bridge": null, "maxspeed": null, "lanes": null, "surface": null, "ref": null, "name": null }, "geometry": { "type": "MultiLineString", "coordinates": [ [ [ -88.1793083, 14.6547898 ], [ -88.179329638301795, 14.654773293611772 ], [ -88.179389139147418, 14.654762737010129 ], [ -88.179438083391389, 14.654747381953195 ], [ -88.179495664854898, 14.654723389676736 ], [ -88.179527334659824, 14.654725309058852 ], [ -88.179569561066401, 14.654737785042611 ], [ -88.179606086983668, 14.654752030422673 ], [ -88.179627065083949, 14.654745037722579 ], [ -88.179676013984604, 14.65474270682255 ], [ -88.17975293368562, 14.654745037722579 ], [ -88.179785566286057, 14.654728721422362 ], [ -88.179794889886182, 14.654707743322085 ], [ -88.179790228086119, 14.654700750621991 ], [ -88.179785566286057, 14.654668118021558 ], [ -88.179778573585963, 14.654651801721341 ], [ -88.179792558986151, 14.654630823621062 ], [ -88.179843838786837, 14.654586536520474 ], [ -88.179906773087666, 14.654556234820072 ], [ -88.179955721988321, 14.654542249419887 ], [ -88.179988354588758, 14.654523602219639 ], [ -88.180079259689961, 14.654490969619205 ], [ -88.180151517590915, 14.654474653318989 ], [ -88.180186481091383, 14.654476984219018 ], [ -88.180515137995741, 14.654537587619824 ], [ -88.180855449400269, 14.654588867420506 ], [ -88.181088539403362, 14.654640147221187 ], [ -88.181209746204971, 14.654677441621681 ], [ -88.181526748609187, 14.654891884424531 ], [ -88.181610661010296, 14.654999105825954 ], [ -88.181806456612904, 14.655166930628187 ], [ -88.182039546615997, 14.655297461029921 ], [ -88.182202709618167, 14.655339417230479 ], [ -88.182356549020213, 14.655395358831221 ], [ -88.182622271623728, 14.655497918432584 ], [ -88.182953259428132, 14.655698375835247 ], [ -88.183232967431849, 14.655903495037972 ], [ -88.183456733834817, 14.656061996240078 ], [ -88.18367117663766, 14.656145908641193 ], [ -88.183750427238678, 14.656183203041694 ], [ -88.183783059839115, 14.656239144642438 ], [ -88.183787721639177, 14.656309071643367 ], [ -88.183880957640412, 14.656455918345317 ], [ -88.183978855441723, 14.656544492546494 ], [ -88.184030135242395, 14.656591110547113 ], [ -88.184090738643206, 14.656647052147857 ], [ -88.184125702143675, 14.656696001048507 ], [ -88.184132694843768, 14.656742619049126 ], [ -88.184197960044628, 14.656826531450241 ], [ -88.184316835946206, 14.656877811250922 ], [ -88.184407741047423, 14.656929091051603 ], [ -88.184475337148314, 14.656952400051914 ], [ -88.184542933249219, 14.656964054552068 ], [ -88.184580227649704, 14.65694540735182 ], [ -88.184617522050203, 14.656915105651418 ], [ -88.184647823750609, 14.656868487650799 ], [ -88.184678125451015, 14.656856833150643 ], [ -88.184727074351656, 14.656849840450551 ], [ -88.184806324952717, 14.656863825850737 ], [ -88.184834295753078, 14.656875480350891 ], [ -88.18498114245503, 14.656982701752314 ], [ -88.185183930757731, 14.657089923153739 ], [ -88.185309799359402, 14.657148195654514 ], [ -88.185398373560574, 14.657197144555164 ], [ -88.185554543862651, 14.657276395156217 ], [ -88.185650110763916, 14.657311358656681 ], [ -88.185775979365602, 14.657288049656371 ], [ -88.185927487867602, 14.657311358656679 ], [ -88.186051025569256, 14.657348653057175 ], [ -88.18614426157049, 14.657381285657609 ], [ -88.186251482971912, 14.657423241858167 ], [ -88.186426300474238, 14.657446550858475 ], [ -88.186489234775067, 14.657479183458909 ], [ -88.186596456176488, 14.657497830659157 ] ] ] } },
{ "type": "Feature", "properties": { "full_id": null, "osm_id": null, "osm_type": null, "service": null, "highway": null, "layer": null, "bridge": null, "maxspeed": null, "lanes": null, "surface": null, "ref": null, "name": null }, "geometry": { "type": "MultiLineString", "coordinates": [ [ [ -88.1640492, 14.684882 ], [ -88.164357338981119, 14.684648154219856 ], [ -88.164632385184774, 14.684615521619422 ], [ -88.164963372989178, 14.684531609218308 ], [ -88.165093903390911, 14.684457020417318 ], [ -88.165201124792333, 14.684443035017132 ], [ -88.165420229395238, 14.684480329417626 ], [ -88.165499479996299, 14.684471005817503 ], [ -88.165560083397096, 14.684424387816884 ], [ -88.165723246399267, 14.684447696817193 ], [ -88.165746555399579, 14.684494314817814 ], [ -88.165858438601063, 14.684545594618493 ], [ -88.165951674602297, 14.684503638417937 ], [ -88.166002954402984, 14.684433711417007 ], [ -88.166007616203046, 14.684387093416388 ], [ -88.166086866804093, 14.684256563014655 ], [ -88.166287324206763, 14.684130694412982 ], [ -88.166417854608497, 14.684130694412982 ], [ -88.166604326610965, 14.684228592214282 ], [ -88.166716209812463, 14.684349799015893 ], [ -88.166837416614072, 14.684415064216759 ], [ -88.16704253581679, 14.684433711417007 ], [ -88.16704253581679, 14.684433711417007 ], [ -88.167187051618711, 14.684471005817503 ], [ -88.167438788822054, 14.684601536219237 ], [ -88.167601951824224, 14.68463416881967 ], [ -88.167620599024474, 14.684671463220166 ], [ -88.167597290024162, 14.684820640822148 ], [ -88.167606613624287, 14.684890567823077 ], [ -88.167676540625209, 14.68501643642475 ], [ -88.16782105642713, 14.685179599426917 ], [ -88.167881659827941, 14.685240202827721 ], [ -88.168007528429627, 14.68529614442847 ], [ -88.168105426230923, 14.685454645630575 ], [ -88.16822197123247, 14.685902178436521 ], [ -88.168259265632969, 14.68633572584228 ], [ -88.168105426230923, 14.686550168645127 ], [ -88.167830380027269, 14.686801905848471 ], [ -88.167471421422505, 14.687146879053056 ], [ -88.167331567420646, 14.68749185225764 ], [ -88.167284949420022, 14.687864796262593 ], [ -88.1668882, 14.6884974 ] ] ] } },
{ "type": "Feature", "properties": { "full_id": null, "osm_id": null, "osm_type": null, "service": null, "highway": null, "layer": null, "bridge": null, "maxspeed": null, "lanes": null, "surface": null, "ref": null, "name": null }, "geometry": { "type": "MultiLineString", "coordinates": [ [ [ -88.169900219254814, 14.676522636711914 ], [ -88.169881572054564, 14.676592563712843 ], [ -88.169806983253579, 14.676690461514143 ], [ -88.169732394452595, 14.676769712115195 ], [ -88.169690438252033, 14.676844300916187 ], [ -88.169648482051471, 14.67687693351662 ], [ -88.169671791051783, 14.676993478518169 ], [ -88.169601864050861, 14.677054081918975 ], [ -88.169489980849363, 14.677096038119531 ], [ -88.169415392048379, 14.67716596512046 ], [ -88.169373435847817, 14.677217244921142 ], [ -88.169317494247082, 14.677231230321327 ], [ -88.169280199846582, 14.67723589212139 ], [ -88.169177640245223, 14.677240553921452 ], [ -88.169051771643552, 14.677273186521886 ], [ -88.169005153642928, 14.677319804522504 ], [ -88.168991168242741, 14.677352437122938 ], [ -88.16895853564229, 14.677417702323803 ], [ -88.168944550242102, 14.677576203525907 ], [ -88.16893988844204, 14.677650792326899 ], [ -88.168902594041541, 14.677716057527766 ], [ -88.168841990640743, 14.67777199912851 ], [ -88.168809358040306, 14.677818617129128 ], [ -88.168776725439869, 14.677860573329687 ], [ -88.168762740039682, 14.677925838530554 ], [ -88.16875807823962, 14.678047045332162 ], [ -88.168772063639807, 14.678149604933525 ], [ -88.168832667040618, 14.678312767935694 ], [ -88.168888608641353, 14.678387356736684 ], [ -88.169009815442962, 14.678424651137179 ], [ -88.169093727844086, 14.678466607337738 ], [ -88.169131022244571, 14.678503901738232 ], [ -88.169228920045882, 14.678606461339594 ], [ -88.169317494247053, 14.67871834454108 ], [ -88.169317494247053, 14.678848874942815 ], [ -88.169326817847178, 14.678960758144301 ], [ -88.169373435847803, 14.679165877347026 ], [ -88.169359450447615, 14.679287084148637 ], [ -88.169336141447303, 14.679506188751548 ], [ -88.169289523446679, 14.6796833371539 ], [ -88.169322156047159, 14.679729955154524 ], [ -88.169354788647581, 14.679832514755887 ], [ -88.16941073024833, 14.679902441756814 ], [ -88.169536598850001, 14.67993507435725 ], [ -88.169578555050563, 14.67993973615731 ], [ -88.169629834851236, 14.679949059757435 ], [ -88.169681114651922, 14.679930412557187 ], [ -88.169737056252657, 14.679855823756196 ], [ -88.16974171805272, 14.679851161956135 ], [ -88.169797659653469, 14.679804543955514 ], [ -88.169848939454155, 14.679771911355081 ], [ -88.169965484455702, 14.679762587754958 ], [ -88.169984131655951, 14.679753264154833 ], [ -88.17017060365842, 14.679762587754958 ], [ -88.170305795860216, 14.679785896755266 ], [ -88.170394370061402, 14.679827852955825 ], [ -88.170468958862386, 14.679883794556568 ], [ -88.170576180263808, 14.679944397957373 ], [ -88.170683401665229, 14.68003763395861 ], [ -88.170706710665542, 14.680088913759292 ], [ -88.170739343265979, 14.680210120560902 ], [ -88.170744005066041, 14.680359298162884 ], [ -88.170744005066041, 14.680373283563071 ], [ -88.170767314066353, 14.680485166764557 ], [ -88.17079994666679, 14.680541108365301 ], [ -88.170832579267213, 14.68059238816598 ], [ -88.170893182668024, 14.680657653366849 ], [ -88.170925815268461, 14.680727580367776 ], [ -88.170925815268461, 14.680792845568645 ], [ -88.170921153468399, 14.680872096169697 ] ] ] } },
{ "type": "Feature", "properties": { "full_id": null, "osm_id": null, "osm_type": null, "service": null, "highway": null, "layer": null, "bridge": null, "maxspeed": null, "lanes": null, "surface": null, "ref": null, "name": null }, "geometry": { "type": "MultiLineString", "coordinates": [ [ [ -88.171960734882205, 14.673576379072781 ], [ -88.1717043358788, 14.673818792676002 ], [ -88.171480569475833, 14.67393533767755 ], [ -88.170967771469023, 14.674047220879036 ], [ -88.170417679061714, 14.674182413080832 ], [ -88.16966014955041, 14.674249243107358 ] ] ] } },
{ "type": "Feature", "properties": { "full_id": null, "osm_id": null, "osm_type": null, "service": null, "highway": null, "layer": null, "bridge": null, "maxspeed": null, "lanes": null, "surface": null, "ref": null, "name": null }, "geometry": { "type": "MultiLineString", "coordinates": [ [ [ -88.171914116881553, 14.674308281682514 ], [ -88.171764939279583, 14.674737167288212 ], [ -88.171727644879084, 14.675231318094777 ], [ -88.171736968479209, 14.675781410502085 ], [ -88.172026000083051, 14.67654594571224 ], [ -88.172203148485409, 14.677086714519426 ], [ -88.172464209288876, 14.677590188926114 ], [ -88.172743917292593, 14.677907191330325 ], [ -88.172883771294451, 14.678121634133175 ], [ -88.172958360095436, 14.678429312937261 ], [ -88.172921065694936, 14.678755638941597 ], [ -88.172818506093577, 14.679370996549771 ], [ -88.172809182493452, 14.679669351753736 ] ] ] } },
{ "type": "Feature", "properties": { "full_id": null, "osm_id": null, "osm_type": null, "service": null, "highway": null, "layer": null, "bridge": null, "maxspeed": null, "lanes": null, "surface": null, "ref": null, "name": null }, "geometry": { "type": "MultiLineString", "coordinates": [ [ [ -88.171923440481692, 14.676303532109022 ], [ -88.168762740039682, 14.677981780131319 ] ] ] } },
{ "type": "Feature", "properties": { "full_id": null, "osm_id": null, "osm_type": null, "service": null, "highway": null, "layer": null, "bridge": null, "maxspeed": null, "lanes": null, "surface": null, "ref": null, "name": null }, "geometry": { "type": "MultiLineString", "coordinates": [ [ [ -88.1769982, 14.6625226 ], [ -88.176833884825939, 14.662541216361745 ], [ -88.176538499522948, 14.662304995695914 ], [ -88.176333144690247, 14.662300632315919 ], [ -88.176109670999566, 14.662020826061354 ], [ -88.176047445886965, 14.661799632841003 ], [ -88.176007533591687, 14.661599937258496 ], [ -88.175956897565015, 14.661470530163275 ], [ -88.175950685058481, 14.661346300979815 ], [ -88.175916149293101, 14.661114162353984 ], [ -88.175832275198857, 14.660995728605922 ], [ -88.175754181136611, 14.660920486674254 ], [ -88.175725829180053, 14.660807174708077 ], [ -88.175741439346353, 14.660612600872813 ] ] ] } },
{ "type": "Feature", "properties": { "full_id": null, "osm_id": null, "osm_type": null, "service": null, "highway": null, "layer": null, "bridge": null, "maxspeed": null, "lanes": null, "surface": null, "ref": null, "name": null }, "geometry": { "type": "MultiLineString", "coordinates": [ [ [ -88.1769982, 14.6625226 ], [ -88.176877413916742, 14.662378916995076 ], [ -88.176797241370522, 14.661914696397393 ], [ -88.17677250481762, 14.661439389855612 ], [ -88.176782968685217, 14.661320478944807 ], [ -88.17662608737534, 14.661040336043643 ], [ -88.176468456515721, 14.660619728295494 ], [ -88.176490019155267, 14.660500761217296 ], [ -88.17665384424231, 14.660002889759308 ], [ -88.176663558121092, 14.659743514134304 ], [ -88.176607026796987, 14.659549305375183 ], [ -88.176539627783669, 14.659398372666837 ], [ -88.176494195224535, 14.659204107698301 ], [ -88.176365725609742, 14.659048081296389 ], [ -88.1762914, 14.6589279 ] ] ] } },
{ "type": "Feature", "properties": { "full_id": null, "osm_id": null, "osm_type": null, "service": null, "highway": null, "layer": null, "bridge": null, "maxspeed": null, "lanes": null, "surface": null, "ref": null, "name": null }, "geometry": { "type": "MultiLineString", "coordinates": [ [ [ -88.161141559648101, 14.659608089400145 ], [ -88.161055461650292, 14.659698100943309 ], [ -88.160801081202223, 14.65982333439467 ], [ -88.160734550931181, 14.659827247940024 ], [ -88.160476256937756, 14.659991616844934 ], [ -88.160311888032851, 14.660281219201204 ], [ -88.160143605582576, 14.660496464195729 ], [ -88.160057507584767, 14.660535599649279 ], [ -88.159822694863493, 14.660508204831794 ], [ -88.159501784144382, 14.660382971380434 ], [ -88.159259144332367, 14.660230343111589 ], [ -88.159102602518175, 14.66021468893017 ], [ -88.15890692525042, 14.660183380567329 ], [ -88.158683853165186, 14.660183380567329 ], [ -88.158507743624213, 14.66011293675094 ], [ -88.15840599144498, 14.660030752298484 ], [ -88.158319893447171, 14.65993291366461 ], [ -88.158214227722596, 14.659968135572806 ], [ -88.157948106638443, 14.66005814711597 ], [ -88.157869835731347, 14.66009728256952 ] ] ] } },
{ "type": "Feature", "properties": { "full_id": null, "osm_id": null, "osm_type": null, "service": null, "highway": null, "layer": null, "bridge": null, "maxspeed": null, "lanes": null, "surface": null, "ref": null, "name": null }, "geometry": { "type": "MultiLineString", "coordinates": [ [ [ -88.1809486, 14.6590795 ], [ -88.181056122515855, 14.659036241293149 ], [ -88.181173204824987, 14.659018966854099 ], [ -88.181238463816953, 14.658970982301179 ], [ -88.181322916630094, 14.658930675276727 ], [ -88.181407369443235, 14.658876932577458 ], [ -88.181486064110018, 14.658819351113953 ], [ -88.181557081248343, 14.658796318528552 ], [ -88.181631937150897, 14.658790560382203 ], [ -88.18167416355746, 14.658771366561034 ], [ -88.181708712435565, 14.658748333975632 ], [ -88.181735583785198, 14.658709946333298 ], [ -88.18176245513483, 14.658692671894247 ], [ -88.181825794744682, 14.658673478073078 ], [ -88.181969748403432, 14.658673478073078 ], [ -88.182081072566206, 14.658656203634028 ], [ -88.182161686615117, 14.658629332284393 ], [ -88.18225765572096, 14.658602460934757 ], [ -88.182342108534087, 14.658575589585123 ], [ -88.182472626518035, 14.658533363178551 ], [ -88.182603144501982, 14.658523766267967 ], [ -88.18278548580308, 14.658525685650083 ], [ -88.182896809965854, 14.658577508967237 ], [ -88.183000456600169, 14.658688833130011 ], [ -88.183081070649067, 14.658761769650448 ], [ -88.183203911104542, 14.658838544935119 ], [ -88.183357461673893, 14.658888448870156 ], [ -88.183449592015492, 14.658922997748258 ], [ -88.183453430779721, 14.658926836512491 ], [ -88.183507173479001, 14.659030483146797 ], [ -88.183664562812567, 14.6590765483176 ], [ -88.183764370682638, 14.659095742138769 ], [ -88.183898727430815, 14.659157162366505 ], [ -88.184117536992133, 14.659360616870885 ], [ -88.1841827959841, 14.659441230919789 ], [ -88.184286442618387, 14.659541038789863 ], [ -88.184347862846124, 14.659625491603 ], [ -88.184439993187723, 14.659729138237307 ], [ -88.184589704992831, 14.659851978692782 ], [ -88.18473557803371, 14.659921076448985 ], [ -88.184866096017657, 14.659974819148255 ], [ -88.184950548830798, 14.660028561847525 ], [ -88.184996614001591, 14.660097659603728 ], [ -88.185150164570942, 14.660366373100079 ], [ -88.185280682554875, 14.660569827604457 ], [ -88.185376651660718, 14.660631247832194 ], [ -88.185422716831525, 14.660754088287669 ], [ -88.185449588181157, 14.660850057393509 ], [ -88.185491814587721, 14.660915316385479 ], [ -88.185595461222036, 14.661045834369419 ], [ -88.185660720214003, 14.661130287182559 ], [ -88.185714462913282, 14.661279998987666 ], [ -88.185699107856351, 14.66140283944314 ], [ -88.185653042685544, 14.661491131020512 ], [ -88.185622332571668, 14.661552551248249 ], [ -88.185557073579702, 14.661610132711752 ], [ -88.185461104473859, 14.661637004061387 ], [ -88.185407361774594, 14.661663875411023 ], [ -88.185353619075329, 14.661698424289124 ], [ -88.185288360083362, 14.661725295638758 ], [ -88.185246133676785, 14.661756005752627 ], [ -88.185230778619854, 14.661771360809562 ], [ -88.185188552213276, 14.661871168679635 ], [ -88.185173197156345, 14.661994009135109 ], [ -88.185173197156345, 14.662043913070145 ], [ -88.185216563358367, 14.662160796171181 ] ] ] } },
{ "type": "Feature", "properties": { "full_id": null, "osm_id": null, "osm_type": null, "service": null, "highway": null, "layer": null, "bridge": null, "maxspeed": null, "lanes": null, "surface": null, "ref": null, "name": null }, "geometry": { "type": "MultiLineString", "coordinates": [ [ [ -88.174344482091144, 14.656729761279117 ], [ -88.174302255684566, 14.656910183198093 ], [ -88.174217802871425, 14.657040701182035 ], [ -88.174156382643687, 14.657155864109042 ], [ -88.174129511294055, 14.657328608499553 ], [ -88.17416406017216, 14.657489836597362 ], [ -88.174244674221057, 14.657639548402472 ], [ -88.174271545570704, 14.657754711329478 ], [ -88.174244674221057, 14.657885229313418 ], [ -88.174283061863406, 14.657977359655025 ], [ -88.174313771977268, 14.658169297866703 ], [ -88.174336804562671, 14.658295977086411 ], [ -88.174355998383845, 14.658453366419987 ], [ -88.174436612432743, 14.658583884403928 ], [ -88.174475000075077, 14.658641465867431 ], [ -88.174574807945149, 14.658722079916338 ], [ -88.174609356823254, 14.658833404079109 ], [ -88.174609356823254, 14.65894088947765 ], [ -88.174559452888218, 14.659052213640424 ], [ -88.174632389408657, 14.65916737656743 ], [ -88.174732197278729, 14.659294055787138 ], [ -88.174832005148801, 14.659478316470349 ], [ -88.174962523132749, 14.659739352438232 ], [ -88.174977878189679, 14.659869870422172 ], [ -88.174958684368519, 14.659969678292246 ], [ -88.174954845604276, 14.660115551333121 ], [ -88.175066169767064, 14.66020000414626 ], [ -88.175212042807928, 14.660311328309033 ], [ -88.175492272596983, 14.660484072699543 ], [ -88.175741439346353, 14.660612600872813 ] ] ] } },
{ "type": "Feature", "properties": { "full_id": null, "osm_id": null, "osm_type": null, "service": null, "highway": null, "layer": null, "bridge": null, "maxspeed": null, "lanes": null, "surface": null, "ref": null, "name": null }, "geometry": { "type": "MultiLineString", "coordinates": [ [ [ -88.174244674221057, 14.657885229313418 ], [ -88.17402586465974, 14.657854519199551 ], [ -88.173853120269229, 14.657762388857947 ], [ -88.173588245537118, 14.657624193345537 ], [ -88.173288821926889, 14.657466804011962 ], [ -88.173208207877991, 14.657320930971085 ], [ -88.173108400007919, 14.657194251751379 ], [ -88.173031624723251, 14.657094443881306 ], [ -88.172916461796234, 14.65704453994627 ], [ -88.1727616, 14.6569428 ] ] ] } },
{ "type": "Feature", "properties": { "full_id": null, "osm_id": null, "osm_type": null, "service": null, "highway": null, "layer": null, "bridge": null, "maxspeed": null, "lanes": null, "surface": null, "ref": null, "name": null }, "geometry": { "type": "MultiLineString", "coordinates": [ [ [ -88.199802451991886, 14.695047647384113 ], [ -88.199701196308666, 14.694942215791301 ], [ -88.199455726093547, 14.694934996079091 ], [ -88.199304112137142, 14.69484835953258 ], [ -88.199174157317387, 14.694718404712813 ], [ -88.199109179907495, 14.694638987878511 ], [ -88.198921467390051, 14.694523472483162 ], [ -88.1988059519947, 14.694458495073278 ], [ -88.198603800052851, 14.694371858526766 ], [ -88.198603800052851, 14.694364638814557 ], [ -88.198430526959825, 14.694299661404672 ], [ -88.198264473579016, 14.694415176800021 ], [ -88.197816851422033, 14.694833920108161 ], [ -88.197658017753426, 14.694906117230254 ], [ -88.197491964372617, 14.695028852337812 ], [ -88.197275373006335, 14.695064950898859 ], [ -88.196979364805756, 14.695072170611068 ] ] ] } },
{ "type": "Feature", "properties": { "full_id": null, "osm_id": null, "osm_type": null, "service": null, "highway": null, "layer": null, "bridge": null, "maxspeed": null, "lanes": null, "surface": null, "ref": null, "name": null }, "geometry": { "type": "MultiLineString", "coordinates": [ [ [ -88.198430526959825, 14.694299661404672 ], [ -88.19833667070111, 14.694090289750603 ], [ -88.198213935593557, 14.693917016657579 ], [ -88.198040662500532, 14.693736523852346 ], [ -88.1979395865296, 14.693613788744788 ], [ -88.197860169695304, 14.693498273349439 ], [ -88.197852949983087, 14.693375538241881 ], [ -88.197867389407506, 14.693317780544207 ], [ -88.197816851422047, 14.693245583422115 ], [ -88.197766313436574, 14.693223924285487 ], [ -88.197694116314494, 14.693195045436649 ], [ -88.197636358616819, 14.693043431480254 ], [ -88.197607479767981, 14.692927916084905 ], [ -88.19747030523601, 14.692776302128511 ], [ -88.197369229265078, 14.692574150186651 ], [ -88.197333130704038, 14.692487513640138 ], [ -88.197253713869728, 14.692400877093627 ], [ -88.197232054733107, 14.692314240547116 ], [ -88.197159857611013, 14.692119308317466 ], [ -88.19710931962554, 14.691996573209908 ], [ -88.197037122503446, 14.691881057814559 ], [ -88.196964925381351, 14.691779981843627 ], [ -88.196950485956933, 14.691693345297116 ], [ -88.196907167683676, 14.691606708750605 ] ] ] } },
{ "type": "Feature", "properties": { "full_id": null, "osm_id": null, "osm_type": null, "service": null, "highway": null, "layer": null, "bridge": null, "maxspeed": null, "lanes": null, "surface": null, "ref": null, "name": null }, "geometry": { "type": "MultiLineString", "coordinates": [ [ [ -88.196928826820312, 14.690834199544211 ], [ -88.196950485956933, 14.690985813500605 ], [ -88.196964925381351, 14.691180745730257 ], [ -88.196957705669135, 14.69124572314014 ], [ -88.196928826820312, 14.691368458247698 ], [ -88.196907167683676, 14.691606708750605 ], [ -88.196741114302867, 14.691736663570373 ], [ -88.196524522936585, 14.69176554241921 ], [ -88.196322370994721, 14.69176554241921 ], [ -88.196019143081926, 14.69176554241921 ], [ -88.195845869988915, 14.691808860692465 ], [ -88.195773672866821, 14.691808860692465 ] ] ] } }
]
}
