{
"type": "FeatureCollection",
"name": "imp_DESA",
"crs": { "type": "name", "properties": { "name": "urn:ogc:def:crs:OGC:1.3:CRS84" } },
"features": [
{ "type": "Feature", "properties": { "Latitud Origen": 13.24686111, "Longitud Origen": -87.3508611, "Usuario Origen": "Juan Sanchez Cantillano" }, "geometry": { "type": "Point", "coordinates": [ -87.3508611, 13.24686111 ] } },
{ "type": "Feature", "properties": { "Latitud Origen": 13.2941403, "Longitud Origen": -87.3036394, "Usuario Origen": "Juan Sanchez Cantillano" }, "geometry": { "type": "Point", "coordinates": [ -87.3036394, 13.2941403 ] } },
{ "type": "Feature", "properties": { "Latitud Origen": 13.30422222, "Longitud Origen": -87.19125, "Usuario Origen": "Juan Sanchez Cantillano" }, "geometry": { "type": "Point", "coordinates": [ -87.19125, 13.30422222 ] } },
{ "type": "Feature", "properties": { "Latitud Origen": 13.30468, "Longitud Origen": -87.18299, "Usuario Origen": "Juan Sanchez Cantillano" }, "geometry": { "type": "Point", "coordinates": [ -87.18299, 13.30468 ] } },
{ "type": "Feature", "properties": { "Latitud Origen": 13.30755123, "Longitud Origen": -87.1786136, "Usuario Origen": "Juan Sanchez Cantillano" }, "geometry": { "type": "Point", "coordinates": [ -87.1786136, 13.30755123 ] } },
{ "type": "Feature", "properties": { "Latitud Origen": 13.30850055, "Longitud Origen": -87.1912266, "Usuario Origen": "Juan Sanchez Cantillano" }, "geometry": { "type": "Point", "coordinates": [ -87.1912266, 13.30850055 ] } },
{ "type": "Feature", "properties": { "Latitud Origen": 13.31062, "Longitud Origen": -87.18366, "Usuario Origen": "Juan Sanchez Cantillano" }, "geometry": { "type": "Point", "coordinates": [ -87.18366, 13.31062 ] } },
{ "type": "Feature", "properties": { "Latitud Origen": 13.31344445, "Longitud Origen": -87.1784167, "Usuario Origen": "Juan Sanchez Cantillano" }, "geometry": { "type": "Point", "coordinates": [ -87.1784167, 13.31344445 ] } },
{ "type": "Feature", "properties": { "Latitud Origen": 13.31686353, "Longitud Origen": -87.167448, "Usuario Origen": "Juan Sanchez Cantillano" }, "geometry": { "type": "Point", "coordinates": [ -87.167448, 13.31686353 ] } },
{ "type": "Feature", "properties": { "Latitud Origen": 13.318558, "Longitud Origen": -87.197916, "Usuario Origen": "Juan Sanchez Cantillano" }, "geometry": { "type": "Point", "coordinates": [ -87.197916, 13.318558 ] } },
{ "type": "Feature", "properties": { "Latitud Origen": 13.331733, "Longitud Origen": -87.229179, "Usuario Origen": "Juan Sanchez Cantillano" }, "geometry": { "type": "Point", "coordinates": [ -87.229179, 13.331733 ] } },
{ "type": "Feature", "properties": { "Latitud Origen": 13.339916, "Longitud Origen": -87.2555, "Usuario Origen": "Juan Sanchez Cantillano" }, "geometry": { "type": "Point", "coordinates": [ -87.2555, 13.339916 ] } },
{ "type": "Feature", "properties": { "Latitud Origen": 13.34444524, "Longitud Origen": -87.2686122, "Usuario Origen": "Juan Sanchez Cantillano" }, "geometry": { "type": "Point", "coordinates": [ -87.2686122, 13.34444524 ] } },
{ "type": "Feature", "properties": { "Latitud Origen": 13.35336042, "Longitud Origen": -87.1344403, "Usuario Origen": "Juan Sanchez Cantillano" }, "geometry": { "type": "Point", "coordinates": [ -87.1344403, 13.35336042 ] } },
{ "type": "Feature", "properties": { "Latitud Origen": 13.40794444, "Longitud Origen": -87.3172194, "Usuario Origen": "Juan Sanchez Cantillano" }, "geometry": { "type": "Point", "coordinates": [ -87.3172194, 13.40794444 ] } },
{ "type": "Feature", "properties": { "Latitud Origen": 13.4183, "Longitud Origen": -87.4483861, "Usuario Origen": "Juan Sanchez Cantillano" }, "geometry": { "type": "Point", "coordinates": [ -87.4483861, 13.4183 ] } },
{ "type": "Feature", "properties": { "Latitud Origen": 13.42919444, "Longitud Origen": -87.4502972, "Usuario Origen": "Juan Sanchez Cantillano" }, "geometry": { "type": "Point", "coordinates": [ -87.4502972, 13.42919444 ] } },
{ "type": "Feature", "properties": { "Latitud Origen": 13.53205, "Longitud Origen": -87.434078, "Usuario Origen": "Juan Sanchez Cantillano" }, "geometry": { "type": "Point", "coordinates": [ -87.434078, 13.53205 ] } },
{ "type": "Feature", "properties": { "Latitud Origen": 13.67740636, "Longitud Origen": -87.3243659, "Usuario Origen": "Juan Sanchez Cantillano" }, "geometry": { "type": "Point", "coordinates": [ -87.3243659, 13.67740636 ] } },
{ "type": "Feature", "properties": { "Latitud Origen": 13.77216815, "Longitud Origen": -87.3096299, "Usuario Origen": "Juan Sanchez Cantillano" }, "geometry": { "type": "Point", "coordinates": [ -87.3096299, 13.77216815 ] } },
{ "type": "Feature", "properties": { "Latitud Origen": 13.78491667, "Longitud Origen": -87.3108306, "Usuario Origen": "Juan Sanchez Cantillano" }, "geometry": { "type": "Point", "coordinates": [ -87.3108306, 13.78491667 ] } },
{ "type": "Feature", "properties": { "Latitud Origen": 13.79308056, "Longitud Origen": -87.3114417, "Usuario Origen": "Juan Sanchez Cantillano" }, "geometry": { "type": "Point", "coordinates": [ -87.3114417, 13.79308056 ] } },
{ "type": "Feature", "properties": { "Latitud Origen": 13.80585897, "Longitud Origen": -87.2712221, "Usuario Origen": "Juan Sanchez Cantillano" }, "geometry": { "type": "Point", "coordinates": [ -87.2712221, 13.80585897 ] } },
{ "type": "Feature", "properties": { "Latitud Origen": 13.805859, "Longitud Origen": -87.271222, "Usuario Origen": "Juan Sanchez Cantillano" }, "geometry": { "type": "Point", "coordinates": [ -87.271222, 13.805859 ] } },
{ "type": "Feature", "properties": { "Latitud Origen": 13.90305164, "Longitud Origen": -87.2363838, "Usuario Origen": "Juan Sanchez Cantillano" }, "geometry": { "type": "Point", "coordinates": [ -87.2363838, 13.90305164 ] } },
{ "type": "Feature", "properties": { "Latitud Origen": 13.94736462, "Longitud Origen": -87.2472791, "Usuario Origen": "Juan Sanchez Cantillano" }, "geometry": { "type": "Point", "coordinates": [ -87.2472791, 13.94736462 ] } },
{ "type": "Feature", "properties": { "Latitud Origen": 13.95727778, "Longitud Origen": -87.2080278, "Usuario Origen": "Juan Sanchez Cantillano" }, "geometry": { "type": "Point", "coordinates": [ -87.2080278, 13.95727778 ] } },
{ "type": "Feature", "properties": { "Latitud Origen": 14.02283495, "Longitud Origen": -87.2119645, "Usuario Origen": "Juan Sanchez Cantillano" }, "geometry": { "type": "Point", "coordinates": [ -87.2119645, 14.02283495 ] } },
{ "type": "Feature", "properties": { "Latitud Origen": 14.034047, "Longitud Origen": -87.237934, "Usuario Origen": "Juan Sanchez Cantillano" }, "geometry": { "type": "Point", "coordinates": [ -87.237934, 14.034047 ] } },
{ "type": "Feature", "properties": { "Latitud Origen": 14.03805556, "Longitud Origen": -87.2346667, "Usuario Origen": "Juan Sanchez Cantillano" }, "geometry": { "type": "Point", "coordinates": [ -87.2346667, 14.03805556 ] } },
{ "type": "Feature", "properties": { "Latitud Origen": 14.03880556, "Longitud Origen": -87.2042778, "Usuario Origen": "Juan Sanchez Cantillano" }, "geometry": { "type": "Point", "coordinates": [ -87.2042778, 14.03880556 ] } },
{ "type": "Feature", "properties": { "Latitud Origen": 14.040818, "Longitud Origen": -87.232405, "Usuario Origen": "Juan Sanchez Cantillano" }, "geometry": { "type": "Point", "coordinates": [ -87.232405, 14.040818 ] } },
{ "type": "Feature", "properties": { "Latitud Origen": 14.04177307, "Longitud Origen": -87.2172611, "Usuario Origen": "Jorge Alberto Avila Menjivar/Jorge Seguridad DESA/POTENCIA Y ENERGIA DE MESOAMERICA S.A. DE CV (paga)/SEGURIDAD PHAZ" }, "geometry": { "type": "Point", "coordinates": [ -87.2172611, 14.04177307 ] } },
{ "type": "Feature", "properties": { "Latitud Origen": 14.04177307, "Longitud Origen": -87.2172611, "Usuario Origen": "Juan Sanchez Cantillano" }, "geometry": { "type": "Point", "coordinates": [ -87.2172611, 14.04177307 ] } },
{ "type": "Feature", "properties": { "Latitud Origen": 14.042431, "Longitud Origen": -87.23573, "Usuario Origen": "Juan Sanchez Cantillano" }, "geometry": { "type": "Point", "coordinates": [ -87.23573, 14.042431 ] } },
{ "type": "Feature", "properties": { "Latitud Origen": 14.04255539, "Longitud Origen": -87.2119456, "Usuario Origen": "Juan Sanchez Cantillano" }, "geometry": { "type": "Point", "coordinates": [ -87.2119456, 14.04255539 ] } },
{ "type": "Feature", "properties": { "Latitud Origen": 14.04314637, "Longitud Origen": -87.186004, "Usuario Origen": "Juan Sanchez Cantillano" }, "geometry": { "type": "Point", "coordinates": [ -87.186004, 14.04314637 ] } },
{ "type": "Feature", "properties": { "Latitud Origen": 14.04671944, "Longitud Origen": -87.2337778, "Usuario Origen": "Juan Sanchez Cantillano" }, "geometry": { "type": "Point", "coordinates": [ -87.2337778, 14.04671944 ] } },
{ "type": "Feature", "properties": { "Latitud Origen": 14.04860414, "Longitud Origen": -87.2586961, "Usuario Origen": "Jorge Alberto Avila Menjivar/Jorge Seguridad DESA/POTENCIA Y ENERGIA DE MESOAMERICA S.A. DE CV (paga)/SEGURIDAD PHAZ" }, "geometry": { "type": "Point", "coordinates": [ -87.2586961, 14.04860414 ] } },
{ "type": "Feature", "properties": { "Latitud Origen": 14.04860414, "Longitud Origen": -87.2586961, "Usuario Origen": "Juan Sanchez Cantillano" }, "geometry": { "type": "Point", "coordinates": [ -87.2586961, 14.04860414 ] } },
{ "type": "Feature", "properties": { "Latitud Origen": 14.04860833, "Longitud Origen": -87.2586917, "Usuario Origen": "Juan Sanchez Cantillano" }, "geometry": { "type": "Point", "coordinates": [ -87.2586917, 14.04860833 ] } },
{ "type": "Feature", "properties": { "Latitud Origen": 14.04875833, "Longitud Origen": -87.2197861, "Usuario Origen": "Juan Sanchez Cantillano" }, "geometry": { "type": "Point", "coordinates": [ -87.2197861, 14.04875833 ] } },
{ "type": "Feature", "properties": { "Latitud Origen": 14.0491, "Longitud Origen": -87.19848, "Usuario Origen": "Juan Sanchez Cantillano" }, "geometry": { "type": "Point", "coordinates": [ -87.19848, 14.0491 ] } },
{ "type": "Feature", "properties": { "Latitud Origen": 14.04922222, "Longitud Origen": -87.2179806, "Usuario Origen": "Juan Sanchez Cantillano" }, "geometry": { "type": "Point", "coordinates": [ -87.2179806, 14.04922222 ] } },
{ "type": "Feature", "properties": { "Latitud Origen": 14.0504483, "Longitud Origen": -87.1910577, "Usuario Origen": "Juan Sanchez Cantillano" }, "geometry": { "type": "Point", "coordinates": [ -87.1910577, 14.0504483 ] } },
{ "type": "Feature", "properties": { "Latitud Origen": 14.05076, "Longitud Origen": -87.182239, "Usuario Origen": "Jorge Alberto Avila Menjivar/Jorge Seguridad DESA/POTENCIA Y ENERGIA DE MESOAMERICA S.A. DE CV (paga)/SEGURIDAD PHAZ" }, "geometry": { "type": "Point", "coordinates": [ -87.182239, 14.05076 ] } },
{ "type": "Feature", "properties": { "Latitud Origen": 14.05076, "Longitud Origen": -87.182239, "Usuario Origen": "Juan Sanchez Cantillano" }, "geometry": { "type": "Point", "coordinates": [ -87.182239, 14.05076 ] } },
{ "type": "Feature", "properties": { "Latitud Origen": 14.05147801, "Longitud Origen": -87.2334696, "Usuario Origen": "Juan Sanchez Cantillano" }, "geometry": { "type": "Point", "coordinates": [ -87.2334696, 14.05147801 ] } },
{ "type": "Feature", "properties": { "Latitud Origen": 14.05153562, "Longitud Origen": -87.1994223, "Usuario Origen": "Juan Sanchez Cantillano" }, "geometry": { "type": "Point", "coordinates": [ -87.1994223, 14.05153562 ] } },
{ "type": "Feature", "properties": { "Latitud Origen": 14.05258334, "Longitud Origen": -87.1775833, "Usuario Origen": "Juan Sanchez Cantillano" }, "geometry": { "type": "Point", "coordinates": [ -87.1775833, 14.05258334 ] } },
{ "type": "Feature", "properties": { "Latitud Origen": 14.053321, "Longitud Origen": -87.222129, "Usuario Origen": "Juan Sanchez Cantillano" }, "geometry": { "type": "Point", "coordinates": [ -87.222129, 14.053321 ] } },
{ "type": "Feature", "properties": { "Latitud Origen": 14.05410833, "Longitud Origen": -87.2392194, "Usuario Origen": "Juan Sanchez Cantillano" }, "geometry": { "type": "Point", "coordinates": [ -87.2392194, 14.05410833 ] } },
{ "type": "Feature", "properties": { "Latitud Origen": 14.05438625, "Longitud Origen": -87.2368069, "Usuario Origen": "Juan Sanchez Cantillano" }, "geometry": { "type": "Point", "coordinates": [ -87.2368069, 14.05438625 ] } },
{ "type": "Feature", "properties": { "Latitud Origen": 14.05463889, "Longitud Origen": -87.2018583, "Usuario Origen": "Juan Sanchez Cantillano" }, "geometry": { "type": "Point", "coordinates": [ -87.2018583, 14.05463889 ] } },
{ "type": "Feature", "properties": { "Latitud Origen": 14.056653, "Longitud Origen": -87.249783, "Usuario Origen": "Juan Sanchez Cantillano" }, "geometry": { "type": "Point", "coordinates": [ -87.249783, 14.056653 ] } },
{ "type": "Feature", "properties": { "Latitud Origen": 14.057118, "Longitud Origen": -87.22769, "Usuario Origen": "Juan Sanchez Cantillano" }, "geometry": { "type": "Point", "coordinates": [ -87.22769, 14.057118 ] } },
{ "type": "Feature", "properties": { "Latitud Origen": 14.05718999, "Longitud Origen": -87.2240379, "Usuario Origen": "Juan Sanchez Cantillano" }, "geometry": { "type": "Point", "coordinates": [ -87.2240379, 14.05718999 ] } },
{ "type": "Feature", "properties": { "Latitud Origen": 14.05719237, "Longitud Origen": -87.2240371, "Usuario Origen": "Juan Sanchez Cantillano" }, "geometry": { "type": "Point", "coordinates": [ -87.2240371, 14.05719237 ] } },
{ "type": "Feature", "properties": { "Latitud Origen": 14.057208, "Longitud Origen": -87.256688, "Usuario Origen": "Jorge Alberto Avila Menjivar/Jorge Seguridad DESA/POTENCIA Y ENERGIA DE MESOAMERICA S.A. DE CV (paga)/SEGURIDAD PHAZ" }, "geometry": { "type": "Point", "coordinates": [ -87.256688, 14.057208 ] } },
{ "type": "Feature", "properties": { "Latitud Origen": 14.057208, "Longitud Origen": -87.256688, "Usuario Origen": "Juan Sanchez Cantillano" }, "geometry": { "type": "Point", "coordinates": [ -87.256688, 14.057208 ] } },
{ "type": "Feature", "properties": { "Latitud Origen": 14.05892, "Longitud Origen": -87.17635, "Usuario Origen": "Juan Sanchez Cantillano" }, "geometry": { "type": "Point", "coordinates": [ -87.17635, 14.05892 ] } },
{ "type": "Feature", "properties": { "Latitud Origen": 14.05944807, "Longitud Origen": -87.2450565, "Usuario Origen": "Juan Sanchez Cantillano" }, "geometry": { "type": "Point", "coordinates": [ -87.2450565, 14.05944807 ] } },
{ "type": "Feature", "properties": { "Latitud Origen": 14.05945052, "Longitud Origen": -87.2450556, "Usuario Origen": "Juan Sanchez Cantillano" }, "geometry": { "type": "Point", "coordinates": [ -87.2450556, 14.05945052 ] } },
{ "type": "Feature", "properties": { "Latitud Origen": 14.05980556, "Longitud Origen": -87.2399167, "Usuario Origen": "Juan Sanchez Cantillano" }, "geometry": { "type": "Point", "coordinates": [ -87.2399167, 14.05980556 ] } },
{ "type": "Feature", "properties": { "Latitud Origen": 14.06006277, "Longitud Origen": -87.2195476, "Usuario Origen": "Juan Sanchez Cantillano" }, "geometry": { "type": "Point", "coordinates": [ -87.2195476, 14.06006277 ] } },
{ "type": "Feature", "properties": { "Latitud Origen": 14.06072543, "Longitud Origen": -87.2538099, "Usuario Origen": "Jorge Alberto Avila Menjivar/Jorge Seguridad DESA/POTENCIA Y ENERGIA DE MESOAMERICA S.A. DE CV (paga)/SEGURIDAD PHAZ" }, "geometry": { "type": "Point", "coordinates": [ -87.2538099, 14.06072543 ] } },
{ "type": "Feature", "properties": { "Latitud Origen": 14.06072543, "Longitud Origen": -87.2538099, "Usuario Origen": "Juan Sanchez Cantillano" }, "geometry": { "type": "Point", "coordinates": [ -87.2538099, 14.06072543 ] } },
{ "type": "Feature", "properties": { "Latitud Origen": 14.06093745, "Longitud Origen": -87.2221512, "Usuario Origen": "Juan Sanchez Cantillano" }, "geometry": { "type": "Point", "coordinates": [ -87.2221512, 14.06093745 ] } },
{ "type": "Feature", "properties": { "Latitud Origen": 14.06211111, "Longitud Origen": -87.2233333, "Usuario Origen": "Juan Sanchez Cantillano" }, "geometry": { "type": "Point", "coordinates": [ -87.2233333, 14.06211111 ] } },
{ "type": "Feature", "properties": { "Latitud Origen": 14.062315, "Longitud Origen": -87.220803, "Usuario Origen": "Juan Sanchez Cantillano" }, "geometry": { "type": "Point", "coordinates": [ -87.220803, 14.062315 ] } },
{ "type": "Feature", "properties": { "Latitud Origen": 14.06433086, "Longitud Origen": -87.1748597, "Usuario Origen": "Juan Sanchez Cantillano" }, "geometry": { "type": "Point", "coordinates": [ -87.1748597, 14.06433086 ] } },
{ "type": "Feature", "properties": { "Latitud Origen": 14.06461667, "Longitud Origen": -87.2086667, "Usuario Origen": "Juan Sanchez Cantillano" }, "geometry": { "type": "Point", "coordinates": [ -87.2086667, 14.06461667 ] } },
{ "type": "Feature", "properties": { "Latitud Origen": 14.06477387, "Longitud Origen": -87.2289907, "Usuario Origen": "Juan Sanchez Cantillano" }, "geometry": { "type": "Point", "coordinates": [ -87.2289907, 14.06477387 ] } },
{ "type": "Feature", "properties": { "Latitud Origen": 14.06575, "Longitud Origen": -87.178805, "Usuario Origen": "Juan Sanchez Cantillano" }, "geometry": { "type": "Point", "coordinates": [ -87.178805, 14.06575 ] } },
{ "type": "Feature", "properties": { "Latitud Origen": 14.06626389, "Longitud Origen": -87.2193306, "Usuario Origen": "Jorge Alberto Avila Menjivar/Jorge Seguridad DESA/POTENCIA Y ENERGIA DE MESOAMERICA S.A. DE CV (paga)/SEGURIDAD PHAZ" }, "geometry": { "type": "Point", "coordinates": [ -87.2193306, 14.06626389 ] } },
{ "type": "Feature", "properties": { "Latitud Origen": 14.06626389, "Longitud Origen": -87.2193306, "Usuario Origen": "Juan Sanchez Cantillano" }, "geometry": { "type": "Point", "coordinates": [ -87.2193306, 14.06626389 ] } },
{ "type": "Feature", "properties": { "Latitud Origen": 14.06640556, "Longitud Origen": -87.1715417, "Usuario Origen": "Jorge Alberto Avila Menjivar/Jorge Seguridad DESA/POTENCIA Y ENERGIA DE MESOAMERICA S.A. DE CV (paga)/SEGURIDAD PHAZ" }, "geometry": { "type": "Point", "coordinates": [ -87.1715417, 14.06640556 ] } },
{ "type": "Feature", "properties": { "Latitud Origen": 14.06640556, "Longitud Origen": -87.1715417, "Usuario Origen": "Juan Sanchez Cantillano" }, "geometry": { "type": "Point", "coordinates": [ -87.1715417, 14.06640556 ] } },
{ "type": "Feature", "properties": { "Latitud Origen": 14.06838698, "Longitud Origen": -87.2132199, "Usuario Origen": "Jorge Alberto Avila Menjivar/Jorge Seguridad DESA/POTENCIA Y ENERGIA DE MESOAMERICA S.A. DE CV (paga)/SEGURIDAD PHAZ" }, "geometry": { "type": "Point", "coordinates": [ -87.2132199, 14.06838698 ] } },
{ "type": "Feature", "properties": { "Latitud Origen": 14.06838698, "Longitud Origen": -87.2132199, "Usuario Origen": "Juan Sanchez Cantillano" }, "geometry": { "type": "Point", "coordinates": [ -87.2132199, 14.06838698 ] } },
{ "type": "Feature", "properties": { "Latitud Origen": 14.06905556, "Longitud Origen": -87.1848056, "Usuario Origen": "Jorge Alberto Avila Menjivar/Jorge Seguridad DESA/POTENCIA Y ENERGIA DE MESOAMERICA S.A. DE CV (paga)/SEGURIDAD PHAZ" }, "geometry": { "type": "Point", "coordinates": [ -87.1848056, 14.06905556 ] } },
{ "type": "Feature", "properties": { "Latitud Origen": 14.07041543, "Longitud Origen": -87.2730317, "Usuario Origen": "Jorge Alberto Avila Menjivar/Jorge Seguridad DESA/POTENCIA Y ENERGIA DE MESOAMERICA S.A. DE CV (paga)/SEGURIDAD PHAZ" }, "geometry": { "type": "Point", "coordinates": [ -87.2730317, 14.07041543 ] } },
{ "type": "Feature", "properties": { "Latitud Origen": 14.07120981, "Longitud Origen": -87.1894262, "Usuario Origen": "Jorge Alberto Avila Menjivar/Jorge Seguridad DESA/POTENCIA Y ENERGIA DE MESOAMERICA S.A. DE CV (paga)/SEGURIDAD PHAZ" }, "geometry": { "type": "Point", "coordinates": [ -87.1894262, 14.07120981 ] } },
{ "type": "Feature", "properties": { "Latitud Origen": 14.07120981, "Longitud Origen": -87.1894262, "Usuario Origen": "Juan Sanchez Cantillano" }, "geometry": { "type": "Point", "coordinates": [ -87.1894262, 14.07120981 ] } },
{ "type": "Feature", "properties": { "Latitud Origen": 14.07122222, "Longitud Origen": -87.2078889, "Usuario Origen": "Jorge Alberto Avila Menjivar/Jorge Seguridad DESA/POTENCIA Y ENERGIA DE MESOAMERICA S.A. DE CV (paga)/SEGURIDAD PHAZ" }, "geometry": { "type": "Point", "coordinates": [ -87.2078889, 14.07122222 ] } },
{ "type": "Feature", "properties": { "Latitud Origen": 14.07122222, "Longitud Origen": -87.2078889, "Usuario Origen": "Juan Sanchez Cantillano" }, "geometry": { "type": "Point", "coordinates": [ -87.2078889, 14.07122222 ] } },
{ "type": "Feature", "properties": { "Latitud Origen": 14.07136111, "Longitud Origen": -87.2014167, "Usuario Origen": "Juan Sanchez Cantillano" }, "geometry": { "type": "Point", "coordinates": [ -87.2014167, 14.07136111 ] } },
{ "type": "Feature", "properties": { "Latitud Origen": 14.07241978, "Longitud Origen": -87.1671684, "Usuario Origen": "Jorge Alberto Avila Menjivar/Jorge Seguridad DESA/POTENCIA Y ENERGIA DE MESOAMERICA S.A. DE CV (paga)/SEGURIDAD PHAZ" }, "geometry": { "type": "Point", "coordinates": [ -87.1671684, 14.07241978 ] } },
{ "type": "Feature", "properties": { "Latitud Origen": 14.07241978, "Longitud Origen": -87.1671684, "Usuario Origen": "Juan Sanchez Cantillano" }, "geometry": { "type": "Point", "coordinates": [ -87.1671684, 14.07241978 ] } },
{ "type": "Feature", "properties": { "Latitud Origen": 14.07273048, "Longitud Origen": -87.2195227, "Usuario Origen": "Juan Sanchez Cantillano" }, "geometry": { "type": "Point", "coordinates": [ -87.2195227, 14.07273048 ] } },
{ "type": "Feature", "properties": { "Latitud Origen": 14.07299871, "Longitud Origen": -87.1794144, "Usuario Origen": "Jorge Alberto Avila Menjivar/Jorge Seguridad DESA/POTENCIA Y ENERGIA DE MESOAMERICA S.A. DE CV (paga)/SEGURIDAD PHAZ" }, "geometry": { "type": "Point", "coordinates": [ -87.1794144, 14.07299871 ] } },
{ "type": "Feature", "properties": { "Latitud Origen": 14.07299871, "Longitud Origen": -87.1794144, "Usuario Origen": "Juan Sanchez Cantillano" }, "geometry": { "type": "Point", "coordinates": [ -87.1794144, 14.07299871 ] } },
{ "type": "Feature", "properties": { "Latitud Origen": 14.073271, "Longitud Origen": -87.212122, "Usuario Origen": "Jorge Alberto Avila Menjivar/Jorge Seguridad DESA/POTENCIA Y ENERGIA DE MESOAMERICA S.A. DE CV (paga)/SEGURIDAD PHAZ" }, "geometry": { "type": "Point", "coordinates": [ -87.212122, 14.073271 ] } },
{ "type": "Feature", "properties": { "Latitud Origen": 14.073271, "Longitud Origen": -87.212122, "Usuario Origen": "Juan Sanchez Cantillano" }, "geometry": { "type": "Point", "coordinates": [ -87.212122, 14.073271 ] } },
{ "type": "Feature", "properties": { "Latitud Origen": 14.07391667, "Longitud Origen": -87.2036389, "Usuario Origen": "Jorge Alberto Avila Menjivar/Jorge Seguridad DESA/POTENCIA Y ENERGIA DE MESOAMERICA S.A. DE CV (paga)/SEGURIDAD PHAZ" }, "geometry": { "type": "Point", "coordinates": [ -87.2036389, 14.07391667 ] } },
{ "type": "Feature", "properties": { "Latitud Origen": 14.07391667, "Longitud Origen": -87.2036389, "Usuario Origen": "Juan Sanchez Cantillano" }, "geometry": { "type": "Point", "coordinates": [ -87.2036389, 14.07391667 ] } },
{ "type": "Feature", "properties": { "Latitud Origen": 14.07402778, "Longitud Origen": -87.1883611, "Usuario Origen": "Jorge Alberto Avila Menjivar/Jorge Seguridad DESA/POTENCIA Y ENERGIA DE MESOAMERICA S.A. DE CV (paga)/SEGURIDAD PHAZ" }, "geometry": { "type": "Point", "coordinates": [ -87.1883611, 14.07402778 ] } },
{ "type": "Feature", "properties": { "Latitud Origen": 14.07402778, "Longitud Origen": -87.1883611, "Usuario Origen": "Juan Sanchez Cantillano" }, "geometry": { "type": "Point", "coordinates": [ -87.1883611, 14.07402778 ] } },
{ "type": "Feature", "properties": { "Latitud Origen": 14.07436413, "Longitud Origen": -87.212697, "Usuario Origen": "Jorge Alberto Avila Menjivar/Jorge Seguridad DESA/POTENCIA Y ENERGIA DE MESOAMERICA S.A. DE CV (paga)/SEGURIDAD PHAZ" }, "geometry": { "type": "Point", "coordinates": [ -87.212697, 14.07436413 ] } },
{ "type": "Feature", "properties": { "Latitud Origen": 14.07436413, "Longitud Origen": -87.212697, "Usuario Origen": "Juan Sanchez Cantillano" }, "geometry": { "type": "Point", "coordinates": [ -87.212697, 14.07436413 ] } },
{ "type": "Feature", "properties": { "Latitud Origen": 14.07539259, "Longitud Origen": -87.1823897, "Usuario Origen": "Jorge Alberto Avila Menjivar/Jorge Seguridad DESA/POTENCIA Y ENERGIA DE MESOAMERICA S.A. DE CV (paga)/SEGURIDAD PHAZ" }, "geometry": { "type": "Point", "coordinates": [ -87.1823897, 14.07539259 ] } },
{ "type": "Feature", "properties": { "Latitud Origen": 14.07539259, "Longitud Origen": -87.1823897, "Usuario Origen": "Juan Sanchez Cantillano" }, "geometry": { "type": "Point", "coordinates": [ -87.1823897, 14.07539259 ] } },
{ "type": "Feature", "properties": { "Latitud Origen": 14.07575219, "Longitud Origen": -87.1851041, "Usuario Origen": "Jorge Alberto Avila Menjivar/Jorge Seguridad DESA/POTENCIA Y ENERGIA DE MESOAMERICA S.A. DE CV (paga)/SEGURIDAD PHAZ" }, "geometry": { "type": "Point", "coordinates": [ -87.1851041, 14.07575219 ] } },
{ "type": "Feature", "properties": { "Latitud Origen": 14.07575219, "Longitud Origen": -87.1851041, "Usuario Origen": "Juan Sanchez Cantillano" }, "geometry": { "type": "Point", "coordinates": [ -87.1851041, 14.07575219 ] } },
{ "type": "Feature", "properties": { "Latitud Origen": 14.07594801, "Longitud Origen": -87.1644198, "Usuario Origen": "Jorge Alberto Avila Menjivar/Jorge Seguridad DESA/POTENCIA Y ENERGIA DE MESOAMERICA S.A. DE CV (paga)/SEGURIDAD PHAZ" }, "geometry": { "type": "Point", "coordinates": [ -87.1644198, 14.07594801 ] } },
{ "type": "Feature", "properties": { "Latitud Origen": 14.07594801, "Longitud Origen": -87.1644198, "Usuario Origen": "Juan Sanchez Cantillano" }, "geometry": { "type": "Point", "coordinates": [ -87.1644198, 14.07594801 ] } },
{ "type": "Feature", "properties": { "Latitud Origen": 14.07623056, "Longitud Origen": -87.2011889, "Usuario Origen": "Juan Sanchez Cantillano" }, "geometry": { "type": "Point", "coordinates": [ -87.2011889, 14.07623056 ] } },
{ "type": "Feature", "properties": { "Latitud Origen": 14.076236, "Longitud Origen": -87.166561, "Usuario Origen": "Jorge Alberto Avila Menjivar/Jorge Seguridad DESA/POTENCIA Y ENERGIA DE MESOAMERICA S.A. DE CV (paga)/SEGURIDAD PHAZ" }, "geometry": { "type": "Point", "coordinates": [ -87.166561, 14.076236 ] } },
{ "type": "Feature", "properties": { "Latitud Origen": 14.076236, "Longitud Origen": -87.166561, "Usuario Origen": "Juan Sanchez Cantillano" }, "geometry": { "type": "Point", "coordinates": [ -87.166561, 14.076236 ] } },
{ "type": "Feature", "properties": { "Latitud Origen": 14.07628, "Longitud Origen": -87.19333, "Usuario Origen": "Juan Sanchez Cantillano" }, "geometry": { "type": "Point", "coordinates": [ -87.19333, 14.07628 ] } },
{ "type": "Feature", "properties": { "Latitud Origen": 14.07697212, "Longitud Origen": -87.1860592, "Usuario Origen": "Juan Sanchez Cantillano" }, "geometry": { "type": "Point", "coordinates": [ -87.1860592, 14.07697212 ] } },
{ "type": "Feature", "properties": { "Latitud Origen": 14.0772246, "Longitud Origen": -87.1869486, "Usuario Origen": "Jorge Alberto Avila Menjivar/Jorge Seguridad DESA/POTENCIA Y ENERGIA DE MESOAMERICA S.A. DE CV (paga)/SEGURIDAD PHAZ" }, "geometry": { "type": "Point", "coordinates": [ -87.1869486, 14.0772246 ] } },
{ "type": "Feature", "properties": { "Latitud Origen": 14.0772246, "Longitud Origen": -87.1869486, "Usuario Origen": "Juan Sanchez Cantillano" }, "geometry": { "type": "Point", "coordinates": [ -87.1869486, 14.0772246 ] } },
{ "type": "Feature", "properties": { "Latitud Origen": 14.07738939, "Longitud Origen": -87.2361914, "Usuario Origen": "Jorge Alberto Avila Menjivar/Jorge Seguridad DESA/POTENCIA Y ENERGIA DE MESOAMERICA S.A. DE CV (paga)/SEGURIDAD PHAZ" }, "geometry": { "type": "Point", "coordinates": [ -87.2361914, 14.07738939 ] } },
{ "type": "Feature", "properties": { "Latitud Origen": 14.07778012, "Longitud Origen": -87.1933962, "Usuario Origen": "Jorge Alberto Avila Menjivar/Jorge Seguridad DESA/POTENCIA Y ENERGIA DE MESOAMERICA S.A. DE CV (paga)/SEGURIDAD PHAZ" }, "geometry": { "type": "Point", "coordinates": [ -87.1933962, 14.07778012 ] } },
{ "type": "Feature", "properties": { "Latitud Origen": 14.07778012, "Longitud Origen": -87.1933962, "Usuario Origen": "Juan Sanchez Cantillano" }, "geometry": { "type": "Point", "coordinates": [ -87.1933962, 14.07778012 ] } },
{ "type": "Feature", "properties": { "Latitud Origen": 14.07817212, "Longitud Origen": -87.200557, "Usuario Origen": "Jorge Alberto Avila Menjivar/Jorge Seguridad DESA/POTENCIA Y ENERGIA DE MESOAMERICA S.A. DE CV (paga)/SEGURIDAD PHAZ" }, "geometry": { "type": "Point", "coordinates": [ -87.200557, 14.07817212 ] } },
{ "type": "Feature", "properties": { "Latitud Origen": 14.07817212, "Longitud Origen": -87.200557, "Usuario Origen": "Juan Sanchez Cantillano" }, "geometry": { "type": "Point", "coordinates": [ -87.200557, 14.07817212 ] } },
{ "type": "Feature", "properties": { "Latitud Origen": 14.07872478, "Longitud Origen": -87.2098854, "Usuario Origen": "Jorge Alberto Avila Menjivar/Jorge Seguridad DESA/POTENCIA Y ENERGIA DE MESOAMERICA S.A. DE CV (paga)/SEGURIDAD PHAZ" }, "geometry": { "type": "Point", "coordinates": [ -87.2098854, 14.07872478 ] } },
{ "type": "Feature", "properties": { "Latitud Origen": 14.07872478, "Longitud Origen": -87.2098854, "Usuario Origen": "Juan Sanchez Cantillano" }, "geometry": { "type": "Point", "coordinates": [ -87.2098854, 14.07872478 ] } },
{ "type": "Feature", "properties": { "Latitud Origen": 14.07896944, "Longitud Origen": -87.2137472, "Usuario Origen": "Jorge Alberto Avila Menjivar/Jorge Seguridad DESA/POTENCIA Y ENERGIA DE MESOAMERICA S.A. DE CV (paga)/SEGURIDAD PHAZ" }, "geometry": { "type": "Point", "coordinates": [ -87.2137472, 14.07896944 ] } },
{ "type": "Feature", "properties": { "Latitud Origen": 14.07897456, "Longitud Origen": -87.2137484, "Usuario Origen": "Jorge Alberto Avila Menjivar/Jorge Seguridad DESA/POTENCIA Y ENERGIA DE MESOAMERICA S.A. DE CV (paga)/SEGURIDAD PHAZ" }, "geometry": { "type": "Point", "coordinates": [ -87.2137484, 14.07897456 ] } },
{ "type": "Feature", "properties": { "Latitud Origen": 14.07912495, "Longitud Origen": -87.2366841, "Usuario Origen": "Juan Sanchez Cantillano" }, "geometry": { "type": "Point", "coordinates": [ -87.2366841, 14.07912495 ] } },
{ "type": "Feature", "properties": { "Latitud Origen": 14.07976111, "Longitud Origen": -87.1857083, "Usuario Origen": "Jorge Alberto Avila Menjivar/Jorge Seguridad DESA/POTENCIA Y ENERGIA DE MESOAMERICA S.A. DE CV (paga)/SEGURIDAD PHAZ" }, "geometry": { "type": "Point", "coordinates": [ -87.1857083, 14.07976111 ] } },
{ "type": "Feature", "properties": { "Latitud Origen": 14.07976111, "Longitud Origen": -87.1857083, "Usuario Origen": "Juan Sanchez Cantillano" }, "geometry": { "type": "Point", "coordinates": [ -87.1857083, 14.07976111 ] } },
{ "type": "Feature", "properties": { "Latitud Origen": 14.080084, "Longitud Origen": -87.180053, "Usuario Origen": "Juan Sanchez Cantillano" }, "geometry": { "type": "Point", "coordinates": [ -87.180053, 14.080084 ] } },
{ "type": "Feature", "properties": { "Latitud Origen": 14.08027, "Longitud Origen": -87.25341, "Usuario Origen": "Juan Sanchez Cantillano" }, "geometry": { "type": "Point", "coordinates": [ -87.25341, 14.08027 ] } },
{ "type": "Feature", "properties": { "Latitud Origen": 14.08054437, "Longitud Origen": -87.185145, "Usuario Origen": "Jorge Alberto Avila Menjivar/Jorge Seguridad DESA/POTENCIA Y ENERGIA DE MESOAMERICA S.A. DE CV (paga)/SEGURIDAD PHAZ" }, "geometry": { "type": "Point", "coordinates": [ -87.185145, 14.08054437 ] } },
{ "type": "Feature", "properties": { "Latitud Origen": 14.08054437, "Longitud Origen": -87.185145, "Usuario Origen": "Juan Sanchez Cantillano" }, "geometry": { "type": "Point", "coordinates": [ -87.185145, 14.08054437 ] } },
{ "type": "Feature", "properties": { "Latitud Origen": 14.08084444, "Longitud Origen": -87.2321556, "Usuario Origen": "Juan Sanchez Cantillano" }, "geometry": { "type": "Point", "coordinates": [ -87.2321556, 14.08084444 ] } },
{ "type": "Feature", "properties": { "Latitud Origen": 14.08144167, "Longitud Origen": -87.1656083, "Usuario Origen": "Juan Sanchez Cantillano" }, "geometry": { "type": "Point", "coordinates": [ -87.1656083, 14.08144167 ] } },
{ "type": "Feature", "properties": { "Latitud Origen": 14.08146091, "Longitud Origen": -87.1682773, "Usuario Origen": "Juan Sanchez Cantillano" }, "geometry": { "type": "Point", "coordinates": [ -87.1682773, 14.08146091 ] } },
{ "type": "Feature", "properties": { "Latitud Origen": 14.08158221, "Longitud Origen": -87.2295262, "Usuario Origen": "Jorge Alberto Avila Menjivar/Jorge Seguridad DESA/POTENCIA Y ENERGIA DE MESOAMERICA S.A. DE CV (paga)/SEGURIDAD PHAZ" }, "geometry": { "type": "Point", "coordinates": [ -87.2295262, 14.08158221 ] } },
{ "type": "Feature", "properties": { "Latitud Origen": 14.08158527, "Longitud Origen": -87.207275, "Usuario Origen": "Juan Sanchez Cantillano" }, "geometry": { "type": "Point", "coordinates": [ -87.207275, 14.08158527 ] } },
{ "type": "Feature", "properties": { "Latitud Origen": 14.08162, "Longitud Origen": -87.18306, "Usuario Origen": "Jorge Alberto Avila Menjivar/Jorge Seguridad DESA/POTENCIA Y ENERGIA DE MESOAMERICA S.A. DE CV (paga)/SEGURIDAD PHAZ" }, "geometry": { "type": "Point", "coordinates": [ -87.18306, 14.08162 ] } },
{ "type": "Feature", "properties": { "Latitud Origen": 14.082389, "Longitud Origen": -87.163611, "Usuario Origen": "Jorge Alberto Avila Menjivar/Jorge Seguridad DESA/POTENCIA Y ENERGIA DE MESOAMERICA S.A. DE CV (paga)/SEGURIDAD PHAZ" }, "geometry": { "type": "Point", "coordinates": [ -87.163611, 14.082389 ] } },
{ "type": "Feature", "properties": { "Latitud Origen": 14.082442, "Longitud Origen": -87.198004, "Usuario Origen": "Juan Sanchez Cantillano" }, "geometry": { "type": "Point", "coordinates": [ -87.198004, 14.082442 ] } },
{ "type": "Feature", "properties": { "Latitud Origen": 14.08250278, "Longitud Origen": -87.219975, "Usuario Origen": "Jorge Alberto Avila Menjivar/Jorge Seguridad DESA/POTENCIA Y ENERGIA DE MESOAMERICA S.A. DE CV (paga)/SEGURIDAD PHAZ" }, "geometry": { "type": "Point", "coordinates": [ -87.219975, 14.08250278 ] } },
{ "type": "Feature", "properties": { "Latitud Origen": 14.08276944, "Longitud Origen": -87.1755917, "Usuario Origen": "Jorge Alberto Avila Menjivar/Jorge Seguridad DESA/POTENCIA Y ENERGIA DE MESOAMERICA S.A. DE CV (paga)/SEGURIDAD PHAZ" }, "geometry": { "type": "Point", "coordinates": [ -87.1755917, 14.08276944 ] } },
{ "type": "Feature", "properties": { "Latitud Origen": 14.08276944, "Longitud Origen": -87.1755917, "Usuario Origen": "Juan Sanchez Cantillano" }, "geometry": { "type": "Point", "coordinates": [ -87.1755917, 14.08276944 ] } },
{ "type": "Feature", "properties": { "Latitud Origen": 14.08276944, "Longitud Origen": -87.1755944, "Usuario Origen": "Jorge Alberto Avila Menjivar/Jorge Seguridad DESA/POTENCIA Y ENERGIA DE MESOAMERICA S.A. DE CV (paga)/SEGURIDAD PHAZ" }, "geometry": { "type": "Point", "coordinates": [ -87.1755944, 14.08276944 ] } },
{ "type": "Feature", "properties": { "Latitud Origen": 14.08277501, "Longitud Origen": -87.2105005, "Usuario Origen": "Jorge Alberto Avila Menjivar/Jorge Seguridad DESA/POTENCIA Y ENERGIA DE MESOAMERICA S.A. DE CV (paga)/SEGURIDAD PHAZ" }, "geometry": { "type": "Point", "coordinates": [ -87.2105005, 14.08277501 ] } },
{ "type": "Feature", "properties": { "Latitud Origen": 14.08277778, "Longitud Origen": -87.2105, "Usuario Origen": "Jorge Alberto Avila Menjivar/Jorge Seguridad DESA/POTENCIA Y ENERGIA DE MESOAMERICA S.A. DE CV (paga)/SEGURIDAD PHAZ" }, "geometry": { "type": "Point", "coordinates": [ -87.2105, 14.08277778 ] } },
{ "type": "Feature", "properties": { "Latitud Origen": 14.08277778, "Longitud Origen": -87.2105, "Usuario Origen": "Juan Sanchez Cantillano" }, "geometry": { "type": "Point", "coordinates": [ -87.2105, 14.08277778 ] } },
{ "type": "Feature", "properties": { "Latitud Origen": 14.08279784, "Longitud Origen": -87.1940489, "Usuario Origen": "Juan Sanchez Cantillano" }, "geometry": { "type": "Point", "coordinates": [ -87.1940489, 14.08279784 ] } },
{ "type": "Feature", "properties": { "Latitud Origen": 14.0828521, "Longitud Origen": -87.1940489, "Usuario Origen": "Juan Sanchez Cantillano" }, "geometry": { "type": "Point", "coordinates": [ -87.1940489, 14.0828521 ] } },
{ "type": "Feature", "properties": { "Latitud Origen": 14.08296667, "Longitud Origen": -87.1600889, "Usuario Origen": "Jorge Alberto Avila Menjivar/Jorge Seguridad DESA/POTENCIA Y ENERGIA DE MESOAMERICA S.A. DE CV (paga)/SEGURIDAD PHAZ" }, "geometry": { "type": "Point", "coordinates": [ -87.1600889, 14.08296667 ] } },
{ "type": "Feature", "properties": { "Latitud Origen": 14.08296667, "Longitud Origen": -87.1600889, "Usuario Origen": "Juan Sanchez Cantillano" }, "geometry": { "type": "Point", "coordinates": [ -87.1600889, 14.08296667 ] } },
{ "type": "Feature", "properties": { "Latitud Origen": 14.08296744, "Longitud Origen": -87.1600896, "Usuario Origen": "Juan Sanchez Cantillano" }, "geometry": { "type": "Point", "coordinates": [ -87.1600896, 14.08296744 ] } },
{ "type": "Feature", "properties": { "Latitud Origen": 14.08305556, "Longitud Origen": -87.1663889, "Usuario Origen": "Juan Sanchez Cantillano" }, "geometry": { "type": "Point", "coordinates": [ -87.1663889, 14.08305556 ] } },
{ "type": "Feature", "properties": { "Latitud Origen": 14.083119, "Longitud Origen": -87.178549, "Usuario Origen": "Jorge Alberto Avila Menjivar/Jorge Seguridad DESA/POTENCIA Y ENERGIA DE MESOAMERICA S.A. DE CV (paga)/SEGURIDAD PHAZ" }, "geometry": { "type": "Point", "coordinates": [ -87.178549, 14.083119 ] } },
{ "type": "Feature", "properties": { "Latitud Origen": 14.083119, "Longitud Origen": -87.178549, "Usuario Origen": "Juan Sanchez Cantillano" }, "geometry": { "type": "Point", "coordinates": [ -87.178549, 14.083119 ] } },
{ "type": "Feature", "properties": { "Latitud Origen": 14.083913, "Longitud Origen": -87.184661, "Usuario Origen": "Jorge Alberto Avila Menjivar/Jorge Seguridad DESA/POTENCIA Y ENERGIA DE MESOAMERICA S.A. DE CV (paga)/SEGURIDAD PHAZ" }, "geometry": { "type": "Point", "coordinates": [ -87.184661, 14.083913 ] } },
{ "type": "Feature", "properties": { "Latitud Origen": 14.083913, "Longitud Origen": -87.184661, "Usuario Origen": "Juan Sanchez Cantillano" }, "geometry": { "type": "Point", "coordinates": [ -87.184661, 14.083913 ] } },
{ "type": "Feature", "properties": { "Latitud Origen": 14.084621, "Longitud Origen": -87.180895, "Usuario Origen": "Juan Sanchez Cantillano" }, "geometry": { "type": "Point", "coordinates": [ -87.180895, 14.084621 ] } },
{ "type": "Feature", "properties": { "Latitud Origen": 14.084632, "Longitud Origen": -87.186117, "Usuario Origen": "Jorge Alberto Avila Menjivar/Jorge Seguridad DESA/POTENCIA Y ENERGIA DE MESOAMERICA S.A. DE CV (paga)/SEGURIDAD PHAZ" }, "geometry": { "type": "Point", "coordinates": [ -87.186117, 14.084632 ] } },
{ "type": "Feature", "properties": { "Latitud Origen": 14.084632, "Longitud Origen": -87.186117, "Usuario Origen": "Juan Sanchez Cantillano" }, "geometry": { "type": "Point", "coordinates": [ -87.186117, 14.084632 ] } },
{ "type": "Feature", "properties": { "Latitud Origen": 14.084691, "Longitud Origen": -87.2103056, "Usuario Origen": "Jorge Alberto Avila Menjivar/Jorge Seguridad DESA/POTENCIA Y ENERGIA DE MESOAMERICA S.A. DE CV (paga)/SEGURIDAD PHAZ" }, "geometry": { "type": "Point", "coordinates": [ -87.2103056, 14.084691 ] } },
{ "type": "Feature", "properties": { "Latitud Origen": 14.084691, "Longitud Origen": -87.2103056, "Usuario Origen": "Juan Sanchez Cantillano" }, "geometry": { "type": "Point", "coordinates": [ -87.2103056, 14.084691 ] } },
{ "type": "Feature", "properties": { "Latitud Origen": 14.08469444, "Longitud Origen": -87.1559028, "Usuario Origen": "Juan Sanchez Cantillano" }, "geometry": { "type": "Point", "coordinates": [ -87.1559028, 14.08469444 ] } },
{ "type": "Feature", "properties": { "Latitud Origen": 14.084908, "Longitud Origen": -87.176694, "Usuario Origen": "Jorge Alberto Avila Menjivar/Jorge Seguridad DESA/POTENCIA Y ENERGIA DE MESOAMERICA S.A. DE CV (paga)/SEGURIDAD PHAZ" }, "geometry": { "type": "Point", "coordinates": [ -87.176694, 14.084908 ] } },
{ "type": "Feature", "properties": { "Latitud Origen": 14.084908, "Longitud Origen": -87.176694, "Usuario Origen": "Juan Sanchez Cantillano" }, "geometry": { "type": "Point", "coordinates": [ -87.176694, 14.084908 ] } },
{ "type": "Feature", "properties": { "Latitud Origen": 14.08513488, "Longitud Origen": -87.1714158, "Usuario Origen": "Jorge Alberto Avila Menjivar/Jorge Seguridad DESA/POTENCIA Y ENERGIA DE MESOAMERICA S.A. DE CV (paga)/SEGURIDAD PHAZ" }, "geometry": { "type": "Point", "coordinates": [ -87.1714158, 14.08513488 ] } },
{ "type": "Feature", "properties": { "Latitud Origen": 14.08513488, "Longitud Origen": -87.1714158, "Usuario Origen": "Juan Sanchez Cantillano" }, "geometry": { "type": "Point", "coordinates": [ -87.1714158, 14.08513488 ] } },
{ "type": "Feature", "properties": { "Latitud Origen": 14.08513875, "Longitud Origen": -87.1714203, "Usuario Origen": "Jorge Alberto Avila Menjivar/Jorge Seguridad DESA/POTENCIA Y ENERGIA DE MESOAMERICA S.A. DE CV (paga)/SEGURIDAD PHAZ" }, "geometry": { "type": "Point", "coordinates": [ -87.1714203, 14.08513875 ] } },
{ "type": "Feature", "properties": { "Latitud Origen": 14.08513875, "Longitud Origen": -87.1714203, "Usuario Origen": "Juan Sanchez Cantillano" }, "geometry": { "type": "Point", "coordinates": [ -87.1714203, 14.08513875 ] } },
{ "type": "Feature", "properties": { "Latitud Origen": 14.08563759, "Longitud Origen": -87.2042781, "Usuario Origen": "Jorge Alberto Avila Menjivar/Jorge Seguridad DESA/POTENCIA Y ENERGIA DE MESOAMERICA S.A. DE CV (paga)/SEGURIDAD PHAZ" }, "geometry": { "type": "Point", "coordinates": [ -87.2042781, 14.08563759 ] } },
{ "type": "Feature", "properties": { "Latitud Origen": 14.08563759, "Longitud Origen": -87.2042781, "Usuario Origen": "Juan Sanchez Cantillano" }, "geometry": { "type": "Point", "coordinates": [ -87.2042781, 14.08563759 ] } },
{ "type": "Feature", "properties": { "Latitud Origen": 14.085638, "Longitud Origen": -87.204278, "Usuario Origen": "Jorge Alberto Avila Menjivar/Jorge Seguridad DESA/POTENCIA Y ENERGIA DE MESOAMERICA S.A. DE CV (paga)/SEGURIDAD PHAZ" }, "geometry": { "type": "Point", "coordinates": [ -87.204278, 14.085638 ] } },
{ "type": "Feature", "properties": { "Latitud Origen": 14.085638, "Longitud Origen": -87.204278, "Usuario Origen": "Juan Sanchez Cantillano" }, "geometry": { "type": "Point", "coordinates": [ -87.204278, 14.085638 ] } },
{ "type": "Feature", "properties": { "Latitud Origen": 14.08576049, "Longitud Origen": -87.1978587, "Usuario Origen": "Juan Sanchez Cantillano" }, "geometry": { "type": "Point", "coordinates": [ -87.1978587, 14.08576049 ] } },
{ "type": "Feature", "properties": { "Latitud Origen": 14.08591534, "Longitud Origen": -87.1850289, "Usuario Origen": "Jorge Alberto Avila Menjivar/Jorge Seguridad DESA/POTENCIA Y ENERGIA DE MESOAMERICA S.A. DE CV (paga)/SEGURIDAD PHAZ" }, "geometry": { "type": "Point", "coordinates": [ -87.1850289, 14.08591534 ] } },
{ "type": "Feature", "properties": { "Latitud Origen": 14.08591534, "Longitud Origen": -87.1850289, "Usuario Origen": "Juan Sanchez Cantillano" }, "geometry": { "type": "Point", "coordinates": [ -87.1850289, 14.08591534 ] } },
{ "type": "Feature", "properties": { "Latitud Origen": 14.08616667, "Longitud Origen": -87.1913333, "Usuario Origen": "Jorge Alberto Avila Menjivar/Jorge Seguridad DESA/POTENCIA Y ENERGIA DE MESOAMERICA S.A. DE CV (paga)/SEGURIDAD PHAZ" }, "geometry": { "type": "Point", "coordinates": [ -87.1913333, 14.08616667 ] } },
{ "type": "Feature", "properties": { "Latitud Origen": 14.08616667, "Longitud Origen": -87.1913333, "Usuario Origen": "Juan Sanchez Cantillano" }, "geometry": { "type": "Point", "coordinates": [ -87.1913333, 14.08616667 ] } },
{ "type": "Feature", "properties": { "Latitud Origen": 14.08649, "Longitud Origen": -87.22362, "Usuario Origen": "Jorge Alberto Avila Menjivar/Jorge Seguridad DESA/POTENCIA Y ENERGIA DE MESOAMERICA S.A. DE CV (paga)/SEGURIDAD PHAZ" }, "geometry": { "type": "Point", "coordinates": [ -87.22362, 14.08649 ] } },
{ "type": "Feature", "properties": { "Latitud Origen": 14.08652318, "Longitud Origen": -87.1939501, "Usuario Origen": "Juan Sanchez Cantillano" }, "geometry": { "type": "Point", "coordinates": [ -87.1939501, 14.08652318 ] } },
{ "type": "Feature", "properties": { "Latitud Origen": 14.086559, "Longitud Origen": -87.18226, "Usuario Origen": "Jorge Alberto Avila Menjivar/Jorge Seguridad DESA/POTENCIA Y ENERGIA DE MESOAMERICA S.A. DE CV (paga)/SEGURIDAD PHAZ" }, "geometry": { "type": "Point", "coordinates": [ -87.18226, 14.086559 ] } },
{ "type": "Feature", "properties": { "Latitud Origen": 14.08655943, "Longitud Origen": -87.1822596, "Usuario Origen": "Jorge Alberto Avila Menjivar/Jorge Seguridad DESA/POTENCIA Y ENERGIA DE MESOAMERICA S.A. DE CV (paga)/SEGURIDAD PHAZ" }, "geometry": { "type": "Point", "coordinates": [ -87.1822596, 14.08655943 ] } },
{ "type": "Feature", "properties": { "Latitud Origen": 14.08655943, "Longitud Origen": -87.1822596, "Usuario Origen": "Juan Sanchez Cantillano" }, "geometry": { "type": "Point", "coordinates": [ -87.1822596, 14.08655943 ] } },
{ "type": "Feature", "properties": { "Latitud Origen": 14.086568, "Longitud Origen": -87.157369, "Usuario Origen": "Juan Sanchez Cantillano" }, "geometry": { "type": "Point", "coordinates": [ -87.157369, 14.086568 ] } },
{ "type": "Feature", "properties": { "Latitud Origen": 14.0866075, "Longitud Origen": -87.1878092, "Usuario Origen": "Juan Sanchez Cantillano" }, "geometry": { "type": "Point", "coordinates": [ -87.1878092, 14.0866075 ] } },
{ "type": "Feature", "properties": { "Latitud Origen": 14.08660942, "Longitud Origen": -87.1878085, "Usuario Origen": "Jorge Alberto Avila Menjivar/Jorge Seguridad DESA/POTENCIA Y ENERGIA DE MESOAMERICA S.A. DE CV (paga)/SEGURIDAD PHAZ" }, "geometry": { "type": "Point", "coordinates": [ -87.1878085, 14.08660942 ] } },
{ "type": "Feature", "properties": { "Latitud Origen": 14.08660942, "Longitud Origen": -87.1878085, "Usuario Origen": "Juan Sanchez Cantillano" }, "geometry": { "type": "Point", "coordinates": [ -87.1878085, 14.08660942 ] } },
{ "type": "Feature", "properties": { "Latitud Origen": 14.08662248, "Longitud Origen": -87.194154, "Usuario Origen": "Juan Sanchez Cantillano" }, "geometry": { "type": "Point", "coordinates": [ -87.194154, 14.08662248 ] } },
{ "type": "Feature", "properties": { "Latitud Origen": 14.086658, "Longitud Origen": -87.190839, "Usuario Origen": "Juan Sanchez Cantillano" }, "geometry": { "type": "Point", "coordinates": [ -87.190839, 14.086658 ] } },
{ "type": "Feature", "properties": { "Latitud Origen": 14.08795556, "Longitud Origen": -87.1832833, "Usuario Origen": "Jorge Alberto Avila Menjivar/Jorge Seguridad DESA/POTENCIA Y ENERGIA DE MESOAMERICA S.A. DE CV (paga)/SEGURIDAD PHAZ" }, "geometry": { "type": "Point", "coordinates": [ -87.1832833, 14.08795556 ] } },
{ "type": "Feature", "properties": { "Latitud Origen": 14.08795556, "Longitud Origen": -87.1832833, "Usuario Origen": "Juan Sanchez Cantillano" }, "geometry": { "type": "Point", "coordinates": [ -87.1832833, 14.08795556 ] } },
{ "type": "Feature", "properties": { "Latitud Origen": 14.08844167, "Longitud Origen": -87.2020556, "Usuario Origen": "Jorge Alberto Avila Menjivar/Jorge Seguridad DESA/POTENCIA Y ENERGIA DE MESOAMERICA S.A. DE CV (paga)/SEGURIDAD PHAZ" }, "geometry": { "type": "Point", "coordinates": [ -87.2020556, 14.08844167 ] } },
{ "type": "Feature", "properties": { "Latitud Origen": 14.08844167, "Longitud Origen": -87.2020556, "Usuario Origen": "Juan Sanchez Cantillano" }, "geometry": { "type": "Point", "coordinates": [ -87.2020556, 14.08844167 ] } },
{ "type": "Feature", "properties": { "Latitud Origen": 14.08873334, "Longitud Origen": -87.1774861, "Usuario Origen": "Jorge Alberto Avila Menjivar/Jorge Seguridad DESA/POTENCIA Y ENERGIA DE MESOAMERICA S.A. DE CV (paga)/SEGURIDAD PHAZ" }, "geometry": { "type": "Point", "coordinates": [ -87.1774861, 14.08873334 ] } },
{ "type": "Feature", "properties": { "Latitud Origen": 14.08873334, "Longitud Origen": -87.1774861, "Usuario Origen": "Juan Sanchez Cantillano" }, "geometry": { "type": "Point", "coordinates": [ -87.1774861, 14.08873334 ] } },
{ "type": "Feature", "properties": { "Latitud Origen": 14.088734, "Longitud Origen": -87.177488, "Usuario Origen": "Jorge Alberto Avila Menjivar/Jorge Seguridad DESA/POTENCIA Y ENERGIA DE MESOAMERICA S.A. DE CV (paga)/SEGURIDAD PHAZ" }, "geometry": { "type": "Point", "coordinates": [ -87.177488, 14.088734 ] } },
{ "type": "Feature", "properties": { "Latitud Origen": 14.088734, "Longitud Origen": -87.177488, "Usuario Origen": "Juan Sanchez Cantillano" }, "geometry": { "type": "Point", "coordinates": [ -87.177488, 14.088734 ] } },
{ "type": "Feature", "properties": { "Latitud Origen": 14.08934098, "Longitud Origen": -87.1956114, "Usuario Origen": "Juan Sanchez Cantillano" }, "geometry": { "type": "Point", "coordinates": [ -87.1956114, 14.08934098 ] } },
{ "type": "Feature", "properties": { "Latitud Origen": 14.08934291, "Longitud Origen": -87.1956107, "Usuario Origen": "Jorge Alberto Avila Menjivar/Jorge Seguridad DESA/POTENCIA Y ENERGIA DE MESOAMERICA S.A. DE CV (paga)/SEGURIDAD PHAZ" }, "geometry": { "type": "Point", "coordinates": [ -87.1956107, 14.08934291 ] } },
{ "type": "Feature", "properties": { "Latitud Origen": 14.08934291, "Longitud Origen": -87.1956107, "Usuario Origen": "Juan Sanchez Cantillano" }, "geometry": { "type": "Point", "coordinates": [ -87.1956107, 14.08934291 ] } },
{ "type": "Feature", "properties": { "Latitud Origen": 14.089405, "Longitud Origen": -87.17998, "Usuario Origen": "Jorge Alberto Avila Menjivar/Jorge Seguridad DESA/POTENCIA Y ENERGIA DE MESOAMERICA S.A. DE CV (paga)/SEGURIDAD PHAZ" }, "geometry": { "type": "Point", "coordinates": [ -87.17998, 14.089405 ] } },
{ "type": "Feature", "properties": { "Latitud Origen": 14.089405, "Longitud Origen": -87.17998, "Usuario Origen": "Juan Sanchez Cantillano" }, "geometry": { "type": "Point", "coordinates": [ -87.17998, 14.089405 ] } },
{ "type": "Feature", "properties": { "Latitud Origen": 14.08947223, "Longitud Origen": -87.1906944, "Usuario Origen": "Juan Sanchez Cantillano" }, "geometry": { "type": "Point", "coordinates": [ -87.1906944, 14.08947223 ] } },
{ "type": "Feature", "properties": { "Latitud Origen": 14.08999, "Longitud Origen": -87.18642, "Usuario Origen": "Jorge Alberto Avila Menjivar/Jorge Seguridad DESA/POTENCIA Y ENERGIA DE MESOAMERICA S.A. DE CV (paga)/SEGURIDAD PHAZ" }, "geometry": { "type": "Point", "coordinates": [ -87.18642, 14.08999 ] } },
{ "type": "Feature", "properties": { "Latitud Origen": 14.08999, "Longitud Origen": -87.18642, "Usuario Origen": "Juan Sanchez Cantillano" }, "geometry": { "type": "Point", "coordinates": [ -87.18642, 14.08999 ] } },
{ "type": "Feature", "properties": { "Latitud Origen": 14.09019444, "Longitud Origen": -87.2382222, "Usuario Origen": "Jorge Alberto Avila Menjivar/Jorge Seguridad DESA/POTENCIA Y ENERGIA DE MESOAMERICA S.A. DE CV (paga)/SEGURIDAD PHAZ" }, "geometry": { "type": "Point", "coordinates": [ -87.2382222, 14.09019444 ] } },
{ "type": "Feature", "properties": { "Latitud Origen": 14.09019444, "Longitud Origen": -87.2382222, "Usuario Origen": "Juan Sanchez Cantillano" }, "geometry": { "type": "Point", "coordinates": [ -87.2382222, 14.09019444 ] } },
{ "type": "Feature", "properties": { "Latitud Origen": 14.09072223, "Longitud Origen": -87.1620806, "Usuario Origen": "Juan Sanchez Cantillano" }, "geometry": { "type": "Point", "coordinates": [ -87.1620806, 14.09072223 ] } },
{ "type": "Feature", "properties": { "Latitud Origen": 14.09091461, "Longitud Origen": -87.2282756, "Usuario Origen": "Jorge Alberto Avila Menjivar/Jorge Seguridad DESA/POTENCIA Y ENERGIA DE MESOAMERICA S.A. DE CV (paga)/SEGURIDAD PHAZ" }, "geometry": { "type": "Point", "coordinates": [ -87.2282756, 14.09091461 ] } },
{ "type": "Feature", "properties": { "Latitud Origen": 14.09191337, "Longitud Origen": -87.2513617, "Usuario Origen": "Jorge Alberto Avila Menjivar/Jorge Seguridad DESA/POTENCIA Y ENERGIA DE MESOAMERICA S.A. DE CV (paga)/SEGURIDAD PHAZ" }, "geometry": { "type": "Point", "coordinates": [ -87.2513617, 14.09191337 ] } },
{ "type": "Feature", "properties": { "Latitud Origen": 14.09191337, "Longitud Origen": -87.2513617, "Usuario Origen": "Juan Sanchez Cantillano" }, "geometry": { "type": "Point", "coordinates": [ -87.2513617, 14.09191337 ] } },
{ "type": "Feature", "properties": { "Latitud Origen": 14.09199817, "Longitud Origen": -87.1880816, "Usuario Origen": "Juan Sanchez Cantillano" }, "geometry": { "type": "Point", "coordinates": [ -87.1880816, 14.09199817 ] } },
{ "type": "Feature", "properties": { "Latitud Origen": 14.09203611, "Longitud Origen": -87.2445694, "Usuario Origen": "Juan Sanchez Cantillano" }, "geometry": { "type": "Point", "coordinates": [ -87.2445694, 14.09203611 ] } },
{ "type": "Feature", "properties": { "Latitud Origen": 14.09229443, "Longitud Origen": -87.1663769, "Usuario Origen": "Juan Sanchez Cantillano" }, "geometry": { "type": "Point", "coordinates": [ -87.1663769, 14.09229443 ] } },
{ "type": "Feature", "properties": { "Latitud Origen": 14.092549, "Longitud Origen": -87.188136, "Usuario Origen": "Jorge Alberto Avila Menjivar/Jorge Seguridad DESA/POTENCIA Y ENERGIA DE MESOAMERICA S.A. DE CV (paga)/SEGURIDAD PHAZ" }, "geometry": { "type": "Point", "coordinates": [ -87.188136, 14.092549 ] } },
{ "type": "Feature", "properties": { "Latitud Origen": 14.092549, "Longitud Origen": -87.188136, "Usuario Origen": "Juan Sanchez Cantillano" }, "geometry": { "type": "Point", "coordinates": [ -87.188136, 14.092549 ] } },
{ "type": "Feature", "properties": { "Latitud Origen": 14.09258333, "Longitud Origen": -87.1880833, "Usuario Origen": "Juan Sanchez Cantillano" }, "geometry": { "type": "Point", "coordinates": [ -87.1880833, 14.09258333 ] } },
{ "type": "Feature", "properties": { "Latitud Origen": 14.09266667, "Longitud Origen": -87.1955278, "Usuario Origen": "Juan Sanchez Cantillano" }, "geometry": { "type": "Point", "coordinates": [ -87.1955278, 14.09266667 ] } },
{ "type": "Feature", "properties": { "Latitud Origen": 14.0930804, "Longitud Origen": -87.1916397, "Usuario Origen": "Jorge Alberto Avila Menjivar/Jorge Seguridad DESA/POTENCIA Y ENERGIA DE MESOAMERICA S.A. DE CV (paga)/SEGURIDAD PHAZ" }, "geometry": { "type": "Point", "coordinates": [ -87.1916397, 14.0930804 ] } },
{ "type": "Feature", "properties": { "Latitud Origen": 14.0930804, "Longitud Origen": -87.1916397, "Usuario Origen": "Juan Sanchez Cantillano" }, "geometry": { "type": "Point", "coordinates": [ -87.1916397, 14.0930804 ] } },
{ "type": "Feature", "properties": { "Latitud Origen": 14.093226, "Longitud Origen": -87.240802, "Usuario Origen": "Juan Sanchez Cantillano" }, "geometry": { "type": "Point", "coordinates": [ -87.240802, 14.093226 ] } },
{ "type": "Feature", "properties": { "Latitud Origen": 14.09327908, "Longitud Origen": -87.1802177, "Usuario Origen": "Juan Sanchez Cantillano" }, "geometry": { "type": "Point", "coordinates": [ -87.1802177, 14.09327908 ] } },
{ "type": "Feature", "properties": { "Latitud Origen": 14.09329719, "Longitud Origen": -87.1801899, "Usuario Origen": "Jorge Alberto Avila Menjivar/Jorge Seguridad DESA/POTENCIA Y ENERGIA DE MESOAMERICA S.A. DE CV (paga)/SEGURIDAD PHAZ" }, "geometry": { "type": "Point", "coordinates": [ -87.1801899, 14.09329719 ] } },
{ "type": "Feature", "properties": { "Latitud Origen": 14.09329719, "Longitud Origen": -87.1801899, "Usuario Origen": "Juan Sanchez Cantillano" }, "geometry": { "type": "Point", "coordinates": [ -87.1801899, 14.09329719 ] } },
{ "type": "Feature", "properties": { "Latitud Origen": 14.09452426, "Longitud Origen": -87.1713902, "Usuario Origen": "Juan Sanchez Cantillano" }, "geometry": { "type": "Point", "coordinates": [ -87.1713902, 14.09452426 ] } },
{ "type": "Feature", "properties": { "Latitud Origen": 14.09463889, "Longitud Origen": -87.1588889, "Usuario Origen": "Jorge Alberto Avila Menjivar/Jorge Seguridad DESA/POTENCIA Y ENERGIA DE MESOAMERICA S.A. DE CV (paga)/SEGURIDAD PHAZ" }, "geometry": { "type": "Point", "coordinates": [ -87.1588889, 14.09463889 ] } },
{ "type": "Feature", "properties": { "Latitud Origen": 14.09525761, "Longitud Origen": -87.2525604, "Usuario Origen": "Juan Sanchez Cantillano" }, "geometry": { "type": "Point", "coordinates": [ -87.2525604, 14.09525761 ] } },
{ "type": "Feature", "properties": { "Latitud Origen": 14.095628, "Longitud Origen": -87.189723, "Usuario Origen": "Juan Sanchez Cantillano" }, "geometry": { "type": "Point", "coordinates": [ -87.189723, 14.095628 ] } },
{ "type": "Feature", "properties": { "Latitud Origen": 14.09587778, "Longitud Origen": -87.1778278, "Usuario Origen": "Jorge Alberto Avila Menjivar/Jorge Seguridad DESA/POTENCIA Y ENERGIA DE MESOAMERICA S.A. DE CV (paga)/SEGURIDAD PHAZ" }, "geometry": { "type": "Point", "coordinates": [ -87.1778278, 14.09587778 ] } },
{ "type": "Feature", "properties": { "Latitud Origen": 14.09587778, "Longitud Origen": -87.1778278, "Usuario Origen": "Juan Sanchez Cantillano" }, "geometry": { "type": "Point", "coordinates": [ -87.1778278, 14.09587778 ] } },
{ "type": "Feature", "properties": { "Latitud Origen": 14.09605283, "Longitud Origen": -87.1830268, "Usuario Origen": "Jorge Alberto Avila Menjivar/Jorge Seguridad DESA/POTENCIA Y ENERGIA DE MESOAMERICA S.A. DE CV (paga)/SEGURIDAD PHAZ" }, "geometry": { "type": "Point", "coordinates": [ -87.1830268, 14.09605283 ] } },
{ "type": "Feature", "properties": { "Latitud Origen": 14.09605283, "Longitud Origen": -87.1830268, "Usuario Origen": "Juan Sanchez Cantillano" }, "geometry": { "type": "Point", "coordinates": [ -87.1830268, 14.09605283 ] } },
{ "type": "Feature", "properties": { "Latitud Origen": 14.096317, "Longitud Origen": -87.188902, "Usuario Origen": "Juan Sanchez Cantillano" }, "geometry": { "type": "Point", "coordinates": [ -87.188902, 14.096317 ] } },
{ "type": "Feature", "properties": { "Latitud Origen": 14.0966, "Longitud Origen": -87.191799, "Usuario Origen": "Juan Sanchez Cantillano" }, "geometry": { "type": "Point", "coordinates": [ -87.191799, 14.0966 ] } },
{ "type": "Feature", "properties": { "Latitud Origen": 14.09830556, "Longitud Origen": -87.1916389, "Usuario Origen": "Jorge Alberto Avila Menjivar/Jorge Seguridad DESA/POTENCIA Y ENERGIA DE MESOAMERICA S.A. DE CV (paga)/SEGURIDAD PHAZ" }, "geometry": { "type": "Point", "coordinates": [ -87.1916389, 14.09830556 ] } },
{ "type": "Feature", "properties": { "Latitud Origen": 14.09830556, "Longitud Origen": -87.1916389, "Usuario Origen": "Juan Sanchez Cantillano" }, "geometry": { "type": "Point", "coordinates": [ -87.1916389, 14.09830556 ] } },
{ "type": "Feature", "properties": { "Latitud Origen": 14.09851067, "Longitud Origen": -87.1850576, "Usuario Origen": "Juan Sanchez Cantillano" }, "geometry": { "type": "Point", "coordinates": [ -87.1850576, 14.09851067 ] } },
{ "type": "Feature", "properties": { "Latitud Origen": 14.099574, "Longitud Origen": -87.187894, "Usuario Origen": "Juan Sanchez Cantillano" }, "geometry": { "type": "Point", "coordinates": [ -87.187894, 14.099574 ] } },
{ "type": "Feature", "properties": { "Latitud Origen": 14.10013889, "Longitud Origen": -87.2503611, "Usuario Origen": "Juan Sanchez Cantillano" }, "geometry": { "type": "Point", "coordinates": [ -87.2503611, 14.10013889 ] } },
{ "type": "Feature", "properties": { "Latitud Origen": 14.100139, "Longitud Origen": -87.18927, "Usuario Origen": "Jorge Alberto Avila Menjivar/Jorge Seguridad DESA/POTENCIA Y ENERGIA DE MESOAMERICA S.A. DE CV (paga)/SEGURIDAD PHAZ" }, "geometry": { "type": "Point", "coordinates": [ -87.18927, 14.100139 ] } },
{ "type": "Feature", "properties": { "Latitud Origen": 14.100139, "Longitud Origen": -87.18927, "Usuario Origen": "Juan Sanchez Cantillano" }, "geometry": { "type": "Point", "coordinates": [ -87.18927, 14.100139 ] } },
{ "type": "Feature", "properties": { "Latitud Origen": 14.1001425, "Longitud Origen": -87.2503609, "Usuario Origen": "Juan Sanchez Cantillano" }, "geometry": { "type": "Point", "coordinates": [ -87.2503609, 14.1001425 ] } },
{ "type": "Feature", "properties": { "Latitud Origen": 14.10041797, "Longitud Origen": -87.1857539, "Usuario Origen": "Jorge Alberto Avila Menjivar/Jorge Seguridad DESA/POTENCIA Y ENERGIA DE MESOAMERICA S.A. DE CV (paga)/SEGURIDAD PHAZ" }, "geometry": { "type": "Point", "coordinates": [ -87.1857539, 14.10041797 ] } },
{ "type": "Feature", "properties": { "Latitud Origen": 14.10041797, "Longitud Origen": -87.1857539, "Usuario Origen": "Juan Sanchez Cantillano" }, "geometry": { "type": "Point", "coordinates": [ -87.1857539, 14.10041797 ] } },
{ "type": "Feature", "properties": { "Latitud Origen": 14.10055556, "Longitud Origen": -87.1948889, "Usuario Origen": "Juan Sanchez Cantillano" }, "geometry": { "type": "Point", "coordinates": [ -87.1948889, 14.10055556 ] } },
{ "type": "Feature", "properties": { "Latitud Origen": 14.100899, "Longitud Origen": -87.18766, "Usuario Origen": "Juan Sanchez Cantillano" }, "geometry": { "type": "Point", "coordinates": [ -87.18766, 14.100899 ] } },
{ "type": "Feature", "properties": { "Latitud Origen": 14.10096982, "Longitud Origen": -87.192031, "Usuario Origen": "Jorge Alberto Avila Menjivar/Jorge Seguridad DESA/POTENCIA Y ENERGIA DE MESOAMERICA S.A. DE CV (paga)/SEGURIDAD PHAZ" }, "geometry": { "type": "Point", "coordinates": [ -87.192031, 14.10096982 ] } },
{ "type": "Feature", "properties": { "Latitud Origen": 14.10096982, "Longitud Origen": -87.192031, "Usuario Origen": "Juan Sanchez Cantillano" }, "geometry": { "type": "Point", "coordinates": [ -87.192031, 14.10096982 ] } },
{ "type": "Feature", "properties": { "Latitud Origen": 14.10109271, "Longitud Origen": -87.1782876, "Usuario Origen": "Jorge Alberto Avila Menjivar/Jorge Seguridad DESA/POTENCIA Y ENERGIA DE MESOAMERICA S.A. DE CV (paga)/SEGURIDAD PHAZ" }, "geometry": { "type": "Point", "coordinates": [ -87.1782876, 14.10109271 ] } },
{ "type": "Feature", "properties": { "Latitud Origen": 14.10109271, "Longitud Origen": -87.1782876, "Usuario Origen": "Juan Sanchez Cantillano" }, "geometry": { "type": "Point", "coordinates": [ -87.1782876, 14.10109271 ] } },
{ "type": "Feature", "properties": { "Latitud Origen": 14.101209, "Longitud Origen": -87.186677, "Usuario Origen": "Juan Sanchez Cantillano" }, "geometry": { "type": "Point", "coordinates": [ -87.186677, 14.101209 ] } },
{ "type": "Feature", "properties": { "Latitud Origen": 14.10163773, "Longitud Origen": -87.1869129, "Usuario Origen": "Juan Sanchez Cantillano" }, "geometry": { "type": "Point", "coordinates": [ -87.1869129, 14.10163773 ] } },
{ "type": "Feature", "properties": { "Latitud Origen": 14.10173642, "Longitud Origen": -87.187895, "Usuario Origen": "Juan Sanchez Cantillano" }, "geometry": { "type": "Point", "coordinates": [ -87.187895, 14.10173642 ] } },
{ "type": "Feature", "properties": { "Latitud Origen": 14.10258334, "Longitud Origen": -87.1838611, "Usuario Origen": "Juan Sanchez Cantillano" }, "geometry": { "type": "Point", "coordinates": [ -87.1838611, 14.10258334 ] } },
{ "type": "Feature", "properties": { "Latitud Origen": 14.10334, "Longitud Origen": -87.1892, "Usuario Origen": "Jorge Alberto Avila Menjivar/Jorge Seguridad DESA/POTENCIA Y ENERGIA DE MESOAMERICA S.A. DE CV (paga)/SEGURIDAD PHAZ" }, "geometry": { "type": "Point", "coordinates": [ -87.1892, 14.10334 ] } },
{ "type": "Feature", "properties": { "Latitud Origen": 14.10347637, "Longitud Origen": -87.1571949, "Usuario Origen": "Jorge Alberto Avila Menjivar/Jorge Seguridad DESA/POTENCIA Y ENERGIA DE MESOAMERICA S.A. DE CV (paga)/SEGURIDAD PHAZ" }, "geometry": { "type": "Point", "coordinates": [ -87.1571949, 14.10347637 ] } },
{ "type": "Feature", "properties": { "Latitud Origen": 14.1035399, "Longitud Origen": -87.2049888, "Usuario Origen": "Jorge Alberto Avila Menjivar/Jorge Seguridad DESA/POTENCIA Y ENERGIA DE MESOAMERICA S.A. DE CV (paga)/SEGURIDAD PHAZ" }, "geometry": { "type": "Point", "coordinates": [ -87.2049888, 14.1035399 ] } },
{ "type": "Feature", "properties": { "Latitud Origen": 14.10371944, "Longitud Origen": -87.2439444, "Usuario Origen": "Jorge Alberto Avila Menjivar/Jorge Seguridad DESA/POTENCIA Y ENERGIA DE MESOAMERICA S.A. DE CV (paga)/SEGURIDAD PHAZ" }, "geometry": { "type": "Point", "coordinates": [ -87.2439444, 14.10371944 ] } },
{ "type": "Feature", "properties": { "Latitud Origen": 14.10372061, "Longitud Origen": -87.2439448, "Usuario Origen": "Jorge Alberto Avila Menjivar/Jorge Seguridad DESA/POTENCIA Y ENERGIA DE MESOAMERICA S.A. DE CV (paga)/SEGURIDAD PHAZ" }, "geometry": { "type": "Point", "coordinates": [ -87.2439448, 14.10372061 ] } },
{ "type": "Feature", "properties": { "Latitud Origen": 14.10464728, "Longitud Origen": -87.2302904, "Usuario Origen": "Jorge Alberto Avila Menjivar/Jorge Seguridad DESA/POTENCIA Y ENERGIA DE MESOAMERICA S.A. DE CV (paga)/SEGURIDAD PHAZ" }, "geometry": { "type": "Point", "coordinates": [ -87.2302904, 14.10464728 ] } },
{ "type": "Feature", "properties": { "Latitud Origen": 14.10464728, "Longitud Origen": -87.2302904, "Usuario Origen": "Juan Sanchez Cantillano" }, "geometry": { "type": "Point", "coordinates": [ -87.2302904, 14.10464728 ] } },
{ "type": "Feature", "properties": { "Latitud Origen": 14.10539844, "Longitud Origen": -87.1878239, "Usuario Origen": "Juan Sanchez Cantillano" }, "geometry": { "type": "Point", "coordinates": [ -87.1878239, 14.10539844 ] } },
{ "type": "Feature", "properties": { "Latitud Origen": 14.10652778, "Longitud Origen": -87.2044722, "Usuario Origen": "Jorge Alberto Avila Menjivar/Jorge Seguridad DESA/POTENCIA Y ENERGIA DE MESOAMERICA S.A. DE CV (paga)/SEGURIDAD PHAZ" }, "geometry": { "type": "Point", "coordinates": [ -87.2044722, 14.10652778 ] } },
{ "type": "Feature", "properties": { "Latitud Origen": 14.10785556, "Longitud Origen": -87.2301611, "Usuario Origen": "Jorge Alberto Avila Menjivar/Jorge Seguridad DESA/POTENCIA Y ENERGIA DE MESOAMERICA S.A. DE CV (paga)/SEGURIDAD PHAZ" }, "geometry": { "type": "Point", "coordinates": [ -87.2301611, 14.10785556 ] } },
{ "type": "Feature", "properties": { "Latitud Origen": 14.10785692, "Longitud Origen": -87.239771, "Usuario Origen": "Jorge Alberto Avila Menjivar/Jorge Seguridad DESA/POTENCIA Y ENERGIA DE MESOAMERICA S.A. DE CV (paga)/SEGURIDAD PHAZ" }, "geometry": { "type": "Point", "coordinates": [ -87.239771, 14.10785692 ] } },
{ "type": "Feature", "properties": { "Latitud Origen": 14.10791667, "Longitud Origen": -87.2456389, "Usuario Origen": "Jorge Alberto Avila Menjivar/Jorge Seguridad DESA/POTENCIA Y ENERGIA DE MESOAMERICA S.A. DE CV (paga)/SEGURIDAD PHAZ" }, "geometry": { "type": "Point", "coordinates": [ -87.2456389, 14.10791667 ] } },
{ "type": "Feature", "properties": { "Latitud Origen": 14.107946, "Longitud Origen": -87.193636, "Usuario Origen": "Jorge Alberto Avila Menjivar/Jorge Seguridad DESA/POTENCIA Y ENERGIA DE MESOAMERICA S.A. DE CV (paga)/SEGURIDAD PHAZ" }, "geometry": { "type": "Point", "coordinates": [ -87.193636, 14.107946 ] } },
{ "type": "Feature", "properties": { "Latitud Origen": 14.10869999, "Longitud Origen": -87.1611174, "Usuario Origen": "Juan Sanchez Cantillano" }, "geometry": { "type": "Point", "coordinates": [ -87.1611174, 14.10869999 ] } },
{ "type": "Feature", "properties": { "Latitud Origen": 14.10991667, "Longitud Origen": -87.1543056, "Usuario Origen": "Juan Sanchez Cantillano" }, "geometry": { "type": "Point", "coordinates": [ -87.1543056, 14.10991667 ] } },
{ "type": "Feature", "properties": { "Latitud Origen": 14.11130556, "Longitud Origen": -87.2338889, "Usuario Origen": "Jorge Alberto Avila Menjivar/Jorge Seguridad DESA/POTENCIA Y ENERGIA DE MESOAMERICA S.A. DE CV (paga)/SEGURIDAD PHAZ" }, "geometry": { "type": "Point", "coordinates": [ -87.2338889, 14.11130556 ] } },
{ "type": "Feature", "properties": { "Latitud Origen": 14.12688889, "Longitud Origen": -87.2484167, "Usuario Origen": "Jorge Alberto Avila Menjivar/Jorge Seguridad DESA/POTENCIA Y ENERGIA DE MESOAMERICA S.A. DE CV (paga)/SEGURIDAD PHAZ" }, "geometry": { "type": "Point", "coordinates": [ -87.2484167, 14.12688889 ] } },
{ "type": "Feature", "properties": { "Latitud Origen": 14.12689026, "Longitud Origen": -87.2484167, "Usuario Origen": "Jorge Alberto Avila Menjivar/Jorge Seguridad DESA/POTENCIA Y ENERGIA DE MESOAMERICA S.A. DE CV (paga)/SEGURIDAD PHAZ" }, "geometry": { "type": "Point", "coordinates": [ -87.2484167, 14.12689026 ] } },
{ "type": "Feature", "properties": { "Latitud Origen": 14.12689026, "Longitud Origen": -87.2484167, "Usuario Origen": "Juan Sanchez Cantillano" }, "geometry": { "type": "Point", "coordinates": [ -87.2484167, 14.12689026 ] } },
{ "type": "Feature", "properties": { "Latitud Origen": 14.13805462, "Longitud Origen": -87.2658306, "Usuario Origen": "Jorge Alberto Avila Menjivar/Jorge Seguridad DESA/POTENCIA Y ENERGIA DE MESOAMERICA S.A. DE CV (paga)/SEGURIDAD PHAZ" }, "geometry": { "type": "Point", "coordinates": [ -87.2658306, 14.13805462 ] } },
{ "type": "Feature", "properties": { "Latitud Origen": 14.13805462, "Longitud Origen": -87.2658306, "Usuario Origen": "Juan Sanchez Cantillano" }, "geometry": { "type": "Point", "coordinates": [ -87.2658306, 14.13805462 ] } },
{ "type": "Feature", "properties": { "Latitud Origen": 14.15344024, "Longitud Origen": -87.2705545, "Usuario Origen": "Jorge Alberto Avila Menjivar/Jorge Seguridad DESA/POTENCIA Y ENERGIA DE MESOAMERICA S.A. DE CV (paga)/SEGURIDAD PHAZ" }, "geometry": { "type": "Point", "coordinates": [ -87.2705545, 14.15344024 ] } },
{ "type": "Feature", "properties": { "Latitud Origen": 14.15344024, "Longitud Origen": -87.2705545, "Usuario Origen": "Juan Sanchez Cantillano" }, "geometry": { "type": "Point", "coordinates": [ -87.2705545, 14.15344024 ] } },
{ "type": "Feature", "properties": { "Latitud Origen": 14.15822222, "Longitud Origen": -87.2848833, "Usuario Origen": "Jorge Alberto Avila Menjivar/Jorge Seguridad DESA/POTENCIA Y ENERGIA DE MESOAMERICA S.A. DE CV (paga)/SEGURIDAD PHAZ" }, "geometry": { "type": "Point", "coordinates": [ -87.2848833, 14.15822222 ] } },
{ "type": "Feature", "properties": { "Latitud Origen": 14.15822485, "Longitud Origen": -87.2848859, "Usuario Origen": "Jorge Alberto Avila Menjivar/Jorge Seguridad DESA/POTENCIA Y ENERGIA DE MESOAMERICA S.A. DE CV (paga)/SEGURIDAD PHAZ" }, "geometry": { "type": "Point", "coordinates": [ -87.2848859, 14.15822485 ] } },
{ "type": "Feature", "properties": { "Latitud Origen": 14.15822485, "Longitud Origen": -87.2848859, "Usuario Origen": "Juan Sanchez Cantillano" }, "geometry": { "type": "Point", "coordinates": [ -87.2848859, 14.15822485 ] } },
{ "type": "Feature", "properties": { "Latitud Origen": 14.16888889, "Longitud Origen": -87.3088611, "Usuario Origen": "Jorge Alberto Avila Menjivar/Jorge Seguridad DESA/POTENCIA Y ENERGIA DE MESOAMERICA S.A. DE CV (paga)/SEGURIDAD PHAZ" }, "geometry": { "type": "Point", "coordinates": [ -87.3088611, 14.16888889 ] } },
{ "type": "Feature", "properties": { "Latitud Origen": 14.16888889, "Longitud Origen": -87.3088611, "Usuario Origen": "Juan Sanchez Cantillano" }, "geometry": { "type": "Point", "coordinates": [ -87.3088611, 14.16888889 ] } },
{ "type": "Feature", "properties": { "Latitud Origen": 14.17421944, "Longitud Origen": -87.3336667, "Usuario Origen": "Jorge Alberto Avila Menjivar/Jorge Seguridad DESA/POTENCIA Y ENERGIA DE MESOAMERICA S.A. DE CV (paga)/SEGURIDAD PHAZ" }, "geometry": { "type": "Point", "coordinates": [ -87.3336667, 14.17421944 ] } },
{ "type": "Feature", "properties": { "Latitud Origen": 14.17421944, "Longitud Origen": -87.3336667, "Usuario Origen": "Juan Sanchez Cantillano" }, "geometry": { "type": "Point", "coordinates": [ -87.3336667, 14.17421944 ] } },
{ "type": "Feature", "properties": { "Latitud Origen": 14.189424, "Longitud Origen": -87.338639, "Usuario Origen": "Jorge Alberto Avila Menjivar/Jorge Seguridad DESA/POTENCIA Y ENERGIA DE MESOAMERICA S.A. DE CV (paga)/SEGURIDAD PHAZ" }, "geometry": { "type": "Point", "coordinates": [ -87.338639, 14.189424 ] } },
{ "type": "Feature", "properties": { "Latitud Origen": 14.19172222, "Longitud Origen": -87.3768611, "Usuario Origen": "Jorge Alberto Avila Menjivar/Jorge Seguridad DESA/POTENCIA Y ENERGIA DE MESOAMERICA S.A. DE CV (paga)/SEGURIDAD PHAZ" }, "geometry": { "type": "Point", "coordinates": [ -87.3768611, 14.19172222 ] } },
{ "type": "Feature", "properties": { "Latitud Origen": 14.19172222, "Longitud Origen": -87.3768611, "Usuario Origen": "Juan Sanchez Cantillano" }, "geometry": { "type": "Point", "coordinates": [ -87.3768611, 14.19172222 ] } },
{ "type": "Feature", "properties": { "Latitud Origen": 14.21448739, "Longitud Origen": -87.3676041, "Usuario Origen": "Jorge Alberto Avila Menjivar/Jorge Seguridad DESA/POTENCIA Y ENERGIA DE MESOAMERICA S.A. DE CV (paga)/SEGURIDAD PHAZ" }, "geometry": { "type": "Point", "coordinates": [ -87.3676041, 14.21448739 ] } },
{ "type": "Feature", "properties": { "Latitud Origen": 14.22055556, "Longitud Origen": -87.3808889, "Usuario Origen": "Jorge Alberto Avila Menjivar/Jorge Seguridad DESA/POTENCIA Y ENERGIA DE MESOAMERICA S.A. DE CV (paga)/SEGURIDAD PHAZ" }, "geometry": { "type": "Point", "coordinates": [ -87.3808889, 14.22055556 ] } },
{ "type": "Feature", "properties": { "Latitud Origen": 14.22055556, "Longitud Origen": -87.3808889, "Usuario Origen": "Juan Sanchez Cantillano" }, "geometry": { "type": "Point", "coordinates": [ -87.3808889, 14.22055556 ] } },
{ "type": "Feature", "properties": { "Latitud Origen": 14.24546944, "Longitud Origen": -87.3776667, "Usuario Origen": "Jorge Alberto Avila Menjivar/Jorge Seguridad DESA/POTENCIA Y ENERGIA DE MESOAMERICA S.A. DE CV (paga)/SEGURIDAD PHAZ" }, "geometry": { "type": "Point", "coordinates": [ -87.3776667, 14.24546944 ] } },
{ "type": "Feature", "properties": { "Latitud Origen": 14.24546944, "Longitud Origen": -87.3776667, "Usuario Origen": "Juan Sanchez Cantillano" }, "geometry": { "type": "Point", "coordinates": [ -87.3776667, 14.24546944 ] } },
{ "type": "Feature", "properties": { "Latitud Origen": 14.26652778, "Longitud Origen": -87.5515, "Usuario Origen": "Jorge Alberto Avila Menjivar/Jorge Seguridad DESA/POTENCIA Y ENERGIA DE MESOAMERICA S.A. DE CV (paga)/SEGURIDAD PHAZ" }, "geometry": { "type": "Point", "coordinates": [ -87.5515, 14.26652778 ] } },
{ "type": "Feature", "properties": { "Latitud Origen": 14.26652778, "Longitud Origen": -87.5515, "Usuario Origen": "Juan Sanchez Cantillano" }, "geometry": { "type": "Point", "coordinates": [ -87.5515, 14.26652778 ] } },
{ "type": "Feature", "properties": { "Latitud Origen": 14.27491667, "Longitud Origen": -87.4034111, "Usuario Origen": "Jorge Alberto Avila Menjivar/Jorge Seguridad DESA/POTENCIA Y ENERGIA DE MESOAMERICA S.A. DE CV (paga)/SEGURIDAD PHAZ" }, "geometry": { "type": "Point", "coordinates": [ -87.4034111, 14.27491667 ] } },
{ "type": "Feature", "properties": { "Latitud Origen": 14.27491667, "Longitud Origen": -87.4034111, "Usuario Origen": "Juan Sanchez Cantillano" }, "geometry": { "type": "Point", "coordinates": [ -87.4034111, 14.27491667 ] } },
{ "type": "Feature", "properties": { "Latitud Origen": 14.2755, "Longitud Origen": -87.5168611, "Usuario Origen": "Jorge Alberto Avila Menjivar/Jorge Seguridad DESA/POTENCIA Y ENERGIA DE MESOAMERICA S.A. DE CV (paga)/SEGURIDAD PHAZ" }, "geometry": { "type": "Point", "coordinates": [ -87.5168611, 14.2755 ] } },
{ "type": "Feature", "properties": { "Latitud Origen": 14.2755, "Longitud Origen": -87.5168611, "Usuario Origen": "Juan Sanchez Cantillano" }, "geometry": { "type": "Point", "coordinates": [ -87.5168611, 14.2755 ] } },
{ "type": "Feature", "properties": { "Latitud Origen": 14.27808333, "Longitud Origen": -87.6648889, "Usuario Origen": "Juan Sanchez Cantillano" }, "geometry": { "type": "Point", "coordinates": [ -87.6648889, 14.27808333 ] } },
{ "type": "Feature", "properties": { "Latitud Origen": 14.27916773, "Longitud Origen": -87.3694445, "Usuario Origen": "Jorge Alberto Avila Menjivar/Jorge Seguridad DESA/POTENCIA Y ENERGIA DE MESOAMERICA S.A. DE CV (paga)/SEGURIDAD PHAZ" }, "geometry": { "type": "Point", "coordinates": [ -87.3694445, 14.27916773 ] } },
{ "type": "Feature", "properties": { "Latitud Origen": 14.27916773, "Longitud Origen": -87.3694445, "Usuario Origen": "Juan Sanchez Cantillano" }, "geometry": { "type": "Point", "coordinates": [ -87.3694445, 14.27916773 ] } },
{ "type": "Feature", "properties": { "Latitud Origen": 14.28363889, "Longitud Origen": -87.4973889, "Usuario Origen": "Jorge Alberto Avila Menjivar/Jorge Seguridad DESA/POTENCIA Y ENERGIA DE MESOAMERICA S.A. DE CV (paga)/SEGURIDAD PHAZ" }, "geometry": { "type": "Point", "coordinates": [ -87.4973889, 14.28363889 ] } },
{ "type": "Feature", "properties": { "Latitud Origen": 14.28363889, "Longitud Origen": -87.4973889, "Usuario Origen": "Juan Sanchez Cantillano" }, "geometry": { "type": "Point", "coordinates": [ -87.4973889, 14.28363889 ] } },
{ "type": "Feature", "properties": { "Latitud Origen": 14.28516667, "Longitud Origen": -87.4657778, "Usuario Origen": "Jorge Alberto Avila Menjivar/Jorge Seguridad DESA/POTENCIA Y ENERGIA DE MESOAMERICA S.A. DE CV (paga)/SEGURIDAD PHAZ" }, "geometry": { "type": "Point", "coordinates": [ -87.4657778, 14.28516667 ] } },
{ "type": "Feature", "properties": { "Latitud Origen": 14.28516667, "Longitud Origen": -87.4657778, "Usuario Origen": "Juan Sanchez Cantillano" }, "geometry": { "type": "Point", "coordinates": [ -87.4657778, 14.28516667 ] } },
{ "type": "Feature", "properties": { "Latitud Origen": 14.29077778, "Longitud Origen": -87.4373889, "Usuario Origen": "Jorge Alberto Avila Menjivar/Jorge Seguridad DESA/POTENCIA Y ENERGIA DE MESOAMERICA S.A. DE CV (paga)/SEGURIDAD PHAZ" }, "geometry": { "type": "Point", "coordinates": [ -87.4373889, 14.29077778 ] } },
{ "type": "Feature", "properties": { "Latitud Origen": 14.29077778, "Longitud Origen": -87.4373889, "Usuario Origen": "Juan Sanchez Cantillano" }, "geometry": { "type": "Point", "coordinates": [ -87.4373889, 14.29077778 ] } },
{ "type": "Feature", "properties": { "Latitud Origen": 14.29133333, "Longitud Origen": -87.4904444, "Usuario Origen": "Jorge Alberto Avila Menjivar/Jorge Seguridad DESA/POTENCIA Y ENERGIA DE MESOAMERICA S.A. DE CV (paga)/SEGURIDAD PHAZ" }, "geometry": { "type": "Point", "coordinates": [ -87.4904444, 14.29133333 ] } },
{ "type": "Feature", "properties": { "Latitud Origen": 14.29133333, "Longitud Origen": -87.4904444, "Usuario Origen": "Juan Sanchez Cantillano" }, "geometry": { "type": "Point", "coordinates": [ -87.4904444, 14.29133333 ] } },
{ "type": "Feature", "properties": { "Latitud Origen": 14.30141389, "Longitud Origen": -87.57325, "Usuario Origen": "Jorge Alberto Avila Menjivar/Jorge Seguridad DESA/POTENCIA Y ENERGIA DE MESOAMERICA S.A. DE CV (paga)/SEGURIDAD PHAZ" }, "geometry": { "type": "Point", "coordinates": [ -87.57325, 14.30141389 ] } },
{ "type": "Feature", "properties": { "Latitud Origen": 14.30141389, "Longitud Origen": -87.57325, "Usuario Origen": "Juan Sanchez Cantillano" }, "geometry": { "type": "Point", "coordinates": [ -87.57325, 14.30141389 ] } },
{ "type": "Feature", "properties": { "Latitud Origen": 14.30461268, "Longitud Origen": -88.1023626, "Usuario Origen": "Jorge Alberto Avila Menjivar/Jorge Seguridad DESA/POTENCIA Y ENERGIA DE MESOAMERICA S.A. DE CV (paga)/SEGURIDAD PHAZ" }, "geometry": { "type": "Point", "coordinates": [ -88.1023626, 14.30461268 ] } },
{ "type": "Feature", "properties": { "Latitud Origen": 14.30663462, "Longitud Origen": -88.2172527, "Usuario Origen": "Jorge Alberto Avila Menjivar/Jorge Seguridad DESA/POTENCIA Y ENERGIA DE MESOAMERICA S.A. DE CV (paga)/SEGURIDAD PHAZ" }, "geometry": { "type": "Point", "coordinates": [ -88.2172527, 14.30663462 ] } },
{ "type": "Feature", "properties": { "Latitud Origen": 14.30900578, "Longitud Origen": -88.1686992, "Usuario Origen": "Jorge Alberto Avila Menjivar/Jorge Seguridad DESA/POTENCIA Y ENERGIA DE MESOAMERICA S.A. DE CV (paga)/SEGURIDAD PHAZ" }, "geometry": { "type": "Point", "coordinates": [ -88.1686992, 14.30900578 ] } },
{ "type": "Feature", "properties": { "Latitud Origen": 14.309009, "Longitud Origen": -88.168697, "Usuario Origen": "Jorge Alberto Avila Menjivar/Jorge Seguridad DESA/POTENCIA Y ENERGIA DE MESOAMERICA S.A. DE CV (paga)/SEGURIDAD PHAZ" }, "geometry": { "type": "Point", "coordinates": [ -88.168697, 14.309009 ] } },
{ "type": "Feature", "properties": { "Latitud Origen": 14.30991944, "Longitud Origen": -88.17665, "Usuario Origen": "Jorge Alberto Avila Menjivar/Jorge Seguridad DESA/POTENCIA Y ENERGIA DE MESOAMERICA S.A. DE CV (paga)/SEGURIDAD PHAZ" }, "geometry": { "type": "Point", "coordinates": [ -88.17665, 14.30991944 ] } },
{ "type": "Feature", "properties": { "Latitud Origen": 14.31247222, "Longitud Origen": -88.1611389, "Usuario Origen": "Jorge Alberto Avila Menjivar/Jorge Seguridad DESA/POTENCIA Y ENERGIA DE MESOAMERICA S.A. DE CV (paga)/SEGURIDAD PHAZ" }, "geometry": { "type": "Point", "coordinates": [ -88.1611389, 14.31247222 ] } },
{ "type": "Feature", "properties": { "Latitud Origen": 14.31332, "Longitud Origen": -88.1706, "Usuario Origen": "Jorge Alberto Avila Menjivar/Jorge Seguridad DESA/POTENCIA Y ENERGIA DE MESOAMERICA S.A. DE CV (paga)/SEGURIDAD PHAZ" }, "geometry": { "type": "Point", "coordinates": [ -88.1706, 14.31332 ] } },
{ "type": "Feature", "properties": { "Latitud Origen": 14.32883839, "Longitud Origen": -87.6122466, "Usuario Origen": "Juan Sanchez Cantillano" }, "geometry": { "type": "Point", "coordinates": [ -87.6122466, 14.32883839 ] } },
{ "type": "Feature", "properties": { "Latitud Origen": 14.330963, "Longitud Origen": -87.594207, "Usuario Origen": "Jorge Alberto Avila Menjivar/Jorge Seguridad DESA/POTENCIA Y ENERGIA DE MESOAMERICA S.A. DE CV (paga)/SEGURIDAD PHAZ" }, "geometry": { "type": "Point", "coordinates": [ -87.594207, 14.330963 ] } },
{ "type": "Feature", "properties": { "Latitud Origen": 14.33349951, "Longitud Origen": -87.6706703, "Usuario Origen": "Jorge Alberto Avila Menjivar/Jorge Seguridad DESA/POTENCIA Y ENERGIA DE MESOAMERICA S.A. DE CV (paga)/SEGURIDAD PHAZ" }, "geometry": { "type": "Point", "coordinates": [ -87.6706703, 14.33349951 ] } },
{ "type": "Feature", "properties": { "Latitud Origen": 14.36508534, "Longitud Origen": -88.00639, "Usuario Origen": "Jorge Alberto Avila Menjivar/Jorge Seguridad DESA/POTENCIA Y ENERGIA DE MESOAMERICA S.A. DE CV (paga)/SEGURIDAD PHAZ" }, "geometry": { "type": "Point", "coordinates": [ -88.00639, 14.36508534 ] } },
{ "type": "Feature", "properties": { "Latitud Origen": 14.381889, "Longitud Origen": -87.614493, "Usuario Origen": "Jorge Alberto Avila Menjivar/Jorge Seguridad DESA/POTENCIA Y ENERGIA DE MESOAMERICA S.A. DE CV (paga)/SEGURIDAD PHAZ" }, "geometry": { "type": "Point", "coordinates": [ -87.614493, 14.381889 ] } },
{ "type": "Feature", "properties": { "Latitud Origen": 14.381889, "Longitud Origen": -87.614493, "Usuario Origen": "Juan Sanchez Cantillano" }, "geometry": { "type": "Point", "coordinates": [ -87.614493, 14.381889 ] } },
{ "type": "Feature", "properties": { "Latitud Origen": 14.39002778, "Longitud Origen": -87.6156111, "Usuario Origen": "Jorge Alberto Avila Menjivar/Jorge Seguridad DESA/POTENCIA Y ENERGIA DE MESOAMERICA S.A. DE CV (paga)/SEGURIDAD PHAZ" }, "geometry": { "type": "Point", "coordinates": [ -87.6156111, 14.39002778 ] } },
{ "type": "Feature", "properties": { "Latitud Origen": 14.39002778, "Longitud Origen": -87.6156111, "Usuario Origen": "Juan Sanchez Cantillano" }, "geometry": { "type": "Point", "coordinates": [ -87.6156111, 14.39002778 ] } },
{ "type": "Feature", "properties": { "Latitud Origen": 14.41763889, "Longitud Origen": -87.6207778, "Usuario Origen": "Jorge Alberto Avila Menjivar/Jorge Seguridad DESA/POTENCIA Y ENERGIA DE MESOAMERICA S.A. DE CV (paga)/SEGURIDAD PHAZ" }, "geometry": { "type": "Point", "coordinates": [ -87.6207778, 14.41763889 ] } },
{ "type": "Feature", "properties": { "Latitud Origen": 14.43213, "Longitud Origen": -87.63267, "Usuario Origen": "Jorge Alberto Avila Menjivar/Jorge Seguridad DESA/POTENCIA Y ENERGIA DE MESOAMERICA S.A. DE CV (paga)/SEGURIDAD PHAZ" }, "geometry": { "type": "Point", "coordinates": [ -87.63267, 14.43213 ] } },
{ "type": "Feature", "properties": { "Latitud Origen": 14.432797, "Longitud Origen": -87.634101, "Usuario Origen": "Jorge Alberto Avila Menjivar/Jorge Seguridad DESA/POTENCIA Y ENERGIA DE MESOAMERICA S.A. DE CV (paga)/SEGURIDAD PHAZ" }, "geometry": { "type": "Point", "coordinates": [ -87.634101, 14.432797 ] } },
{ "type": "Feature", "properties": { "Latitud Origen": 14.4400034, "Longitud Origen": -87.5563924, "Usuario Origen": "Jorge Alberto Avila Menjivar/Jorge Seguridad DESA/POTENCIA Y ENERGIA DE MESOAMERICA S.A. DE CV (paga)/SEGURIDAD PHAZ" }, "geometry": { "type": "Point", "coordinates": [ -87.5563924, 14.4400034 ] } },
{ "type": "Feature", "properties": { "Latitud Origen": 14.440927, "Longitud Origen": -87.642749, "Usuario Origen": "Jorge Alberto Avila Menjivar/Jorge Seguridad DESA/POTENCIA Y ENERGIA DE MESOAMERICA S.A. DE CV (paga)/SEGURIDAD PHAZ" }, "geometry": { "type": "Point", "coordinates": [ -87.642749, 14.440927 ] } },
{ "type": "Feature", "properties": { "Latitud Origen": 14.44103153, "Longitud Origen": -87.6427228, "Usuario Origen": "Jorge Alberto Avila Menjivar/Jorge Seguridad DESA/POTENCIA Y ENERGIA DE MESOAMERICA S.A. DE CV (paga)/SEGURIDAD PHAZ" }, "geometry": { "type": "Point", "coordinates": [ -87.6427228, 14.44103153 ] } },
{ "type": "Feature", "properties": { "Latitud Origen": 14.45677778, "Longitud Origen": -87.6553889, "Usuario Origen": "Jorge Alberto Avila Menjivar/Jorge Seguridad DESA/POTENCIA Y ENERGIA DE MESOAMERICA S.A. DE CV (paga)/SEGURIDAD PHAZ" }, "geometry": { "type": "Point", "coordinates": [ -87.6553889, 14.45677778 ] } },
{ "type": "Feature", "properties": { "Latitud Origen": 14.45680268, "Longitud Origen": -87.6143583, "Usuario Origen": "Jorge Alberto Avila Menjivar/Jorge Seguridad DESA/POTENCIA Y ENERGIA DE MESOAMERICA S.A. DE CV (paga)/SEGURIDAD PHAZ" }, "geometry": { "type": "Point", "coordinates": [ -87.6143583, 14.45680268 ] } },
{ "type": "Feature", "properties": { "Latitud Origen": 14.46077778, "Longitud Origen": -87.6399167, "Usuario Origen": "Juan Sanchez Cantillano" }, "geometry": { "type": "Point", "coordinates": [ -87.6399167, 14.46077778 ] } },
{ "type": "Feature", "properties": { "Latitud Origen": 14.46413, "Longitud Origen": -87.66346, "Usuario Origen": "Jorge Alberto Avila Menjivar/Jorge Seguridad DESA/POTENCIA Y ENERGIA DE MESOAMERICA S.A. DE CV (paga)/SEGURIDAD PHAZ" }, "geometry": { "type": "Point", "coordinates": [ -87.66346, 14.46413 ] } },
{ "type": "Feature", "properties": { "Latitud Origen": 14.46430635, "Longitud Origen": -87.635083, "Usuario Origen": "Juan Sanchez Cantillano" }, "geometry": { "type": "Point", "coordinates": [ -87.635083, 14.46430635 ] } },
{ "type": "Feature", "properties": { "Latitud Origen": 14.46441667, "Longitud Origen": -87.6406667, "Usuario Origen": "Juan Sanchez Cantillano" }, "geometry": { "type": "Point", "coordinates": [ -87.6406667, 14.46441667 ] } },
{ "type": "Feature", "properties": { "Latitud Origen": 14.48355556, "Longitud Origen": -87.9748889, "Usuario Origen": "Jorge Alberto Avila Menjivar/Jorge Seguridad DESA/POTENCIA Y ENERGIA DE MESOAMERICA S.A. DE CV (paga)/SEGURIDAD PHAZ" }, "geometry": { "type": "Point", "coordinates": [ -87.9748889, 14.48355556 ] } },
{ "type": "Feature", "properties": { "Latitud Origen": 14.48541667, "Longitud Origen": -87.7185556, "Usuario Origen": "Jorge Alberto Avila Menjivar/Jorge Seguridad DESA/POTENCIA Y ENERGIA DE MESOAMERICA S.A. DE CV (paga)/SEGURIDAD PHAZ" }, "geometry": { "type": "Point", "coordinates": [ -87.7185556, 14.48541667 ] } },
{ "type": "Feature", "properties": { "Latitud Origen": 14.48541667, "Longitud Origen": -87.7185556, "Usuario Origen": "Juan Sanchez Cantillano" }, "geometry": { "type": "Point", "coordinates": [ -87.7185556, 14.48541667 ] } },
{ "type": "Feature", "properties": { "Latitud Origen": 14.4856427, "Longitud Origen": -87.9927964, "Usuario Origen": "Jorge Alberto Avila Menjivar/Jorge Seguridad DESA/POTENCIA Y ENERGIA DE MESOAMERICA S.A. DE CV (paga)/SEGURIDAD PHAZ" }, "geometry": { "type": "Point", "coordinates": [ -87.9927964, 14.4856427 ] } },
{ "type": "Feature", "properties": { "Latitud Origen": 14.49061172, "Longitud Origen": -87.6595593, "Usuario Origen": "Jorge Alberto Avila Menjivar/Jorge Seguridad DESA/POTENCIA Y ENERGIA DE MESOAMERICA S.A. DE CV (paga)/SEGURIDAD PHAZ" }, "geometry": { "type": "Point", "coordinates": [ -87.6595593, 14.49061172 ] } },
{ "type": "Feature", "properties": { "Latitud Origen": 14.49061172, "Longitud Origen": -87.6595593, "Usuario Origen": "Juan Sanchez Cantillano" }, "geometry": { "type": "Point", "coordinates": [ -87.6595593, 14.49061172 ] } },
{ "type": "Feature", "properties": { "Latitud Origen": 14.50471822, "Longitud Origen": -87.7797215, "Usuario Origen": "Jorge Alberto Avila Menjivar/Jorge Seguridad DESA/POTENCIA Y ENERGIA DE MESOAMERICA S.A. DE CV (paga)/SEGURIDAD PHAZ" }, "geometry": { "type": "Point", "coordinates": [ -87.7797215, 14.50471822 ] } },
{ "type": "Feature", "properties": { "Latitud Origen": 14.50471822, "Longitud Origen": -87.7797215, "Usuario Origen": "Juan Sanchez Cantillano" }, "geometry": { "type": "Point", "coordinates": [ -87.7797215, 14.50471822 ] } },
{ "type": "Feature", "properties": { "Latitud Origen": 14.51060733, "Longitud Origen": -87.7395311, "Usuario Origen": "Jorge Alberto Avila Menjivar/Jorge Seguridad DESA/POTENCIA Y ENERGIA DE MESOAMERICA S.A. DE CV (paga)/SEGURIDAD PHAZ" }, "geometry": { "type": "Point", "coordinates": [ -87.7395311, 14.51060733 ] } },
{ "type": "Feature", "properties": { "Latitud Origen": 14.51060733, "Longitud Origen": -87.7395311, "Usuario Origen": "Juan Sanchez Cantillano" }, "geometry": { "type": "Point", "coordinates": [ -87.7395311, 14.51060733 ] } },
{ "type": "Feature", "properties": { "Latitud Origen": 14.52441667, "Longitud Origen": -88.0898333, "Usuario Origen": "Jorge Alberto Avila Menjivar/Jorge Seguridad DESA/POTENCIA Y ENERGIA DE MESOAMERICA S.A. DE CV (paga)/SEGURIDAD PHAZ" }, "geometry": { "type": "Point", "coordinates": [ -88.0898333, 14.52441667 ] } },
{ "type": "Feature", "properties": { "Latitud Origen": 14.53044444, "Longitud Origen": -87.7908333, "Usuario Origen": "Jorge Alberto Avila Menjivar/Jorge Seguridad DESA/POTENCIA Y ENERGIA DE MESOAMERICA S.A. DE CV (paga)/SEGURIDAD PHAZ" }, "geometry": { "type": "Point", "coordinates": [ -87.7908333, 14.53044444 ] } },
{ "type": "Feature", "properties": { "Latitud Origen": 14.53044444, "Longitud Origen": -87.7908333, "Usuario Origen": "Juan Sanchez Cantillano" }, "geometry": { "type": "Point", "coordinates": [ -87.7908333, 14.53044444 ] } },
{ "type": "Feature", "properties": { "Latitud Origen": 14.53336111, "Longitud Origen": -87.8016667, "Usuario Origen": "Jorge Alberto Avila Menjivar/Jorge Seguridad DESA/POTENCIA Y ENERGIA DE MESOAMERICA S.A. DE CV (paga)/SEGURIDAD PHAZ" }, "geometry": { "type": "Point", "coordinates": [ -87.8016667, 14.53336111 ] } },
{ "type": "Feature", "properties": { "Latitud Origen": 14.53336111, "Longitud Origen": -87.8016667, "Usuario Origen": "Juan Sanchez Cantillano" }, "geometry": { "type": "Point", "coordinates": [ -87.8016667, 14.53336111 ] } },
{ "type": "Feature", "properties": { "Latitud Origen": 14.54527872, "Longitud Origen": -87.6514418, "Usuario Origen": "Jorge Alberto Avila Menjivar/Jorge Seguridad DESA/POTENCIA Y ENERGIA DE MESOAMERICA S.A. DE CV (paga)/SEGURIDAD PHAZ" }, "geometry": { "type": "Point", "coordinates": [ -87.6514418, 14.54527872 ] } },
{ "type": "Feature", "properties": { "Latitud Origen": 14.54527872, "Longitud Origen": -87.6514418, "Usuario Origen": "Juan Sanchez Cantillano" }, "geometry": { "type": "Point", "coordinates": [ -87.6514418, 14.54527872 ] } },
{ "type": "Feature", "properties": { "Latitud Origen": 14.55019, "Longitud Origen": -87.82164, "Usuario Origen": "Jorge Alberto Avila Menjivar/Jorge Seguridad DESA/POTENCIA Y ENERGIA DE MESOAMERICA S.A. DE CV (paga)/SEGURIDAD PHAZ" }, "geometry": { "type": "Point", "coordinates": [ -87.82164, 14.55019 ] } },
{ "type": "Feature", "properties": { "Latitud Origen": 14.55052688, "Longitud Origen": -87.8249729, "Usuario Origen": "Jorge Alberto Avila Menjivar/Jorge Seguridad DESA/POTENCIA Y ENERGIA DE MESOAMERICA S.A. DE CV (paga)/SEGURIDAD PHAZ" }, "geometry": { "type": "Point", "coordinates": [ -87.8249729, 14.55052688 ] } },
{ "type": "Feature", "properties": { "Latitud Origen": 14.55052688, "Longitud Origen": -87.8249729, "Usuario Origen": "Juan Sanchez Cantillano" }, "geometry": { "type": "Point", "coordinates": [ -87.8249729, 14.55052688 ] } },
{ "type": "Feature", "properties": { "Latitud Origen": 14.56794444, "Longitud Origen": -87.8972194, "Usuario Origen": "Jorge Alberto Avila Menjivar/Jorge Seguridad DESA/POTENCIA Y ENERGIA DE MESOAMERICA S.A. DE CV (paga)/SEGURIDAD PHAZ" }, "geometry": { "type": "Point", "coordinates": [ -87.8972194, 14.56794444 ] } },
{ "type": "Feature", "properties": { "Latitud Origen": 14.56794444, "Longitud Origen": -87.8972194, "Usuario Origen": "Juan Sanchez Cantillano" }, "geometry": { "type": "Point", "coordinates": [ -87.8972194, 14.56794444 ] } },
{ "type": "Feature", "properties": { "Latitud Origen": 14.57077778, "Longitud Origen": -87.95125, "Usuario Origen": "Jorge Alberto Avila Menjivar/Jorge Seguridad DESA/POTENCIA Y ENERGIA DE MESOAMERICA S.A. DE CV (paga)/SEGURIDAD PHAZ" }, "geometry": { "type": "Point", "coordinates": [ -87.95125, 14.57077778 ] } },
{ "type": "Feature", "properties": { "Latitud Origen": 14.5785, "Longitud Origen": -87.8415, "Usuario Origen": "Jorge Alberto Avila Menjivar/Jorge Seguridad DESA/POTENCIA Y ENERGIA DE MESOAMERICA S.A. DE CV (paga)/SEGURIDAD PHAZ" }, "geometry": { "type": "Point", "coordinates": [ -87.8415, 14.5785 ] } },
{ "type": "Feature", "properties": { "Latitud Origen": 14.5785, "Longitud Origen": -87.8415, "Usuario Origen": "Juan Sanchez Cantillano" }, "geometry": { "type": "Point", "coordinates": [ -87.8415, 14.5785 ] } },
{ "type": "Feature", "properties": { "Latitud Origen": 14.58680556, "Longitud Origen": -87.8546111, "Usuario Origen": "Jorge Alberto Avila Menjivar/Jorge Seguridad DESA/POTENCIA Y ENERGIA DE MESOAMERICA S.A. DE CV (paga)/SEGURIDAD PHAZ" }, "geometry": { "type": "Point", "coordinates": [ -87.8546111, 14.58680556 ] } },
{ "type": "Feature", "properties": { "Latitud Origen": 14.58680556, "Longitud Origen": -87.8546111, "Usuario Origen": "Juan Sanchez Cantillano" }, "geometry": { "type": "Point", "coordinates": [ -87.8546111, 14.58680556 ] } },
{ "type": "Feature", "properties": { "Latitud Origen": 14.58688889, "Longitud Origen": -87.8426389, "Usuario Origen": "Jorge Alberto Avila Menjivar/Jorge Seguridad DESA/POTENCIA Y ENERGIA DE MESOAMERICA S.A. DE CV (paga)/SEGURIDAD PHAZ" }, "geometry": { "type": "Point", "coordinates": [ -87.8426389, 14.58688889 ] } },
{ "type": "Feature", "properties": { "Latitud Origen": 14.58688889, "Longitud Origen": -87.8426389, "Usuario Origen": "Juan Sanchez Cantillano" }, "geometry": { "type": "Point", "coordinates": [ -87.8426389, 14.58688889 ] } },
{ "type": "Feature", "properties": { "Latitud Origen": 14.58925, "Longitud Origen": -87.8360556, "Usuario Origen": "Jorge Alberto Avila Menjivar/Jorge Seguridad DESA/POTENCIA Y ENERGIA DE MESOAMERICA S.A. DE CV (paga)/SEGURIDAD PHAZ" }, "geometry": { "type": "Point", "coordinates": [ -87.8360556, 14.58925 ] } },
{ "type": "Feature", "properties": { "Latitud Origen": 14.58925278, "Longitud Origen": -87.8360417, "Usuario Origen": "Jorge Alberto Avila Menjivar/Jorge Seguridad DESA/POTENCIA Y ENERGIA DE MESOAMERICA S.A. DE CV (paga)/SEGURIDAD PHAZ" }, "geometry": { "type": "Point", "coordinates": [ -87.8360417, 14.58925278 ] } },
{ "type": "Feature", "properties": { "Latitud Origen": 14.58925278, "Longitud Origen": -87.8360417, "Usuario Origen": "Juan Sanchez Cantillano" }, "geometry": { "type": "Point", "coordinates": [ -87.8360417, 14.58925278 ] } },
{ "type": "Feature", "properties": { "Latitud Origen": 14.5936329, "Longitud Origen": -87.8301371, "Usuario Origen": "Jorge Alberto Avila Menjivar/Jorge Seguridad DESA/POTENCIA Y ENERGIA DE MESOAMERICA S.A. DE CV (paga)/SEGURIDAD PHAZ" }, "geometry": { "type": "Point", "coordinates": [ -87.8301371, 14.5936329 ] } },
{ "type": "Feature", "properties": { "Latitud Origen": 14.59472222, "Longitud Origen": -87.8170278, "Usuario Origen": "Jorge Alberto Avila Menjivar/Jorge Seguridad DESA/POTENCIA Y ENERGIA DE MESOAMERICA S.A. DE CV (paga)/SEGURIDAD PHAZ" }, "geometry": { "type": "Point", "coordinates": [ -87.8170278, 14.59472222 ] } },
{ "type": "Feature", "properties": { "Latitud Origen": 14.59636111, "Longitud Origen": -87.8466944, "Usuario Origen": "Jorge Alberto Avila Menjivar/Jorge Seguridad DESA/POTENCIA Y ENERGIA DE MESOAMERICA S.A. DE CV (paga)/SEGURIDAD PHAZ" }, "geometry": { "type": "Point", "coordinates": [ -87.8466944, 14.59636111 ] } },
{ "type": "Feature", "properties": { "Latitud Origen": 14.59703056, "Longitud Origen": -87.8355833, "Usuario Origen": "Jorge Alberto Avila Menjivar/Jorge Seguridad DESA/POTENCIA Y ENERGIA DE MESOAMERICA S.A. DE CV (paga)/SEGURIDAD PHAZ" }, "geometry": { "type": "Point", "coordinates": [ -87.8355833, 14.59703056 ] } },
{ "type": "Feature", "properties": { "Latitud Origen": 14.59703056, "Longitud Origen": -87.8355833, "Usuario Origen": "Juan Sanchez Cantillano" }, "geometry": { "type": "Point", "coordinates": [ -87.8355833, 14.59703056 ] } },
{ "type": "Feature", "properties": { "Latitud Origen": 14.59703192, "Longitud Origen": -87.8355861, "Usuario Origen": "Jorge Alberto Avila Menjivar/Jorge Seguridad DESA/POTENCIA Y ENERGIA DE MESOAMERICA S.A. DE CV (paga)/SEGURIDAD PHAZ" }, "geometry": { "type": "Point", "coordinates": [ -87.8355861, 14.59703192 ] } },
{ "type": "Feature", "properties": { "Latitud Origen": 14.60086111, "Longitud Origen": -87.8683611, "Usuario Origen": "Jorge Alberto Avila Menjivar/Jorge Seguridad DESA/POTENCIA Y ENERGIA DE MESOAMERICA S.A. DE CV (paga)/SEGURIDAD PHAZ" }, "geometry": { "type": "Point", "coordinates": [ -87.8683611, 14.60086111 ] } },
{ "type": "Feature", "properties": { "Latitud Origen": 14.60086111, "Longitud Origen": -87.8683611, "Usuario Origen": "Juan Sanchez Cantillano" }, "geometry": { "type": "Point", "coordinates": [ -87.8683611, 14.60086111 ] } },
{ "type": "Feature", "properties": { "Latitud Origen": 14.60202778, "Longitud Origen": -87.8311667, "Usuario Origen": "Jorge Alberto Avila Menjivar/Jorge Seguridad DESA/POTENCIA Y ENERGIA DE MESOAMERICA S.A. DE CV (paga)/SEGURIDAD PHAZ" }, "geometry": { "type": "Point", "coordinates": [ -87.8311667, 14.60202778 ] } },
{ "type": "Feature", "properties": { "Latitud Origen": 14.62411111, "Longitud Origen": -87.8874722, "Usuario Origen": "Jorge Alberto Avila Menjivar/Jorge Seguridad DESA/POTENCIA Y ENERGIA DE MESOAMERICA S.A. DE CV (paga)/SEGURIDAD PHAZ" }, "geometry": { "type": "Point", "coordinates": [ -87.8874722, 14.62411111 ] } },
{ "type": "Feature", "properties": { "Latitud Origen": 14.62619444, "Longitud Origen": -88.76675, "Usuario Origen": "Jorge Alberto Avila Menjivar/Jorge Seguridad DESA/POTENCIA Y ENERGIA DE MESOAMERICA S.A. DE CV (paga)/SEGURIDAD PHAZ" }, "geometry": { "type": "Point", "coordinates": [ -88.76675, 14.62619444 ] } },
{ "type": "Feature", "properties": { "Latitud Origen": 14.64725, "Longitud Origen": -87.9065556, "Usuario Origen": "Jorge Alberto Avila Menjivar/Jorge Seguridad DESA/POTENCIA Y ENERGIA DE MESOAMERICA S.A. DE CV (paga)/SEGURIDAD PHAZ" }, "geometry": { "type": "Point", "coordinates": [ -87.9065556, 14.64725 ] } },
{ "type": "Feature", "properties": { "Latitud Origen": 14.64725, "Longitud Origen": -87.9065556, "Usuario Origen": "Juan Sanchez Cantillano" }, "geometry": { "type": "Point", "coordinates": [ -87.9065556, 14.64725 ] } },
{ "type": "Feature", "properties": { "Latitud Origen": 14.65544578, "Longitud Origen": -88.0039698, "Usuario Origen": "Jorge Alberto Avila Menjivar/Jorge Seguridad DESA/POTENCIA Y ENERGIA DE MESOAMERICA S.A. DE CV (paga)/SEGURIDAD PHAZ" }, "geometry": { "type": "Point", "coordinates": [ -88.0039698, 14.65544578 ] } },
{ "type": "Feature", "properties": { "Latitud Origen": 14.65544578, "Longitud Origen": -88.0039698, "Usuario Origen": "Juan Sanchez Cantillano" }, "geometry": { "type": "Point", "coordinates": [ -88.0039698, 14.65544578 ] } },
{ "type": "Feature", "properties": { "Latitud Origen": 14.65602778, "Longitud Origen": -87.9404722, "Usuario Origen": "Jorge Alberto Avila Menjivar/Jorge Seguridad DESA/POTENCIA Y ENERGIA DE MESOAMERICA S.A. DE CV (paga)/SEGURIDAD PHAZ" }, "geometry": { "type": "Point", "coordinates": [ -87.9404722, 14.65602778 ] } },
{ "type": "Feature", "properties": { "Latitud Origen": 14.66122222, "Longitud Origen": -87.9473611, "Usuario Origen": "Jorge Alberto Avila Menjivar/Jorge Seguridad DESA/POTENCIA Y ENERGIA DE MESOAMERICA S.A. DE CV (paga)/SEGURIDAD PHAZ" }, "geometry": { "type": "Point", "coordinates": [ -87.9473611, 14.66122222 ] } },
{ "type": "Feature", "properties": { "Latitud Origen": 14.70239735, "Longitud Origen": -87.9665036, "Usuario Origen": "Jorge Alberto Avila Menjivar/Jorge Seguridad DESA/POTENCIA Y ENERGIA DE MESOAMERICA S.A. DE CV (paga)/SEGURIDAD PHAZ" }, "geometry": { "type": "Point", "coordinates": [ -87.9665036, 14.70239735 ] } },
{ "type": "Feature", "properties": { "Latitud Origen": 14.70239735, "Longitud Origen": -87.9665036, "Usuario Origen": "Juan Sanchez Cantillano" }, "geometry": { "type": "Point", "coordinates": [ -87.9665036, 14.70239735 ] } },
{ "type": "Feature", "properties": { "Latitud Origen": 14.714248, "Longitud Origen": -88.107758, "Usuario Origen": "Jorge Alberto Avila Menjivar/Jorge Seguridad DESA/POTENCIA Y ENERGIA DE MESOAMERICA S.A. DE CV (paga)/SEGURIDAD PHAZ" }, "geometry": { "type": "Point", "coordinates": [ -88.107758, 14.714248 ] } },
{ "type": "Feature", "properties": { "Latitud Origen": 14.72683333, "Longitud Origen": -87.9986944, "Usuario Origen": "Jorge Alberto Avila Menjivar/Jorge Seguridad DESA/POTENCIA Y ENERGIA DE MESOAMERICA S.A. DE CV (paga)/SEGURIDAD PHAZ" }, "geometry": { "type": "Point", "coordinates": [ -87.9986944, 14.72683333 ] } },
{ "type": "Feature", "properties": { "Latitud Origen": 14.72777849, "Longitud Origen": -87.9008372, "Usuario Origen": "Jorge Alberto Avila Menjivar/Jorge Seguridad DESA/POTENCIA Y ENERGIA DE MESOAMERICA S.A. DE CV (paga)/SEGURIDAD PHAZ" }, "geometry": { "type": "Point", "coordinates": [ -87.9008372, 14.72777849 ] } },
{ "type": "Feature", "properties": { "Latitud Origen": 14.72777849, "Longitud Origen": -87.9008372, "Usuario Origen": "Juan Sanchez Cantillano" }, "geometry": { "type": "Point", "coordinates": [ -87.9008372, 14.72777849 ] } },
{ "type": "Feature", "properties": { "Latitud Origen": 14.72976413, "Longitud Origen": -87.963921, "Usuario Origen": "Jorge Alberto Avila Menjivar/Jorge Seguridad DESA/POTENCIA Y ENERGIA DE MESOAMERICA S.A. DE CV (paga)/SEGURIDAD PHAZ" }, "geometry": { "type": "Point", "coordinates": [ -87.963921, 14.72976413 ] } },
{ "type": "Feature", "properties": { "Latitud Origen": 14.74613709, "Longitud Origen": -88.1907743, "Usuario Origen": "Jorge Alberto Avila Menjivar/Jorge Seguridad DESA/POTENCIA Y ENERGIA DE MESOAMERICA S.A. DE CV (paga)/SEGURIDAD PHAZ" }, "geometry": { "type": "Point", "coordinates": [ -88.1907743, 14.74613709 ] } },
{ "type": "Feature", "properties": { "Latitud Origen": 14.75311111, "Longitud Origen": -87.95725, "Usuario Origen": "Jorge Alberto Avila Menjivar/Jorge Seguridad DESA/POTENCIA Y ENERGIA DE MESOAMERICA S.A. DE CV (paga)/SEGURIDAD PHAZ" }, "geometry": { "type": "Point", "coordinates": [ -87.95725, 14.75311111 ] } },
{ "type": "Feature", "properties": { "Latitud Origen": 14.75311111, "Longitud Origen": -87.95725, "Usuario Origen": "Juan Sanchez Cantillano" }, "geometry": { "type": "Point", "coordinates": [ -87.95725, 14.75311111 ] } },
{ "type": "Feature", "properties": { "Latitud Origen": 14.75658411, "Longitud Origen": -88.1077262, "Usuario Origen": "Jorge Alberto Avila Menjivar/Jorge Seguridad DESA/POTENCIA Y ENERGIA DE MESOAMERICA S.A. DE CV (paga)/SEGURIDAD PHAZ" }, "geometry": { "type": "Point", "coordinates": [ -88.1077262, 14.75658411 ] } },
{ "type": "Feature", "properties": { "Latitud Origen": 14.76572222, "Longitud Origen": -87.9607222, "Usuario Origen": "Jorge Alberto Avila Menjivar/Jorge Seguridad DESA/POTENCIA Y ENERGIA DE MESOAMERICA S.A. DE CV (paga)/SEGURIDAD PHAZ" }, "geometry": { "type": "Point", "coordinates": [ -87.9607222, 14.76572222 ] } },
{ "type": "Feature", "properties": { "Latitud Origen": 14.80358605, "Longitud Origen": -88.0147208, "Usuario Origen": "Jorge Alberto Avila Menjivar/Jorge Seguridad DESA/POTENCIA Y ENERGIA DE MESOAMERICA S.A. DE CV (paga)/SEGURIDAD PHAZ" }, "geometry": { "type": "Point", "coordinates": [ -88.0147208, 14.80358605 ] } },
{ "type": "Feature", "properties": { "Latitud Origen": 14.80358605, "Longitud Origen": -88.0147208, "Usuario Origen": "Juan Sanchez Cantillano" }, "geometry": { "type": "Point", "coordinates": [ -88.0147208, 14.80358605 ] } },
{ "type": "Feature", "properties": { "Latitud Origen": 14.80408333, "Longitud Origen": -88.156, "Usuario Origen": "Jorge Alberto Avila Menjivar/Jorge Seguridad DESA/POTENCIA Y ENERGIA DE MESOAMERICA S.A. DE CV (paga)/SEGURIDAD PHAZ" }, "geometry": { "type": "Point", "coordinates": [ -88.156, 14.80408333 ] } },
{ "type": "Feature", "properties": { "Latitud Origen": 14.80838536, "Longitud Origen": -88.2027746, "Usuario Origen": "Jorge Alberto Avila Menjivar/Jorge Seguridad DESA/POTENCIA Y ENERGIA DE MESOAMERICA S.A. DE CV (paga)/SEGURIDAD PHAZ" }, "geometry": { "type": "Point", "coordinates": [ -88.2027746, 14.80838536 ] } },
{ "type": "Feature", "properties": { "Latitud Origen": 14.8310818, "Longitud Origen": -88.3559456, "Usuario Origen": "Jorge Alberto Avila Menjivar/Jorge Seguridad DESA/POTENCIA Y ENERGIA DE MESOAMERICA S.A. DE CV (paga)/SEGURIDAD PHAZ" }, "geometry": { "type": "Point", "coordinates": [ -88.3559456, 14.8310818 ] } },
{ "type": "Feature", "properties": { "Latitud Origen": 14.83799722, "Longitud Origen": -87.9517667, "Usuario Origen": "Jorge Alberto Avila Menjivar/Jorge Seguridad DESA/POTENCIA Y ENERGIA DE MESOAMERICA S.A. DE CV (paga)/SEGURIDAD PHAZ" }, "geometry": { "type": "Point", "coordinates": [ -87.9517667, 14.83799722 ] } },
{ "type": "Feature", "properties": { "Latitud Origen": 14.83799722, "Longitud Origen": -87.9517667, "Usuario Origen": "Juan Sanchez Cantillano" }, "geometry": { "type": "Point", "coordinates": [ -87.9517667, 14.83799722 ] } },
{ "type": "Feature", "properties": { "Latitud Origen": 14.84682898, "Longitud Origen": -88.2946361, "Usuario Origen": "Jorge Alberto Avila Menjivar/Jorge Seguridad DESA/POTENCIA Y ENERGIA DE MESOAMERICA S.A. DE CV (paga)/SEGURIDAD PHAZ" }, "geometry": { "type": "Point", "coordinates": [ -88.2946361, 14.84682898 ] } },
{ "type": "Feature", "properties": { "Latitud Origen": 14.85663889, "Longitud Origen": -87.9545556, "Usuario Origen": "Jorge Alberto Avila Menjivar/Jorge Seguridad DESA/POTENCIA Y ENERGIA DE MESOAMERICA S.A. DE CV (paga)/SEGURIDAD PHAZ" }, "geometry": { "type": "Point", "coordinates": [ -87.9545556, 14.85663889 ] } },
{ "type": "Feature", "properties": { "Latitud Origen": 14.85663889, "Longitud Origen": -87.9545556, "Usuario Origen": "Juan Sanchez Cantillano" }, "geometry": { "type": "Point", "coordinates": [ -87.9545556, 14.85663889 ] } },
{ "type": "Feature", "properties": { "Latitud Origen": 14.87780117, "Longitud Origen": -88.0623867, "Usuario Origen": "Jorge Alberto Avila Menjivar/Jorge Seguridad DESA/POTENCIA Y ENERGIA DE MESOAMERICA S.A. DE CV (paga)/SEGURIDAD PHAZ" }, "geometry": { "type": "Point", "coordinates": [ -88.0623867, 14.87780117 ] } },
{ "type": "Feature", "properties": { "Latitud Origen": 14.879023, "Longitud Origen": -88.062176, "Usuario Origen": "Jorge Alberto Avila Menjivar/Jorge Seguridad DESA/POTENCIA Y ENERGIA DE MESOAMERICA S.A. DE CV (paga)/SEGURIDAD PHAZ" }, "geometry": { "type": "Point", "coordinates": [ -88.062176, 14.879023 ] } },
{ "type": "Feature", "properties": { "Latitud Origen": 14.88744444, "Longitud Origen": -87.9397222, "Usuario Origen": "Jorge Alberto Avila Menjivar/Jorge Seguridad DESA/POTENCIA Y ENERGIA DE MESOAMERICA S.A. DE CV (paga)/SEGURIDAD PHAZ" }, "geometry": { "type": "Point", "coordinates": [ -87.9397222, 14.88744444 ] } },
{ "type": "Feature", "properties": { "Latitud Origen": 14.88744444, "Longitud Origen": -87.9397222, "Usuario Origen": "Juan Sanchez Cantillano" }, "geometry": { "type": "Point", "coordinates": [ -87.9397222, 14.88744444 ] } },
{ "type": "Feature", "properties": { "Latitud Origen": 14.89216, "Longitud Origen": -88.29226, "Usuario Origen": "Jorge Alberto Avila Menjivar/Jorge Seguridad DESA/POTENCIA Y ENERGIA DE MESOAMERICA S.A. DE CV (paga)/SEGURIDAD PHAZ" }, "geometry": { "type": "Point", "coordinates": [ -88.29226, 14.89216 ] } },
{ "type": "Feature", "properties": { "Latitud Origen": 14.91176239, "Longitud Origen": -88.2433478, "Usuario Origen": "Jorge Alberto Avila Menjivar/Jorge Seguridad DESA/POTENCIA Y ENERGIA DE MESOAMERICA S.A. DE CV (paga)/SEGURIDAD PHAZ" }, "geometry": { "type": "Point", "coordinates": [ -88.2433478, 14.91176239 ] } },
{ "type": "Feature", "properties": { "Latitud Origen": 14.919182, "Longitud Origen": -88.23618, "Usuario Origen": "Jorge Alberto Avila Menjivar/Jorge Seguridad DESA/POTENCIA Y ENERGIA DE MESOAMERICA S.A. DE CV (paga)/SEGURIDAD PHAZ" }, "geometry": { "type": "Point", "coordinates": [ -88.23618, 14.919182 ] } },
{ "type": "Feature", "properties": { "Latitud Origen": 14.92613889, "Longitud Origen": -88.2408333, "Usuario Origen": "Jorge Alberto Avila Menjivar/Jorge Seguridad DESA/POTENCIA Y ENERGIA DE MESOAMERICA S.A. DE CV (paga)/SEGURIDAD PHAZ" }, "geometry": { "type": "Point", "coordinates": [ -88.2408333, 14.92613889 ] } },
{ "type": "Feature", "properties": { "Latitud Origen": 14.92944836, "Longitud Origen": -87.9566701, "Usuario Origen": "Jorge Alberto Avila Menjivar/Jorge Seguridad DESA/POTENCIA Y ENERGIA DE MESOAMERICA S.A. DE CV (paga)/SEGURIDAD PHAZ" }, "geometry": { "type": "Point", "coordinates": [ -87.9566701, 14.92944836 ] } },
{ "type": "Feature", "properties": { "Latitud Origen": 14.92944836, "Longitud Origen": -87.9566701, "Usuario Origen": "Juan Sanchez Cantillano" }, "geometry": { "type": "Point", "coordinates": [ -87.9566701, 14.92944836 ] } },
{ "type": "Feature", "properties": { "Latitud Origen": 14.94336981, "Longitud Origen": -88.3188277, "Usuario Origen": "Jorge Alberto Avila Menjivar/Jorge Seguridad DESA/POTENCIA Y ENERGIA DE MESOAMERICA S.A. DE CV (paga)/SEGURIDAD PHAZ" }, "geometry": { "type": "Point", "coordinates": [ -88.3188277, 14.94336981 ] } },
{ "type": "Feature", "properties": { "Latitud Origen": 14.95741667, "Longitud Origen": -88.2317222, "Usuario Origen": "Jorge Alberto Avila Menjivar/Jorge Seguridad DESA/POTENCIA Y ENERGIA DE MESOAMERICA S.A. DE CV (paga)/SEGURIDAD PHAZ" }, "geometry": { "type": "Point", "coordinates": [ -88.2317222, 14.95741667 ] } },
{ "type": "Feature", "properties": { "Latitud Origen": 14.97235708, "Longitud Origen": -88.034444, "Usuario Origen": "Juan Sanchez Cantillano" }, "geometry": { "type": "Point", "coordinates": [ -88.034444, 14.97235708 ] } },
{ "type": "Feature", "properties": { "Latitud Origen": 15.00963889, "Longitud Origen": -87.9281389, "Usuario Origen": "Jorge Alberto Avila Menjivar/Jorge Seguridad DESA/POTENCIA Y ENERGIA DE MESOAMERICA S.A. DE CV (paga)/SEGURIDAD PHAZ" }, "geometry": { "type": "Point", "coordinates": [ -87.9281389, 15.00963889 ] } },
{ "type": "Feature", "properties": { "Latitud Origen": 15.00963889, "Longitud Origen": -87.9281389, "Usuario Origen": "Juan Sanchez Cantillano" }, "geometry": { "type": "Point", "coordinates": [ -87.9281389, 15.00963889 ] } },
{ "type": "Feature", "properties": { "Latitud Origen": 15.0439435, "Longitud Origen": -87.9323319, "Usuario Origen": "Juan Sanchez Cantillano" }, "geometry": { "type": "Point", "coordinates": [ -87.9323319, 15.0439435 ] } },
{ "type": "Feature", "properties": { "Latitud Origen": 15.05785682, "Longitud Origen": -88.2515868, "Usuario Origen": "Jorge Alberto Avila Menjivar/Jorge Seguridad DESA/POTENCIA Y ENERGIA DE MESOAMERICA S.A. DE CV (paga)/SEGURIDAD PHAZ" }, "geometry": { "type": "Point", "coordinates": [ -88.2515868, 15.05785682 ] } },
{ "type": "Feature", "properties": { "Latitud Origen": 15.09183333, "Longitud Origen": -87.9253889, "Usuario Origen": "Jorge Alberto Avila Menjivar/Jorge Seguridad DESA/POTENCIA Y ENERGIA DE MESOAMERICA S.A. DE CV (paga)/SEGURIDAD PHAZ" }, "geometry": { "type": "Point", "coordinates": [ -87.9253889, 15.09183333 ] } },
{ "type": "Feature", "properties": { "Latitud Origen": 15.09183333, "Longitud Origen": -87.9253889, "Usuario Origen": "Juan Sanchez Cantillano" }, "geometry": { "type": "Point", "coordinates": [ -87.9253889, 15.09183333 ] } },
{ "type": "Feature", "properties": { "Latitud Origen": 15.13325, "Longitud Origen": -87.909, "Usuario Origen": "Juan Sanchez Cantillano" }, "geometry": { "type": "Point", "coordinates": [ -87.909, 15.13325 ] } },
{ "type": "Feature", "properties": { "Latitud Origen": 15.13812, "Longitud Origen": -87.12574, "Usuario Origen": "Juan Sanchez Cantillano" }, "geometry": { "type": "Point", "coordinates": [ -87.12574, 15.13812 ] } },
{ "type": "Feature", "properties": { "Latitud Origen": 15.14239103, "Longitud Origen": -87.1250232, "Usuario Origen": "Juan Sanchez Cantillano" }, "geometry": { "type": "Point", "coordinates": [ -87.1250232, 15.14239103 ] } },
{ "type": "Feature", "properties": { "Latitud Origen": 15.16185602, "Longitud Origen": -88.3498883, "Usuario Origen": "Jorge Alberto Avila Menjivar/Jorge Seguridad DESA/POTENCIA Y ENERGIA DE MESOAMERICA S.A. DE CV (paga)/SEGURIDAD PHAZ" }, "geometry": { "type": "Point", "coordinates": [ -88.3498883, 15.16185602 ] } },
{ "type": "Feature", "properties": { "Latitud Origen": 15.16419444, "Longitud Origen": -87.9520278, "Usuario Origen": "Juan Sanchez Cantillano" }, "geometry": { "type": "Point", "coordinates": [ -87.9520278, 15.16419444 ] } },
{ "type": "Feature", "properties": { "Latitud Origen": 15.19766667, "Longitud Origen": -87.9634722, "Usuario Origen": "Jorge Alberto Avila Menjivar/Jorge Seguridad DESA/POTENCIA Y ENERGIA DE MESOAMERICA S.A. DE CV (paga)/SEGURIDAD PHAZ" }, "geometry": { "type": "Point", "coordinates": [ -87.9634722, 15.19766667 ] } },
{ "type": "Feature", "properties": { "Latitud Origen": 15.19766667, "Longitud Origen": -87.9634722, "Usuario Origen": "Juan Sanchez Cantillano" }, "geometry": { "type": "Point", "coordinates": [ -87.9634722, 15.19766667 ] } },
{ "type": "Feature", "properties": { "Latitud Origen": 15.204, "Longitud Origen": -87.8896667, "Usuario Origen": "Juan Sanchez Cantillano" }, "geometry": { "type": "Point", "coordinates": [ -87.8896667, 15.204 ] } },
{ "type": "Feature", "properties": { "Latitud Origen": 15.23005565, "Longitud Origen": -87.9613949, "Usuario Origen": "Juan Sanchez Cantillano" }, "geometry": { "type": "Point", "coordinates": [ -87.9613949, 15.23005565 ] } },
{ "type": "Feature", "properties": { "Latitud Origen": 15.28633334, "Longitud Origen": -87.9732806, "Usuario Origen": "Juan Sanchez Cantillano" }, "geometry": { "type": "Point", "coordinates": [ -87.9732806, 15.28633334 ] } },
{ "type": "Feature", "properties": { "Latitud Origen": 15.30169275, "Longitud Origen": -88.4176627, "Usuario Origen": "Jorge Alberto Avila Menjivar/Jorge Seguridad DESA/POTENCIA Y ENERGIA DE MESOAMERICA S.A. DE CV (paga)/SEGURIDAD PHAZ" }, "geometry": { "type": "Point", "coordinates": [ -88.4176627, 15.30169275 ] } },
{ "type": "Feature", "properties": { "Latitud Origen": 15.30705228, "Longitud Origen": -87.6971369, "Usuario Origen": "Juan Sanchez Cantillano" }, "geometry": { "type": "Point", "coordinates": [ -87.6971369, 15.30705228 ] } },
{ "type": "Feature", "properties": { "Latitud Origen": 15.31763889, "Longitud Origen": -87.9685556, "Usuario Origen": "Juan Sanchez Cantillano" }, "geometry": { "type": "Point", "coordinates": [ -87.9685556, 15.31763889 ] } },
{ "type": "Feature", "properties": { "Latitud Origen": 15.31933333, "Longitud Origen": -87.9858611, "Usuario Origen": "Juan Sanchez Cantillano" }, "geometry": { "type": "Point", "coordinates": [ -87.9858611, 15.31933333 ] } },
{ "type": "Feature", "properties": { "Latitud Origen": 15.32069, "Longitud Origen": -87.99219, "Usuario Origen": "Jorge Alberto Avila Menjivar/Jorge Seguridad DESA/POTENCIA Y ENERGIA DE MESOAMERICA S.A. DE CV (paga)/SEGURIDAD PHAZ" }, "geometry": { "type": "Point", "coordinates": [ -87.99219, 15.32069 ] } },
{ "type": "Feature", "properties": { "Latitud Origen": 15.3237468, "Longitud Origen": -87.948334, "Usuario Origen": "Juan Sanchez Cantillano" }, "geometry": { "type": "Point", "coordinates": [ -87.948334, 15.3237468 ] } },
{ "type": "Feature", "properties": { "Latitud Origen": 15.34111111, "Longitud Origen": -88.2889444, "Usuario Origen": "Jorge Alberto Avila Menjivar/Jorge Seguridad DESA/POTENCIA Y ENERGIA DE MESOAMERICA S.A. DE CV (paga)/SEGURIDAD PHAZ" }, "geometry": { "type": "Point", "coordinates": [ -88.2889444, 15.34111111 ] } },
{ "type": "Feature", "properties": { "Latitud Origen": 15.34111477, "Longitud Origen": -87.9175034, "Usuario Origen": "Juan Sanchez Cantillano" }, "geometry": { "type": "Point", "coordinates": [ -87.9175034, 15.34111477 ] } },
{ "type": "Feature", "properties": { "Latitud Origen": 15.36777641, "Longitud Origen": -88.4327801, "Usuario Origen": "Jorge Alberto Avila Menjivar/Jorge Seguridad DESA/POTENCIA Y ENERGIA DE MESOAMERICA S.A. DE CV (paga)/SEGURIDAD PHAZ" }, "geometry": { "type": "Point", "coordinates": [ -88.4327801, 15.36777641 ] } },
{ "type": "Feature", "properties": { "Latitud Origen": 15.36802778, "Longitud Origen": -87.9859444, "Usuario Origen": "Jorge Alberto Avila Menjivar/Jorge Seguridad DESA/POTENCIA Y ENERGIA DE MESOAMERICA S.A. DE CV (paga)/SEGURIDAD PHAZ" }, "geometry": { "type": "Point", "coordinates": [ -87.9859444, 15.36802778 ] } },
{ "type": "Feature", "properties": { "Latitud Origen": 15.37638889, "Longitud Origen": -87.8975, "Usuario Origen": "Juan Sanchez Cantillano" }, "geometry": { "type": "Point", "coordinates": [ -87.8975, 15.37638889 ] } },
{ "type": "Feature", "properties": { "Latitud Origen": 15.38369223, "Longitud Origen": -87.8055524, "Usuario Origen": "Jorge Alberto Avila Menjivar/Jorge Seguridad DESA/POTENCIA Y ENERGIA DE MESOAMERICA S.A. DE CV (paga)/SEGURIDAD PHAZ" }, "geometry": { "type": "Point", "coordinates": [ -87.8055524, 15.38369223 ] } },
{ "type": "Feature", "properties": { "Latitud Origen": 15.3885, "Longitud Origen": -87.7993333, "Usuario Origen": "Juan Sanchez Cantillano" }, "geometry": { "type": "Point", "coordinates": [ -87.7993333, 15.3885 ] } },
{ "type": "Feature", "properties": { "Latitud Origen": 15.38933334, "Longitud Origen": -88.4001111, "Usuario Origen": "Jorge Alberto Avila Menjivar/Jorge Seguridad DESA/POTENCIA Y ENERGIA DE MESOAMERICA S.A. DE CV (paga)/SEGURIDAD PHAZ" }, "geometry": { "type": "Point", "coordinates": [ -88.4001111, 15.38933334 ] } },
{ "type": "Feature", "properties": { "Latitud Origen": 15.39622, "Longitud Origen": -87.8044, "Usuario Origen": "Jorge Alberto Avila Menjivar/Jorge Seguridad DESA/POTENCIA Y ENERGIA DE MESOAMERICA S.A. DE CV (paga)/SEGURIDAD PHAZ" }, "geometry": { "type": "Point", "coordinates": [ -87.8044, 15.39622 ] } },
{ "type": "Feature", "properties": { "Latitud Origen": 15.39622, "Longitud Origen": -87.8044, "Usuario Origen": "Juan Sanchez Cantillano" }, "geometry": { "type": "Point", "coordinates": [ -87.8044, 15.39622 ] } },
{ "type": "Feature", "properties": { "Latitud Origen": 15.40077778, "Longitud Origen": -87.8065833, "Usuario Origen": "Juan Sanchez Cantillano" }, "geometry": { "type": "Point", "coordinates": [ -87.8065833, 15.40077778 ] } },
{ "type": "Feature", "properties": { "Latitud Origen": 15.40260556, "Longitud Origen": -87.8118861, "Usuario Origen": "Jorge Alberto Avila Menjivar/Jorge Seguridad DESA/POTENCIA Y ENERGIA DE MESOAMERICA S.A. DE CV (paga)/SEGURIDAD PHAZ" }, "geometry": { "type": "Point", "coordinates": [ -87.8118861, 15.40260556 ] } },
{ "type": "Feature", "properties": { "Latitud Origen": 15.40260556, "Longitud Origen": -87.8118861, "Usuario Origen": "Juan Sanchez Cantillano" }, "geometry": { "type": "Point", "coordinates": [ -87.8118861, 15.40260556 ] } },
{ "type": "Feature", "properties": { "Latitud Origen": 15.403879, "Longitud Origen": -87.818182, "Usuario Origen": "Juan Sanchez Cantillano" }, "geometry": { "type": "Point", "coordinates": [ -87.818182, 15.403879 ] } },
{ "type": "Feature", "properties": { "Latitud Origen": 15.4069, "Longitud Origen": -87.80936, "Usuario Origen": "Juan Sanchez Cantillano" }, "geometry": { "type": "Point", "coordinates": [ -87.80936, 15.4069 ] } },
{ "type": "Feature", "properties": { "Latitud Origen": 15.40958333, "Longitud Origen": -88.1118056, "Usuario Origen": "Jorge Alberto Avila Menjivar/Jorge Seguridad DESA/POTENCIA Y ENERGIA DE MESOAMERICA S.A. DE CV (paga)/SEGURIDAD PHAZ" }, "geometry": { "type": "Point", "coordinates": [ -88.1118056, 15.40958333 ] } },
{ "type": "Feature", "properties": { "Latitud Origen": 15.40975, "Longitud Origen": -87.8038889, "Usuario Origen": "Juan Sanchez Cantillano" }, "geometry": { "type": "Point", "coordinates": [ -87.8038889, 15.40975 ] } },
{ "type": "Feature", "properties": { "Latitud Origen": 15.411, "Longitud Origen": -87.8508056, "Usuario Origen": "Juan Sanchez Cantillano" }, "geometry": { "type": "Point", "coordinates": [ -87.8508056, 15.411 ] } },
{ "type": "Feature", "properties": { "Latitud Origen": 15.41213889, "Longitud Origen": -87.88675, "Usuario Origen": "Juan Sanchez Cantillano" }, "geometry": { "type": "Point", "coordinates": [ -87.88675, 15.41213889 ] } },
{ "type": "Feature", "properties": { "Latitud Origen": 15.41758124, "Longitud Origen": -88.0237568, "Usuario Origen": "Jorge Alberto Avila Menjivar/Jorge Seguridad DESA/POTENCIA Y ENERGIA DE MESOAMERICA S.A. DE CV (paga)/SEGURIDAD PHAZ" }, "geometry": { "type": "Point", "coordinates": [ -88.0237568, 15.41758124 ] } },
{ "type": "Feature", "properties": { "Latitud Origen": 15.427, "Longitud Origen": -87.9202778, "Usuario Origen": "Juan Sanchez Cantillano" }, "geometry": { "type": "Point", "coordinates": [ -87.9202778, 15.427 ] } },
{ "type": "Feature", "properties": { "Latitud Origen": 15.42995556, "Longitud Origen": -87.9006417, "Usuario Origen": "Juan Sanchez Cantillano" }, "geometry": { "type": "Point", "coordinates": [ -87.9006417, 15.42995556 ] } },
{ "type": "Feature", "properties": { "Latitud Origen": 15.43097569, "Longitud Origen": -88.0201128, "Usuario Origen": "Jorge Alberto Avila Menjivar/Jorge Seguridad DESA/POTENCIA Y ENERGIA DE MESOAMERICA S.A. DE CV (paga)/SEGURIDAD PHAZ" }, "geometry": { "type": "Point", "coordinates": [ -88.0201128, 15.43097569 ] } },
{ "type": "Feature", "properties": { "Latitud Origen": 15.43127946, "Longitud Origen": -87.915177, "Usuario Origen": "Juan Sanchez Cantillano" }, "geometry": { "type": "Point", "coordinates": [ -87.915177, 15.43127946 ] } },
{ "type": "Feature", "properties": { "Latitud Origen": 15.43586111, "Longitud Origen": -87.9090556, "Usuario Origen": "Juan Sanchez Cantillano" }, "geometry": { "type": "Point", "coordinates": [ -87.9090556, 15.43586111 ] } },
{ "type": "Feature", "properties": { "Latitud Origen": 15.43610819, "Longitud Origen": -87.9129988, "Usuario Origen": "Juan Sanchez Cantillano" }, "geometry": { "type": "Point", "coordinates": [ -87.9129988, 15.43610819 ] } },
{ "type": "Feature", "properties": { "Latitud Origen": 15.43656389, "Longitud Origen": -87.8975, "Usuario Origen": "Juan Sanchez Cantillano" }, "geometry": { "type": "Point", "coordinates": [ -87.8975, 15.43656389 ] } },
{ "type": "Feature", "properties": { "Latitud Origen": 15.43687, "Longitud Origen": -87.90773, "Usuario Origen": "Juan Sanchez Cantillano" }, "geometry": { "type": "Point", "coordinates": [ -87.90773, 15.43687 ] } },
{ "type": "Feature", "properties": { "Latitud Origen": 15.43972222, "Longitud Origen": -87.9268889, "Usuario Origen": "Juan Sanchez Cantillano" }, "geometry": { "type": "Point", "coordinates": [ -87.9268889, 15.43972222 ] } },
{ "type": "Feature", "properties": { "Latitud Origen": 15.44166667, "Longitud Origen": -88.0191111, "Usuario Origen": "Jorge Alberto Avila Menjivar/Jorge Seguridad DESA/POTENCIA Y ENERGIA DE MESOAMERICA S.A. DE CV (paga)/SEGURIDAD PHAZ" }, "geometry": { "type": "Point", "coordinates": [ -88.0191111, 15.44166667 ] } },
{ "type": "Feature", "properties": { "Latitud Origen": 15.445281, "Longitud Origen": -87.94085, "Usuario Origen": "Juan Sanchez Cantillano" }, "geometry": { "type": "Point", "coordinates": [ -87.94085, 15.445281 ] } },
{ "type": "Feature", "properties": { "Latitud Origen": 15.45058355, "Longitud Origen": -88.0199197, "Usuario Origen": "Jorge Alberto Avila Menjivar/Jorge Seguridad DESA/POTENCIA Y ENERGIA DE MESOAMERICA S.A. DE CV (paga)/SEGURIDAD PHAZ" }, "geometry": { "type": "Point", "coordinates": [ -88.0199197, 15.45058355 ] } },
{ "type": "Feature", "properties": { "Latitud Origen": 15.4577, "Longitud Origen": -88.0272611, "Usuario Origen": "Jorge Alberto Avila Menjivar/Jorge Seguridad DESA/POTENCIA Y ENERGIA DE MESOAMERICA S.A. DE CV (paga)/SEGURIDAD PHAZ" }, "geometry": { "type": "Point", "coordinates": [ -88.0272611, 15.4577 ] } },
{ "type": "Feature", "properties": { "Latitud Origen": 15.45800049, "Longitud Origen": -87.949753, "Usuario Origen": "Juan Sanchez Cantillano" }, "geometry": { "type": "Point", "coordinates": [ -87.949753, 15.45800049 ] } },
{ "type": "Feature", "properties": { "Latitud Origen": 15.45941667, "Longitud Origen": -87.9424167, "Usuario Origen": "Juan Sanchez Cantillano" }, "geometry": { "type": "Point", "coordinates": [ -87.9424167, 15.45941667 ] } },
{ "type": "Feature", "properties": { "Latitud Origen": 15.45977778, "Longitud Origen": -87.9562222, "Usuario Origen": "Juan Sanchez Cantillano" }, "geometry": { "type": "Point", "coordinates": [ -87.9562222, 15.45977778 ] } },
{ "type": "Feature", "properties": { "Latitud Origen": 15.46119, "Longitud Origen": -87.78529, "Usuario Origen": "Juan Sanchez Cantillano" }, "geometry": { "type": "Point", "coordinates": [ -87.78529, 15.46119 ] } },
{ "type": "Feature", "properties": { "Latitud Origen": 15.46119, "Longitud Origen": -88.0295, "Usuario Origen": "Jorge Alberto Avila Menjivar/Jorge Seguridad DESA/POTENCIA Y ENERGIA DE MESOAMERICA S.A. DE CV (paga)/SEGURIDAD PHAZ" }, "geometry": { "type": "Point", "coordinates": [ -88.0295, 15.46119 ] } },
{ "type": "Feature", "properties": { "Latitud Origen": 15.46544444, "Longitud Origen": -87.9684444, "Usuario Origen": "Juan Sanchez Cantillano" }, "geometry": { "type": "Point", "coordinates": [ -87.9684444, 15.46544444 ] } },
{ "type": "Feature", "properties": { "Latitud Origen": 15.465988, "Longitud Origen": -87.96074, "Usuario Origen": "Juan Sanchez Cantillano" }, "geometry": { "type": "Point", "coordinates": [ -87.96074, 15.465988 ] } },
{ "type": "Feature", "properties": { "Latitud Origen": 15.467362, "Longitud Origen": -88.0018912, "Usuario Origen": "Juan Sanchez Cantillano" }, "geometry": { "type": "Point", "coordinates": [ -88.0018912, 15.467362 ] } },
{ "type": "Feature", "properties": { "Latitud Origen": 15.47151396, "Longitud Origen": -87.9810875, "Usuario Origen": "Juan Sanchez Cantillano" }, "geometry": { "type": "Point", "coordinates": [ -87.9810875, 15.47151396 ] } },
{ "type": "Feature", "properties": { "Latitud Origen": 15.47393665, "Longitud Origen": -88.0012703, "Usuario Origen": "Juan Sanchez Cantillano" }, "geometry": { "type": "Point", "coordinates": [ -88.0012703, 15.47393665 ] } },
{ "type": "Feature", "properties": { "Latitud Origen": 15.47596944, "Longitud Origen": -88.0187472, "Usuario Origen": "Juan Sanchez Cantillano" }, "geometry": { "type": "Point", "coordinates": [ -88.0187472, 15.47596944 ] } },
{ "type": "Feature", "properties": { "Latitud Origen": 15.47669444, "Longitud Origen": -88.02425, "Usuario Origen": "Jorge Alberto Avila Menjivar/Jorge Seguridad DESA/POTENCIA Y ENERGIA DE MESOAMERICA S.A. DE CV (paga)/SEGURIDAD PHAZ" }, "geometry": { "type": "Point", "coordinates": [ -88.02425, 15.47669444 ] } },
{ "type": "Feature", "properties": { "Latitud Origen": 15.47669444, "Longitud Origen": -88.02425, "Usuario Origen": "Juan Sanchez Cantillano" }, "geometry": { "type": "Point", "coordinates": [ -88.02425, 15.47669444 ] } },
{ "type": "Feature", "properties": { "Latitud Origen": 15.47774969, "Longitud Origen": -87.9587732, "Usuario Origen": "Juan Sanchez Cantillano" }, "geometry": { "type": "Point", "coordinates": [ -87.9587732, 15.47774969 ] } },
{ "type": "Feature", "properties": { "Latitud Origen": 15.47788889, "Longitud Origen": -88.0118611, "Usuario Origen": "Juan Sanchez Cantillano" }, "geometry": { "type": "Point", "coordinates": [ -88.0118611, 15.47788889 ] } },
{ "type": "Feature", "properties": { "Latitud Origen": 15.47944545, "Longitud Origen": -88.0300257, "Usuario Origen": "Juan Sanchez Cantillano" }, "geometry": { "type": "Point", "coordinates": [ -88.0300257, 15.47944545 ] } },
{ "type": "Feature", "properties": { "Latitud Origen": 15.48157587, "Longitud Origen": -88.0209011, "Usuario Origen": "Juan Sanchez Cantillano" }, "geometry": { "type": "Point", "coordinates": [ -88.0209011, 15.48157587 ] } },
{ "type": "Feature", "properties": { "Latitud Origen": 15.48458732, "Longitud Origen": -87.9806458, "Usuario Origen": "Juan Sanchez Cantillano" }, "geometry": { "type": "Point", "coordinates": [ -87.9806458, 15.48458732 ] } },
{ "type": "Feature", "properties": { "Latitud Origen": 15.48830556, "Longitud Origen": -87.7366389, "Usuario Origen": "Juan Sanchez Cantillano" }, "geometry": { "type": "Point", "coordinates": [ -87.7366389, 15.48830556 ] } },
{ "type": "Feature", "properties": { "Latitud Origen": 15.4911, "Longitud Origen": -88.0285, "Usuario Origen": "Jorge Alberto Avila Menjivar/Jorge Seguridad DESA/POTENCIA Y ENERGIA DE MESOAMERICA S.A. DE CV (paga)/SEGURIDAD PHAZ" }, "geometry": { "type": "Point", "coordinates": [ -88.0285, 15.4911 ] } },
{ "type": "Feature", "properties": { "Latitud Origen": 15.4911, "Longitud Origen": -88.03444, "Usuario Origen": "Jorge Alberto Avila Menjivar/Jorge Seguridad DESA/POTENCIA Y ENERGIA DE MESOAMERICA S.A. DE CV (paga)/SEGURIDAD PHAZ" }, "geometry": { "type": "Point", "coordinates": [ -88.03444, 15.4911 ] } },
{ "type": "Feature", "properties": { "Latitud Origen": 15.493476, "Longitud Origen": -88.034377, "Usuario Origen": "Juan Sanchez Cantillano" }, "geometry": { "type": "Point", "coordinates": [ -88.034377, 15.493476 ] } },
{ "type": "Feature", "properties": { "Latitud Origen": 15.49369139, "Longitud Origen": -87.9864964, "Usuario Origen": "Juan Sanchez Cantillano" }, "geometry": { "type": "Point", "coordinates": [ -87.9864964, 15.49369139 ] } },
{ "type": "Feature", "properties": { "Latitud Origen": 15.49530556, "Longitud Origen": -88.0390278, "Usuario Origen": "Jorge Alberto Avila Menjivar/Jorge Seguridad DESA/POTENCIA Y ENERGIA DE MESOAMERICA S.A. DE CV (paga)/SEGURIDAD PHAZ" }, "geometry": { "type": "Point", "coordinates": [ -88.0390278, 15.49530556 ] } },
{ "type": "Feature", "properties": { "Latitud Origen": 15.49530556, "Longitud Origen": -88.0390278, "Usuario Origen": "Juan Sanchez Cantillano" }, "geometry": { "type": "Point", "coordinates": [ -88.0390278, 15.49530556 ] } },
{ "type": "Feature", "properties": { "Latitud Origen": 15.497, "Longitud Origen": -88.0361111, "Usuario Origen": "Jorge Alberto Avila Menjivar/Jorge Seguridad DESA/POTENCIA Y ENERGIA DE MESOAMERICA S.A. DE CV (paga)/SEGURIDAD PHAZ" }, "geometry": { "type": "Point", "coordinates": [ -88.0361111, 15.497 ] } },
{ "type": "Feature", "properties": { "Latitud Origen": 15.497, "Longitud Origen": -88.0361111, "Usuario Origen": "Juan Sanchez Cantillano" }, "geometry": { "type": "Point", "coordinates": [ -88.0361111, 15.497 ] } },
{ "type": "Feature", "properties": { "Latitud Origen": 15.49700715, "Longitud Origen": -88.0324339, "Usuario Origen": "Jorge Alberto Avila Menjivar/Jorge Seguridad DESA/POTENCIA Y ENERGIA DE MESOAMERICA S.A. DE CV (paga)/SEGURIDAD PHAZ" }, "geometry": { "type": "Point", "coordinates": [ -88.0324339, 15.49700715 ] } },
{ "type": "Feature", "properties": { "Latitud Origen": 15.49700715, "Longitud Origen": -88.0324339, "Usuario Origen": "Juan Sanchez Cantillano" }, "geometry": { "type": "Point", "coordinates": [ -88.0324339, 15.49700715 ] } },
{ "type": "Feature", "properties": { "Latitud Origen": 15.49771862, "Longitud Origen": -88.0368655, "Usuario Origen": "Jorge Alberto Avila Menjivar/Jorge Seguridad DESA/POTENCIA Y ENERGIA DE MESOAMERICA S.A. DE CV (paga)/SEGURIDAD PHAZ" }, "geometry": { "type": "Point", "coordinates": [ -88.0368655, 15.49771862 ] } },
{ "type": "Feature", "properties": { "Latitud Origen": 15.497869, "Longitud Origen": -88.023946, "Usuario Origen": "Jorge Alberto Avila Menjivar/Jorge Seguridad DESA/POTENCIA Y ENERGIA DE MESOAMERICA S.A. DE CV (paga)/SEGURIDAD PHAZ" }, "geometry": { "type": "Point", "coordinates": [ -88.023946, 15.497869 ] } },
{ "type": "Feature", "properties": { "Latitud Origen": 15.49786922, "Longitud Origen": -88.0239455, "Usuario Origen": "Jorge Alberto Avila Menjivar/Jorge Seguridad DESA/POTENCIA Y ENERGIA DE MESOAMERICA S.A. DE CV (paga)/SEGURIDAD PHAZ" }, "geometry": { "type": "Point", "coordinates": [ -88.0239455, 15.49786922 ] } },
{ "type": "Feature", "properties": { "Latitud Origen": 15.49786922, "Longitud Origen": -88.0239455, "Usuario Origen": "Juan Sanchez Cantillano" }, "geometry": { "type": "Point", "coordinates": [ -88.0239455, 15.49786922 ] } },
{ "type": "Feature", "properties": { "Latitud Origen": 15.498712, "Longitud Origen": -87.686417, "Usuario Origen": "Jorge Alberto Avila Menjivar/Jorge Seguridad DESA/POTENCIA Y ENERGIA DE MESOAMERICA S.A. DE CV (paga)/SEGURIDAD PHAZ" }, "geometry": { "type": "Point", "coordinates": [ -87.686417, 15.498712 ] } },
{ "type": "Feature", "properties": { "Latitud Origen": 15.498712, "Longitud Origen": -87.686417, "Usuario Origen": "Juan Sanchez Cantillano" }, "geometry": { "type": "Point", "coordinates": [ -87.686417, 15.498712 ] } },
{ "type": "Feature", "properties": { "Latitud Origen": 15.49872283, "Longitud Origen": -87.6863643, "Usuario Origen": "Juan Sanchez Cantillano" }, "geometry": { "type": "Point", "coordinates": [ -87.6863643, 15.49872283 ] } },
{ "type": "Feature", "properties": { "Latitud Origen": 15.50022222, "Longitud Origen": -88.0312778, "Usuario Origen": "Juan Sanchez Cantillano" }, "geometry": { "type": "Point", "coordinates": [ -88.0312778, 15.50022222 ] } },
{ "type": "Feature", "properties": { "Latitud Origen": 15.5023627, "Longitud Origen": -88.0354157, "Usuario Origen": "Juan Sanchez Cantillano" }, "geometry": { "type": "Point", "coordinates": [ -88.0354157, 15.5023627 ] } },
{ "type": "Feature", "properties": { "Latitud Origen": 15.50258021, "Longitud Origen": -87.9818027, "Usuario Origen": "Juan Sanchez Cantillano" }, "geometry": { "type": "Point", "coordinates": [ -87.9818027, 15.50258021 ] } },
{ "type": "Feature", "properties": { "Latitud Origen": 15.50266383, "Longitud Origen": -88.0290033, "Usuario Origen": "Jorge Alberto Avila Menjivar/Jorge Seguridad DESA/POTENCIA Y ENERGIA DE MESOAMERICA S.A. DE CV (paga)/SEGURIDAD PHAZ" }, "geometry": { "type": "Point", "coordinates": [ -88.0290033, 15.50266383 ] } },
{ "type": "Feature", "properties": { "Latitud Origen": 15.50327778, "Longitud Origen": -88.0355556, "Usuario Origen": "Juan Sanchez Cantillano" }, "geometry": { "type": "Point", "coordinates": [ -88.0355556, 15.50327778 ] } },
{ "type": "Feature", "properties": { "Latitud Origen": 15.5035821, "Longitud Origen": -88.0413882, "Usuario Origen": "Jorge Alberto Avila Menjivar/Jorge Seguridad DESA/POTENCIA Y ENERGIA DE MESOAMERICA S.A. DE CV (paga)/SEGURIDAD PHAZ" }, "geometry": { "type": "Point", "coordinates": [ -88.0413882, 15.5035821 ] } },
{ "type": "Feature", "properties": { "Latitud Origen": 15.503611, "Longitud Origen": -88.004917, "Usuario Origen": "Juan Sanchez Cantillano" }, "geometry": { "type": "Point", "coordinates": [ -88.004917, 15.503611 ] } },
{ "type": "Feature", "properties": { "Latitud Origen": 15.504, "Longitud Origen": -88.009833, "Usuario Origen": "Juan Sanchez Cantillano" }, "geometry": { "type": "Point", "coordinates": [ -88.009833, 15.504 ] } },
{ "type": "Feature", "properties": { "Latitud Origen": 15.50411111, "Longitud Origen": -88.0241389, "Usuario Origen": "Jorge Alberto Avila Menjivar/Jorge Seguridad DESA/POTENCIA Y ENERGIA DE MESOAMERICA S.A. DE CV (paga)/SEGURIDAD PHAZ" }, "geometry": { "type": "Point", "coordinates": [ -88.0241389, 15.50411111 ] } },
{ "type": "Feature", "properties": { "Latitud Origen": 15.50411111, "Longitud Origen": -88.0241389, "Usuario Origen": "Juan Sanchez Cantillano" }, "geometry": { "type": "Point", "coordinates": [ -88.0241389, 15.50411111 ] } },
{ "type": "Feature", "properties": { "Latitud Origen": 15.5059727, "Longitud Origen": -88.0250296, "Usuario Origen": "Jorge Alberto Avila Menjivar/Jorge Seguridad DESA/POTENCIA Y ENERGIA DE MESOAMERICA S.A. DE CV (paga)/SEGURIDAD PHAZ" }, "geometry": { "type": "Point", "coordinates": [ -88.0250296, 15.5059727 ] } },
{ "type": "Feature", "properties": { "Latitud Origen": 15.5059727, "Longitud Origen": -88.0250296, "Usuario Origen": "Juan Sanchez Cantillano" }, "geometry": { "type": "Point", "coordinates": [ -88.0250296, 15.5059727 ] } },
{ "type": "Feature", "properties": { "Latitud Origen": 15.50605556, "Longitud Origen": -88.0363611, "Usuario Origen": "Juan Sanchez Cantillano" }, "geometry": { "type": "Point", "coordinates": [ -88.0363611, 15.50605556 ] } },
{ "type": "Feature", "properties": { "Latitud Origen": 15.50636111, "Longitud Origen": -88.0233333, "Usuario Origen": "Jorge Alberto Avila Menjivar/Jorge Seguridad DESA/POTENCIA Y ENERGIA DE MESOAMERICA S.A. DE CV (paga)/SEGURIDAD PHAZ" }, "geometry": { "type": "Point", "coordinates": [ -88.0233333, 15.50636111 ] } },
{ "type": "Feature", "properties": { "Latitud Origen": 15.50646852, "Longitud Origen": -87.9835551, "Usuario Origen": "Juan Sanchez Cantillano" }, "geometry": { "type": "Point", "coordinates": [ -87.9835551, 15.50646852 ] } },
{ "type": "Feature", "properties": { "Latitud Origen": 15.50813889, "Longitud Origen": -88.0011111, "Usuario Origen": "Juan Sanchez Cantillano" }, "geometry": { "type": "Point", "coordinates": [ -88.0011111, 15.50813889 ] } },
{ "type": "Feature", "properties": { "Latitud Origen": 15.50822223, "Longitud Origen": -88.0402972, "Usuario Origen": "Juan Sanchez Cantillano" }, "geometry": { "type": "Point", "coordinates": [ -88.0402972, 15.50822223 ] } },
{ "type": "Feature", "properties": { "Latitud Origen": 15.508383, "Longitud Origen": -88.036067, "Usuario Origen": "Juan Sanchez Cantillano" }, "geometry": { "type": "Point", "coordinates": [ -88.036067, 15.508383 ] } },
{ "type": "Feature", "properties": { "Latitud Origen": 15.50858333, "Longitud Origen": -88.0238889, "Usuario Origen": "Juan Sanchez Cantillano" }, "geometry": { "type": "Point", "coordinates": [ -88.0238889, 15.50858333 ] } },
{ "type": "Feature", "properties": { "Latitud Origen": 15.50989837, "Longitud Origen": -88.0438065, "Usuario Origen": "Juan Sanchez Cantillano" }, "geometry": { "type": "Point", "coordinates": [ -88.0438065, 15.50989837 ] } },
{ "type": "Feature", "properties": { "Latitud Origen": 15.51061111, "Longitud Origen": -88.0219722, "Usuario Origen": "Juan Sanchez Cantillano" }, "geometry": { "type": "Point", "coordinates": [ -88.0219722, 15.51061111 ] } },
{ "type": "Feature", "properties": { "Latitud Origen": 15.51205, "Longitud Origen": -88.03062, "Usuario Origen": "Jorge Alberto Avila Menjivar/Jorge Seguridad DESA/POTENCIA Y ENERGIA DE MESOAMERICA S.A. DE CV (paga)/SEGURIDAD PHAZ" }, "geometry": { "type": "Point", "coordinates": [ -88.03062, 15.51205 ] } },
{ "type": "Feature", "properties": { "Latitud Origen": 15.51230486, "Longitud Origen": -87.9963926, "Usuario Origen": "Juan Sanchez Cantillano" }, "geometry": { "type": "Point", "coordinates": [ -87.9963926, 15.51230486 ] } },
{ "type": "Feature", "properties": { "Latitud Origen": 15.51338889, "Longitud Origen": -88.0140833, "Usuario Origen": "Jorge Alberto Avila Menjivar/Jorge Seguridad DESA/POTENCIA Y ENERGIA DE MESOAMERICA S.A. DE CV (paga)/SEGURIDAD PHAZ" }, "geometry": { "type": "Point", "coordinates": [ -88.0140833, 15.51338889 ] } },
{ "type": "Feature", "properties": { "Latitud Origen": 15.51380082, "Longitud Origen": -88.0366847, "Usuario Origen": "Juan Sanchez Cantillano" }, "geometry": { "type": "Point", "coordinates": [ -88.0366847, 15.51380082 ] } },
{ "type": "Feature", "properties": { "Latitud Origen": 15.51723829, "Longitud Origen": -88.0264837, "Usuario Origen": "Jorge Alberto Avila Menjivar/Jorge Seguridad DESA/POTENCIA Y ENERGIA DE MESOAMERICA S.A. DE CV (paga)/SEGURIDAD PHAZ" }, "geometry": { "type": "Point", "coordinates": [ -88.0264837, 15.51723829 ] } },
{ "type": "Feature", "properties": { "Latitud Origen": 15.51723829, "Longitud Origen": -88.0264837, "Usuario Origen": "Juan Sanchez Cantillano" }, "geometry": { "type": "Point", "coordinates": [ -88.0264837, 15.51723829 ] } },
{ "type": "Feature", "properties": { "Latitud Origen": 15.52036067, "Longitud Origen": -88.0217815, "Usuario Origen": "Juan Sanchez Cantillano" }, "geometry": { "type": "Point", "coordinates": [ -88.0217815, 15.52036067 ] } },
{ "type": "Feature", "properties": { "Latitud Origen": 15.524536, "Longitud Origen": -88.01919, "Usuario Origen": "Juan Sanchez Cantillano" }, "geometry": { "type": "Point", "coordinates": [ -88.01919, 15.524536 ] } },
{ "type": "Feature", "properties": { "Latitud Origen": 15.52643225, "Longitud Origen": -88.0360019, "Usuario Origen": "Jorge Alberto Avila Menjivar/Jorge Seguridad DESA/POTENCIA Y ENERGIA DE MESOAMERICA S.A. DE CV (paga)/SEGURIDAD PHAZ" }, "geometry": { "type": "Point", "coordinates": [ -88.0360019, 15.52643225 ] } },
{ "type": "Feature", "properties": { "Latitud Origen": 15.52919444, "Longitud Origen": -87.96, "Usuario Origen": "Juan Sanchez Cantillano" }, "geometry": { "type": "Point", "coordinates": [ -87.96, 15.52919444 ] } },
{ "type": "Feature", "properties": { "Latitud Origen": 15.529439, "Longitud Origen": -88.031387, "Usuario Origen": "Juan Sanchez Cantillano" }, "geometry": { "type": "Point", "coordinates": [ -88.031387, 15.529439 ] } },
{ "type": "Feature", "properties": { "Latitud Origen": 15.53016667, "Longitud Origen": -88.0351667, "Usuario Origen": "Jorge Alberto Avila Menjivar/Jorge Seguridad DESA/POTENCIA Y ENERGIA DE MESOAMERICA S.A. DE CV (paga)/SEGURIDAD PHAZ" }, "geometry": { "type": "Point", "coordinates": [ -88.0351667, 15.53016667 ] } },
{ "type": "Feature", "properties": { "Latitud Origen": 15.53683333, "Longitud Origen": -87.6561389, "Usuario Origen": "Juan Sanchez Cantillano" }, "geometry": { "type": "Point", "coordinates": [ -87.6561389, 15.53683333 ] } },
{ "type": "Feature", "properties": { "Latitud Origen": 15.54919444, "Longitud Origen": -87.6412778, "Usuario Origen": "Juan Sanchez Cantillano" }, "geometry": { "type": "Point", "coordinates": [ -87.6412778, 15.54919444 ] } },
{ "type": "Feature", "properties": { "Latitud Origen": 15.56822222, "Longitud Origen": -87.9668889, "Usuario Origen": "Jorge Alberto Avila Menjivar/Jorge Seguridad DESA/POTENCIA Y ENERGIA DE MESOAMERICA S.A. DE CV (paga)/SEGURIDAD PHAZ" }, "geometry": { "type": "Point", "coordinates": [ -87.9668889, 15.56822222 ] } },
{ "type": "Feature", "properties": { "Latitud Origen": 15.59067111, "Longitud Origen": -87.2369135, "Usuario Origen": "Juan Sanchez Cantillano" }, "geometry": { "type": "Point", "coordinates": [ -87.2369135, 15.59067111 ] } },
{ "type": "Feature", "properties": { "Latitud Origen": 15.59841709, "Longitud Origen": -87.2058994, "Usuario Origen": "Juan Sanchez Cantillano" }, "geometry": { "type": "Point", "coordinates": [ -87.2058994, 15.59841709 ] } },
{ "type": "Feature", "properties": { "Latitud Origen": 15.60120833, "Longitud Origen": -87.2126306, "Usuario Origen": "Juan Sanchez Cantillano" }, "geometry": { "type": "Point", "coordinates": [ -87.2126306, 15.60120833 ] } },
{ "type": "Feature", "properties": { "Latitud Origen": 15.60619532, "Longitud Origen": -87.9355826, "Usuario Origen": "Jorge Alberto Avila Menjivar/Jorge Seguridad DESA/POTENCIA Y ENERGIA DE MESOAMERICA S.A. DE CV (paga)/SEGURIDAD PHAZ" }, "geometry": { "type": "Point", "coordinates": [ -87.9355826, 15.60619532 ] } },
{ "type": "Feature", "properties": { "Latitud Origen": 15.60836111, "Longitud Origen": -87.9488056, "Usuario Origen": "Jorge Alberto Avila Menjivar/Jorge Seguridad DESA/POTENCIA Y ENERGIA DE MESOAMERICA S.A. DE CV (paga)/SEGURIDAD PHAZ" }, "geometry": { "type": "Point", "coordinates": [ -87.9488056, 15.60836111 ] } },
{ "type": "Feature", "properties": { "Latitud Origen": 15.61152778, "Longitud Origen": -87.9415278, "Usuario Origen": "Jorge Alberto Avila Menjivar/Jorge Seguridad DESA/POTENCIA Y ENERGIA DE MESOAMERICA S.A. DE CV (paga)/SEGURIDAD PHAZ" }, "geometry": { "type": "Point", "coordinates": [ -87.9415278, 15.61152778 ] } },
{ "type": "Feature", "properties": { "Latitud Origen": 15.615081, "Longitud Origen": -87.958607, "Usuario Origen": "Jorge Alberto Avila Menjivar/Jorge Seguridad DESA/POTENCIA Y ENERGIA DE MESOAMERICA S.A. DE CV (paga)/SEGURIDAD PHAZ" }, "geometry": { "type": "Point", "coordinates": [ -87.958607, 15.615081 ] } },
{ "type": "Feature", "properties": { "Latitud Origen": 15.62088889, "Longitud Origen": -87.0948333, "Usuario Origen": "Jorge Alberto Avila Menjivar/Jorge Seguridad DESA/POTENCIA Y ENERGIA DE MESOAMERICA S.A. DE CV (paga)/SEGURIDAD PHAZ" }, "geometry": { "type": "Point", "coordinates": [ -87.0948333, 15.62088889 ] } },
{ "type": "Feature", "properties": { "Latitud Origen": 15.63514294, "Longitud Origen": -87.304663, "Usuario Origen": "Jorge Alberto Avila Menjivar/Jorge Seguridad DESA/POTENCIA Y ENERGIA DE MESOAMERICA S.A. DE CV (paga)/SEGURIDAD PHAZ" }, "geometry": { "type": "Point", "coordinates": [ -87.304663, 15.63514294 ] } },
{ "type": "Feature", "properties": { "Latitud Origen": 15.63514294, "Longitud Origen": -87.304663, "Usuario Origen": "Juan Sanchez Cantillano" }, "geometry": { "type": "Point", "coordinates": [ -87.304663, 15.63514294 ] } },
{ "type": "Feature", "properties": { "Latitud Origen": 15.63969678, "Longitud Origen": -87.0998099, "Usuario Origen": "Jorge Alberto Avila Menjivar/Jorge Seguridad DESA/POTENCIA Y ENERGIA DE MESOAMERICA S.A. DE CV (paga)/SEGURIDAD PHAZ" }, "geometry": { "type": "Point", "coordinates": [ -87.0998099, 15.63969678 ] } },
{ "type": "Feature", "properties": { "Latitud Origen": 15.63969678, "Longitud Origen": -87.0998099, "Usuario Origen": "Juan Sanchez Cantillano" }, "geometry": { "type": "Point", "coordinates": [ -87.0998099, 15.63969678 ] } },
{ "type": "Feature", "properties": { "Latitud Origen": 15.64308333, "Longitud Origen": -87.3268333, "Usuario Origen": "Jorge Alberto Avila Menjivar/Jorge Seguridad DESA/POTENCIA Y ENERGIA DE MESOAMERICA S.A. DE CV (paga)/SEGURIDAD PHAZ" }, "geometry": { "type": "Point", "coordinates": [ -87.3268333, 15.64308333 ] } },
{ "type": "Feature", "properties": { "Latitud Origen": 15.64308333, "Longitud Origen": -87.3268333, "Usuario Origen": "Juan Sanchez Cantillano" }, "geometry": { "type": "Point", "coordinates": [ -87.3268333, 15.64308333 ] } },
{ "type": "Feature", "properties": { "Latitud Origen": 15.66928486, "Longitud Origen": -87.6402206, "Usuario Origen": "Juan Sanchez Cantillano" }, "geometry": { "type": "Point", "coordinates": [ -87.6402206, 15.66928486 ] } },
{ "type": "Feature", "properties": { "Latitud Origen": 15.675078, "Longitud Origen": -86.983255, "Usuario Origen": "Juan Sanchez Cantillano" }, "geometry": { "type": "Point", "coordinates": [ -86.983255, 15.675078 ] } },
{ "type": "Feature", "properties": { "Latitud Origen": 15.67660776, "Longitud Origen": -88.1251412, "Usuario Origen": "Jorge Alberto Avila Menjivar/Jorge Seguridad DESA/POTENCIA Y ENERGIA DE MESOAMERICA S.A. DE CV (paga)/SEGURIDAD PHAZ" }, "geometry": { "type": "Point", "coordinates": [ -88.1251412, 15.67660776 ] } },
{ "type": "Feature", "properties": { "Latitud Origen": 15.71122222, "Longitud Origen": -86.9145556, "Usuario Origen": "Jorge Alberto Avila Menjivar/Jorge Seguridad DESA/POTENCIA Y ENERGIA DE MESOAMERICA S.A. DE CV (paga)/SEGURIDAD PHAZ" }, "geometry": { "type": "Point", "coordinates": [ -86.9145556, 15.71122222 ] } },
{ "type": "Feature", "properties": { "Latitud Origen": 15.73019444, "Longitud Origen": -87.5815, "Usuario Origen": "Juan Sanchez Cantillano" }, "geometry": { "type": "Point", "coordinates": [ -87.5815, 15.73019444 ] } },
{ "type": "Feature", "properties": { "Latitud Origen": 15.7321434, "Longitud Origen": -87.5143363, "Usuario Origen": "Juan Sanchez Cantillano" }, "geometry": { "type": "Point", "coordinates": [ -87.5143363, 15.7321434 ] } },
{ "type": "Feature", "properties": { "Latitud Origen": 15.74015867, "Longitud Origen": -87.3291631, "Usuario Origen": "Juan Sanchez Cantillano" }, "geometry": { "type": "Point", "coordinates": [ -87.3291631, 15.74015867 ] } },
{ "type": "Feature", "properties": { "Latitud Origen": 15.74380422, "Longitud Origen": -88.0751106, "Usuario Origen": "Jorge Alberto Avila Menjivar/Jorge Seguridad DESA/POTENCIA Y ENERGIA DE MESOAMERICA S.A. DE CV (paga)/SEGURIDAD PHAZ" }, "geometry": { "type": "Point", "coordinates": [ -88.0751106, 15.74380422 ] } },
{ "type": "Feature", "properties": { "Latitud Origen": 15.74577577, "Longitud Origen": -86.888393, "Usuario Origen": "Jorge Alberto Avila Menjivar/Jorge Seguridad DESA/POTENCIA Y ENERGIA DE MESOAMERICA S.A. DE CV (paga)/SEGURIDAD PHAZ" }, "geometry": { "type": "Point", "coordinates": [ -86.888393, 15.74577577 ] } },
{ "type": "Feature", "properties": { "Latitud Origen": 15.74998, "Longitud Origen": -86.84303, "Usuario Origen": "Juan Sanchez Cantillano" }, "geometry": { "type": "Point", "coordinates": [ -86.84303, 15.74998 ] } },
{ "type": "Feature", "properties": { "Latitud Origen": 15.75674583, "Longitud Origen": -86.804108, "Usuario Origen": "Jorge Alberto Avila Menjivar/Jorge Seguridad DESA/POTENCIA Y ENERGIA DE MESOAMERICA S.A. DE CV (paga)/SEGURIDAD PHAZ" }, "geometry": { "type": "Point", "coordinates": [ -86.804108, 15.75674583 ] } },
{ "type": "Feature", "properties": { "Latitud Origen": 15.76375169, "Longitud Origen": -87.4812194, "Usuario Origen": "Juan Sanchez Cantillano" }, "geometry": { "type": "Point", "coordinates": [ -87.4812194, 15.76375169 ] } },
{ "type": "Feature", "properties": { "Latitud Origen": 15.76577143, "Longitud Origen": -86.8076002, "Usuario Origen": "Jorge Alberto Avila Menjivar/Jorge Seguridad DESA/POTENCIA Y ENERGIA DE MESOAMERICA S.A. DE CV (paga)/SEGURIDAD PHAZ" }, "geometry": { "type": "Point", "coordinates": [ -86.8076002, 15.76577143 ] } },
{ "type": "Feature", "properties": { "Latitud Origen": 15.76966796, "Longitud Origen": -87.4409687, "Usuario Origen": "Jorge Alberto Avila Menjivar/Jorge Seguridad DESA/POTENCIA Y ENERGIA DE MESOAMERICA S.A. DE CV (paga)/SEGURIDAD PHAZ" }, "geometry": { "type": "Point", "coordinates": [ -87.4409687, 15.76966796 ] } },
{ "type": "Feature", "properties": { "Latitud Origen": 15.76966796, "Longitud Origen": -87.4409687, "Usuario Origen": "Juan Sanchez Cantillano" }, "geometry": { "type": "Point", "coordinates": [ -87.4409687, 15.76966796 ] } },
{ "type": "Feature", "properties": { "Latitud Origen": 15.77228, "Longitud Origen": -86.79282, "Usuario Origen": "Jorge Alberto Avila Menjivar/Jorge Seguridad DESA/POTENCIA Y ENERGIA DE MESOAMERICA S.A. DE CV (paga)/SEGURIDAD PHAZ" }, "geometry": { "type": "Point", "coordinates": [ -86.79282, 15.77228 ] } },
{ "type": "Feature", "properties": { "Latitud Origen": 15.77228, "Longitud Origen": -86.79282, "Usuario Origen": "Juan Sanchez Cantillano" }, "geometry": { "type": "Point", "coordinates": [ -86.79282, 15.77228 ] } },
{ "type": "Feature", "properties": { "Latitud Origen": 15.77327872, "Longitud Origen": -86.7826379, "Usuario Origen": "Juan Sanchez Cantillano" }, "geometry": { "type": "Point", "coordinates": [ -86.7826379, 15.77327872 ] } },
{ "type": "Feature", "properties": { "Latitud Origen": 15.77483236, "Longitud Origen": -88.0341092, "Usuario Origen": "Jorge Alberto Avila Menjivar/Jorge Seguridad DESA/POTENCIA Y ENERGIA DE MESOAMERICA S.A. DE CV (paga)/SEGURIDAD PHAZ" }, "geometry": { "type": "Point", "coordinates": [ -88.0341092, 15.77483236 ] } },
{ "type": "Feature", "properties": { "Latitud Origen": 15.77810833, "Longitud Origen": -87.3947167, "Usuario Origen": "Juan Sanchez Cantillano" }, "geometry": { "type": "Point", "coordinates": [ -87.3947167, 15.77810833 ] } },
{ "type": "Feature", "properties": { "Latitud Origen": 15.77847223, "Longitud Origen": -86.7950556, "Usuario Origen": "Juan Sanchez Cantillano" }, "geometry": { "type": "Point", "coordinates": [ -86.7950556, 15.77847223 ] } },
{ "type": "Feature", "properties": { "Latitud Origen": 15.77861111, "Longitud Origen": -86.7874444, "Usuario Origen": "Juan Sanchez Cantillano" }, "geometry": { "type": "Point", "coordinates": [ -86.7874444, 15.77861111 ] } },
{ "type": "Feature", "properties": { "Latitud Origen": 15.77927778, "Longitud Origen": -87.4566944, "Usuario Origen": "Juan Sanchez Cantillano" }, "geometry": { "type": "Point", "coordinates": [ -87.4566944, 15.77927778 ] } },
{ "type": "Feature", "properties": { "Latitud Origen": 15.78138889, "Longitud Origen": -87.4511111, "Usuario Origen": "Juan Sanchez Cantillano" }, "geometry": { "type": "Point", "coordinates": [ -87.4511111, 15.78138889 ] } },
{ "type": "Feature", "properties": { "Latitud Origen": 15.781707, "Longitud Origen": -87.453756, "Usuario Origen": "Juan Sanchez Cantillano" }, "geometry": { "type": "Point", "coordinates": [ -87.453756, 15.781707 ] } },
{ "type": "Feature", "properties": { "Latitud Origen": 15.78269444, "Longitud Origen": -86.7915833, "Usuario Origen": "Juan Sanchez Cantillano" }, "geometry": { "type": "Point", "coordinates": [ -86.7915833, 15.78269444 ] } },
{ "type": "Feature", "properties": { "Latitud Origen": 15.78303489, "Longitud Origen": -87.4472435, "Usuario Origen": "Juan Sanchez Cantillano" }, "geometry": { "type": "Point", "coordinates": [ -87.4472435, 15.78303489 ] } },
{ "type": "Feature", "properties": { "Latitud Origen": 15.78461111, "Longitud Origen": -86.7912778, "Usuario Origen": "Juan Sanchez Cantillano" }, "geometry": { "type": "Point", "coordinates": [ -86.7912778, 15.78461111 ] } },
{ "type": "Feature", "properties": { "Latitud Origen": 15.78461499, "Longitud Origen": -86.7912808, "Usuario Origen": "Jorge Alberto Avila Menjivar/Jorge Seguridad DESA/POTENCIA Y ENERGIA DE MESOAMERICA S.A. DE CV (paga)/SEGURIDAD PHAZ" }, "geometry": { "type": "Point", "coordinates": [ -86.7912808, 15.78461499 ] } },
{ "type": "Feature", "properties": { "Latitud Origen": 15.78536111, "Longitud Origen": -86.78625, "Usuario Origen": "Jorge Alberto Avila Menjivar/Jorge Seguridad DESA/POTENCIA Y ENERGIA DE MESOAMERICA S.A. DE CV (paga)/SEGURIDAD PHAZ" }, "geometry": { "type": "Point", "coordinates": [ -86.78625, 15.78536111 ] } },
{ "type": "Feature", "properties": { "Latitud Origen": 15.7864984, "Longitud Origen": -86.794416, "Usuario Origen": "Jorge Alberto Avila Menjivar/Jorge Seguridad DESA/POTENCIA Y ENERGIA DE MESOAMERICA S.A. DE CV (paga)/SEGURIDAD PHAZ" }, "geometry": { "type": "Point", "coordinates": [ -86.794416, 15.7864984 ] } },
{ "type": "Feature", "properties": { "Latitud Origen": 15.7865, "Longitud Origen": -86.7944167, "Usuario Origen": "Juan Sanchez Cantillano" }, "geometry": { "type": "Point", "coordinates": [ -86.7944167, 15.7865 ] } },
{ "type": "Feature", "properties": { "Latitud Origen": 15.78772372, "Longitud Origen": -86.7900265, "Usuario Origen": "Jorge Alberto Avila Menjivar/Jorge Seguridad DESA/POTENCIA Y ENERGIA DE MESOAMERICA S.A. DE CV (paga)/SEGURIDAD PHAZ" }, "geometry": { "type": "Point", "coordinates": [ -86.7900265, 15.78772372 ] } },
{ "type": "Feature", "properties": { "Latitud Origen": 15.78893889, "Longitud Origen": -86.779475, "Usuario Origen": "Juan Sanchez Cantillano" }, "geometry": { "type": "Point", "coordinates": [ -86.779475, 15.78893889 ] } },
{ "type": "Feature", "properties": { "Latitud Origen": 15.792099, "Longitud Origen": -86.789933, "Usuario Origen": "Juan Sanchez Cantillano" }, "geometry": { "type": "Point", "coordinates": [ -86.789933, 15.792099 ] } },
{ "type": "Feature", "properties": { "Latitud Origen": 15.79580556, "Longitud Origen": -87.9663889, "Usuario Origen": "Jorge Alberto Avila Menjivar/Jorge Seguridad DESA/POTENCIA Y ENERGIA DE MESOAMERICA S.A. DE CV (paga)/SEGURIDAD PHAZ" }, "geometry": { "type": "Point", "coordinates": [ -87.9663889, 15.79580556 ] } },
{ "type": "Feature", "properties": { "Latitud Origen": 15.80636111, "Longitud Origen": -87.4085, "Usuario Origen": "Juan Sanchez Cantillano" }, "geometry": { "type": "Point", "coordinates": [ -87.4085, 15.80636111 ] } }
]
}
