{
"type": "FeatureCollection",
"name": "Impronta_Bertha Isabel Caceres Flores",
"crs": { "type": "name", "properties": { "name": "urn:ogc:def:crs:OGC:1.3:CRS84" } },
"features": [
{ "type": "Feature", "properties": { "Latitud Origen": 13.97141389, "Longitud Origen": -88.2750806, "Usuario Origen": "Bertha Isabel Cáceres Flores", "field_4": null, "field_5": null, "field_6": null, "field_7": null }, "geometry": { "type": "Point", "coordinates": [ -88.2750806, 13.97141389 ] } },
{ "type": "Feature", "properties": { "Latitud Origen": 13.99102778, "Longitud Origen": -88.37175, "Usuario Origen": "Bertha Isabel Cáceres Flores", "field_4": null, "field_5": null, "field_6": null, "field_7": null }, "geometry": { "type": "Point", "coordinates": [ -88.37175, 13.99102778 ] } },
{ "type": "Feature", "properties": { "Latitud Origen": 14.00041667, "Longitud Origen": -88.3452778, "Usuario Origen": "Bertha Isabel Cáceres Flores", "field_4": null, "field_5": null, "field_6": null, "field_7": null }, "geometry": { "type": "Point", "coordinates": [ -88.3452778, 14.00041667 ] } },
{ "type": "Feature", "properties": { "Latitud Origen": 14.00494863, "Longitud Origen": -87.203012, "Usuario Origen": "Bertha Isabel Cáceres Flores", "field_4": null, "field_5": null, "field_6": null, "field_7": null }, "geometry": { "type": "Point", "coordinates": [ -87.203012, 14.00494863 ] } },
{ "type": "Feature", "properties": { "Latitud Origen": 14.03302778, "Longitud Origen": -88.3359167, "Usuario Origen": "Bertha Isabel Cáceres Flores", "field_4": null, "field_5": null, "field_6": null, "field_7": null }, "geometry": { "type": "Point", "coordinates": [ -88.3359167, 14.03302778 ] } },
{ "type": "Feature", "properties": { "Latitud Origen": 14.04055556, "Longitud Origen": -87.2245833, "Usuario Origen": "Bertha Isabel Cáceres Flores", "field_4": null, "field_5": null, "field_6": null, "field_7": null }, "geometry": { "type": "Point", "coordinates": [ -87.2245833, 14.04055556 ] } },
{ "type": "Feature", "properties": { "Latitud Origen": 14.040818, "Longitud Origen": -87.232405, "Usuario Origen": "Bertha Isabel Cáceres Flores", "field_4": null, "field_5": null, "field_6": null, "field_7": null }, "geometry": { "type": "Point", "coordinates": [ -87.232405, 14.040818 ] } },
{ "type": "Feature", "properties": { "Latitud Origen": 14.042431, "Longitud Origen": -87.23573, "Usuario Origen": "Bertha Isabel Cáceres Flores", "field_4": null, "field_5": null, "field_6": null, "field_7": null }, "geometry": { "type": "Point", "coordinates": [ -87.23573, 14.042431 ] } },
{ "type": "Feature", "properties": { "Latitud Origen": 14.04388333, "Longitud Origen": -87.2214667, "Usuario Origen": "Bertha Isabel Cáceres Flores", "field_4": null, "field_5": null, "field_6": null, "field_7": null }, "geometry": { "type": "Point", "coordinates": [ -87.2214667, 14.04388333 ] } },
{ "type": "Feature", "properties": { "Latitud Origen": 14.04860414, "Longitud Origen": -87.2586961, "Usuario Origen": "Bertha Isabel Cáceres Flores", "field_4": null, "field_5": null, "field_6": null, "field_7": null }, "geometry": { "type": "Point", "coordinates": [ -87.2586961, 14.04860414 ] } },
{ "type": "Feature", "properties": { "Latitud Origen": 14.0491, "Longitud Origen": -87.19848, "Usuario Origen": "Bertha Isabel Cáceres Flores", "field_4": null, "field_5": null, "field_6": null, "field_7": null }, "geometry": { "type": "Point", "coordinates": [ -87.19848, 14.0491 ] } },
{ "type": "Feature", "properties": { "Latitud Origen": 14.04922222, "Longitud Origen": -87.2179806, "Usuario Origen": "Bertha Isabel Cáceres Flores", "field_4": null, "field_5": null, "field_6": null, "field_7": null }, "geometry": { "type": "Point", "coordinates": [ -87.2179806, 14.04922222 ] } },
{ "type": "Feature", "properties": { "Latitud Origen": 14.05153562, "Longitud Origen": -87.1994223, "Usuario Origen": "Bertha Isabel Cáceres Flores", "field_4": null, "field_5": null, "field_6": null, "field_7": null }, "geometry": { "type": "Point", "coordinates": [ -87.1994223, 14.05153562 ] } },
{ "type": "Feature", "properties": { "Latitud Origen": 14.053321, "Longitud Origen": -87.222129, "Usuario Origen": "Bertha Isabel Cáceres Flores", "field_4": null, "field_5": null, "field_6": null, "field_7": null }, "geometry": { "type": "Point", "coordinates": [ -87.222129, 14.053321 ] } },
{ "type": "Feature", "properties": { "Latitud Origen": 14.05718999, "Longitud Origen": -87.2240379, "Usuario Origen": "Bertha Isabel Cáceres Flores", "field_4": null, "field_5": null, "field_6": null, "field_7": null }, "geometry": { "type": "Point", "coordinates": [ -87.2240379, 14.05718999 ] } },
{ "type": "Feature", "properties": { "Latitud Origen": 14.05719237, "Longitud Origen": -87.2240371, "Usuario Origen": "Bertha Isabel Cáceres Flores", "field_4": null, "field_5": null, "field_6": null, "field_7": null }, "geometry": { "type": "Point", "coordinates": [ -87.2240371, 14.05719237 ] } },
{ "type": "Feature", "properties": { "Latitud Origen": 14.057208, "Longitud Origen": -87.256688, "Usuario Origen": "Bertha Isabel Cáceres Flores", "field_4": null, "field_5": null, "field_6": null, "field_7": null }, "geometry": { "type": "Point", "coordinates": [ -87.256688, 14.057208 ] } },
{ "type": "Feature", "properties": { "Latitud Origen": 14.06006277, "Longitud Origen": -87.2195476, "Usuario Origen": "Bertha Isabel Cáceres Flores", "field_4": null, "field_5": null, "field_6": null, "field_7": null }, "geometry": { "type": "Point", "coordinates": [ -87.2195476, 14.06006277 ] } },
{ "type": "Feature", "properties": { "Latitud Origen": 14.06072543, "Longitud Origen": -87.2538099, "Usuario Origen": "Bertha Isabel Cáceres Flores", "field_4": null, "field_5": null, "field_6": null, "field_7": null }, "geometry": { "type": "Point", "coordinates": [ -87.2538099, 14.06072543 ] } },
{ "type": "Feature", "properties": { "Latitud Origen": 14.062315, "Longitud Origen": -87.220803, "Usuario Origen": "Bertha Isabel Cáceres Flores", "field_4": null, "field_5": null, "field_6": null, "field_7": null }, "geometry": { "type": "Point", "coordinates": [ -87.220803, 14.062315 ] } },
{ "type": "Feature", "properties": { "Latitud Origen": 14.0628045, "Longitud Origen": -87.1846954, "Usuario Origen": "Bertha Isabel Cáceres Flores", "field_4": null, "field_5": null, "field_6": null, "field_7": null }, "geometry": { "type": "Point", "coordinates": [ -87.1846954, 14.0628045 ] } },
{ "type": "Feature", "properties": { "Latitud Origen": 14.06411111, "Longitud Origen": -87.1818889, "Usuario Origen": "Bertha Isabel Cáceres Flores", "field_4": null, "field_5": null, "field_6": null, "field_7": null }, "geometry": { "type": "Point", "coordinates": [ -87.1818889, 14.06411111 ] } },
{ "type": "Feature", "properties": { "Latitud Origen": 14.06419722, "Longitud Origen": -87.1941, "Usuario Origen": "Bertha Isabel Cáceres Flores", "field_4": null, "field_5": null, "field_6": null, "field_7": null }, "geometry": { "type": "Point", "coordinates": [ -87.1941, 14.06419722 ] } },
{ "type": "Feature", "properties": { "Latitud Origen": 14.06602782, "Longitud Origen": -87.1906631, "Usuario Origen": "Bertha Isabel Cáceres Flores", "field_4": null, "field_5": null, "field_6": null, "field_7": null }, "geometry": { "type": "Point", "coordinates": [ -87.1906631, 14.06602782 ] } },
{ "type": "Feature", "properties": { "Latitud Origen": 14.06626389, "Longitud Origen": -87.2193306, "Usuario Origen": "Bertha Isabel Cáceres Flores", "field_4": null, "field_5": null, "field_6": null, "field_7": null }, "geometry": { "type": "Point", "coordinates": [ -87.2193306, 14.06626389 ] } },
{ "type": "Feature", "properties": { "Latitud Origen": 14.06640556, "Longitud Origen": -87.1715417, "Usuario Origen": "Bertha Isabel Cáceres Flores", "field_4": null, "field_5": null, "field_6": null, "field_7": null }, "geometry": { "type": "Point", "coordinates": [ -87.1715417, 14.06640556 ] } },
{ "type": "Feature", "properties": { "Latitud Origen": 14.06691667, "Longitud Origen": -87.1873611, "Usuario Origen": "Bertha Isabel Cáceres Flores", "field_4": null, "field_5": null, "field_6": null, "field_7": null }, "geometry": { "type": "Point", "coordinates": [ -87.1873611, 14.06691667 ] } },
{ "type": "Feature", "properties": { "Latitud Origen": 14.06694167, "Longitud Origen": -87.1668889, "Usuario Origen": "Bertha Isabel Cáceres Flores", "field_4": null, "field_5": null, "field_6": null, "field_7": null }, "geometry": { "type": "Point", "coordinates": [ -87.1668889, 14.06694167 ] } },
{ "type": "Feature", "properties": { "Latitud Origen": 14.06802778, "Longitud Origen": -87.1949167, "Usuario Origen": "Bertha Isabel Cáceres Flores", "field_4": null, "field_5": null, "field_6": null, "field_7": null }, "geometry": { "type": "Point", "coordinates": [ -87.1949167, 14.06802778 ] } },
{ "type": "Feature", "properties": { "Latitud Origen": 14.06838698, "Longitud Origen": -87.2132199, "Usuario Origen": "Bertha Isabel Cáceres Flores", "field_4": null, "field_5": null, "field_6": null, "field_7": null }, "geometry": { "type": "Point", "coordinates": [ -87.2132199, 14.06838698 ] } },
{ "type": "Feature", "properties": { "Latitud Origen": 14.06905556, "Longitud Origen": -87.1848056, "Usuario Origen": "Bertha Isabel Cáceres Flores", "field_4": null, "field_5": null, "field_6": null, "field_7": null }, "geometry": { "type": "Point", "coordinates": [ -87.1848056, 14.06905556 ] } },
{ "type": "Feature", "properties": { "Latitud Origen": 14.07122222, "Longitud Origen": -87.2078889, "Usuario Origen": "Bertha Isabel Cáceres Flores", "field_4": null, "field_5": null, "field_6": null, "field_7": null }, "geometry": { "type": "Point", "coordinates": [ -87.2078889, 14.07122222 ] } },
{ "type": "Feature", "properties": { "Latitud Origen": 14.07136111, "Longitud Origen": -87.2014167, "Usuario Origen": "Bertha Isabel Cáceres Flores", "field_4": null, "field_5": null, "field_6": null, "field_7": null }, "geometry": { "type": "Point", "coordinates": [ -87.2014167, 14.07136111 ] } },
{ "type": "Feature", "properties": { "Latitud Origen": 14.07236817, "Longitud Origen": -88.4862137, "Usuario Origen": "Bertha Isabel Cáceres Flores", "field_4": null, "field_5": null, "field_6": null, "field_7": null }, "geometry": { "type": "Point", "coordinates": [ -88.4862137, 14.07236817 ] } },
{ "type": "Feature", "properties": { "Latitud Origen": 14.07241978, "Longitud Origen": -87.1671684, "Usuario Origen": "Bertha Isabel Cáceres Flores", "field_4": null, "field_5": null, "field_6": null, "field_7": null }, "geometry": { "type": "Point", "coordinates": [ -87.1671684, 14.07241978 ] } },
{ "type": "Feature", "properties": { "Latitud Origen": 14.07273048, "Longitud Origen": -87.2195227, "Usuario Origen": "Bertha Isabel Cáceres Flores", "field_4": null, "field_5": null, "field_6": null, "field_7": null }, "geometry": { "type": "Point", "coordinates": [ -87.2195227, 14.07273048 ] } },
{ "type": "Feature", "properties": { "Latitud Origen": 14.07281, "Longitud Origen": -87.17689, "Usuario Origen": "Bertha Isabel Cáceres Flores", "field_4": null, "field_5": null, "field_6": null, "field_7": null }, "geometry": { "type": "Point", "coordinates": [ -87.17689, 14.07281 ] } },
{ "type": "Feature", "properties": { "Latitud Origen": 14.07299871, "Longitud Origen": -87.1794144, "Usuario Origen": "Bertha Isabel Cáceres Flores", "field_4": null, "field_5": null, "field_6": null, "field_7": null }, "geometry": { "type": "Point", "coordinates": [ -87.1794144, 14.07299871 ] } },
{ "type": "Feature", "properties": { "Latitud Origen": 14.073271, "Longitud Origen": -87.212122, "Usuario Origen": "Bertha Isabel Cáceres Flores", "field_4": null, "field_5": null, "field_6": null, "field_7": null }, "geometry": { "type": "Point", "coordinates": [ -87.212122, 14.073271 ] } },
{ "type": "Feature", "properties": { "Latitud Origen": 14.07327778, "Longitud Origen": -87.1942472, "Usuario Origen": "Bertha Isabel Cáceres Flores", "field_4": null, "field_5": null, "field_6": null, "field_7": null }, "geometry": { "type": "Point", "coordinates": [ -87.1942472, 14.07327778 ] } },
{ "type": "Feature", "properties": { "Latitud Origen": 14.07380556, "Longitud Origen": -87.1686667, "Usuario Origen": "Bertha Isabel Cáceres Flores", "field_4": null, "field_5": null, "field_6": null, "field_7": null }, "geometry": { "type": "Point", "coordinates": [ -87.1686667, 14.07380556 ] } },
{ "type": "Feature", "properties": { "Latitud Origen": 14.07391667, "Longitud Origen": -87.2036389, "Usuario Origen": "Bertha Isabel Cáceres Flores", "field_4": null, "field_5": null, "field_6": null, "field_7": null }, "geometry": { "type": "Point", "coordinates": [ -87.2036389, 14.07391667 ] } },
{ "type": "Feature", "properties": { "Latitud Origen": 14.07402778, "Longitud Origen": -87.1883611, "Usuario Origen": "Bertha Isabel Cáceres Flores", "field_4": null, "field_5": null, "field_6": null, "field_7": null }, "geometry": { "type": "Point", "coordinates": [ -87.1883611, 14.07402778 ] } },
{ "type": "Feature", "properties": { "Latitud Origen": 14.07436413, "Longitud Origen": -87.212697, "Usuario Origen": "Bertha Isabel Cáceres Flores", "field_4": null, "field_5": null, "field_6": null, "field_7": null }, "geometry": { "type": "Point", "coordinates": [ -87.212697, 14.07436413 ] } },
{ "type": "Feature", "properties": { "Latitud Origen": 14.07521143, "Longitud Origen": -87.1704588, "Usuario Origen": "Bertha Isabel Cáceres Flores", "field_4": null, "field_5": null, "field_6": null, "field_7": null }, "geometry": { "type": "Point", "coordinates": [ -87.1704588, 14.07521143 ] } },
{ "type": "Feature", "properties": { "Latitud Origen": 14.07539259, "Longitud Origen": -87.1823897, "Usuario Origen": "Bertha Isabel Cáceres Flores", "field_4": null, "field_5": null, "field_6": null, "field_7": null }, "geometry": { "type": "Point", "coordinates": [ -87.1823897, 14.07539259 ] } },
{ "type": "Feature", "properties": { "Latitud Origen": 14.07575219, "Longitud Origen": -87.1851041, "Usuario Origen": "Bertha Isabel Cáceres Flores", "field_4": null, "field_5": null, "field_6": null, "field_7": null }, "geometry": { "type": "Point", "coordinates": [ -87.1851041, 14.07575219 ] } },
{ "type": "Feature", "properties": { "Latitud Origen": 14.07623056, "Longitud Origen": -87.2011889, "Usuario Origen": "Bertha Isabel Cáceres Flores", "field_4": null, "field_5": null, "field_6": null, "field_7": null }, "geometry": { "type": "Point", "coordinates": [ -87.2011889, 14.07623056 ] } },
{ "type": "Feature", "properties": { "Latitud Origen": 14.076236, "Longitud Origen": -87.166561, "Usuario Origen": "Bertha Isabel Cáceres Flores", "field_4": null, "field_5": null, "field_6": null, "field_7": null }, "geometry": { "type": "Point", "coordinates": [ -87.166561, 14.076236 ] } },
{ "type": "Feature", "properties": { "Latitud Origen": 14.07628, "Longitud Origen": -87.19333, "Usuario Origen": "Bertha Isabel Cáceres Flores", "field_4": null, "field_5": null, "field_6": null, "field_7": null }, "geometry": { "type": "Point", "coordinates": [ -87.19333, 14.07628 ] } },
{ "type": "Feature", "properties": { "Latitud Origen": 14.07697212, "Longitud Origen": -87.1860592, "Usuario Origen": "Bertha Isabel Cáceres Flores", "field_4": null, "field_5": null, "field_6": null, "field_7": null }, "geometry": { "type": "Point", "coordinates": [ -87.1860592, 14.07697212 ] } },
{ "type": "Feature", "properties": { "Latitud Origen": 14.077176, "Longitud Origen": -87.156684, "Usuario Origen": "Bertha Isabel Cáceres Flores", "field_4": null, "field_5": null, "field_6": null, "field_7": null }, "geometry": { "type": "Point", "coordinates": [ -87.156684, 14.077176 ] } },
{ "type": "Feature", "properties": { "Latitud Origen": 14.0772246, "Longitud Origen": -87.1869486, "Usuario Origen": "Bertha Isabel Cáceres Flores", "field_4": null, "field_5": null, "field_6": null, "field_7": null }, "geometry": { "type": "Point", "coordinates": [ -87.1869486, 14.0772246 ] } },
{ "type": "Feature", "properties": { "Latitud Origen": 14.07778012, "Longitud Origen": -87.1933962, "Usuario Origen": "Bertha Isabel Cáceres Flores", "field_4": null, "field_5": null, "field_6": null, "field_7": null }, "geometry": { "type": "Point", "coordinates": [ -87.1933962, 14.07778012 ] } },
{ "type": "Feature", "properties": { "Latitud Origen": 14.07817212, "Longitud Origen": -87.200557, "Usuario Origen": "Bertha Isabel Cáceres Flores", "field_4": null, "field_5": null, "field_6": null, "field_7": null }, "geometry": { "type": "Point", "coordinates": [ -87.200557, 14.07817212 ] } },
{ "type": "Feature", "properties": { "Latitud Origen": 14.07825451, "Longitud Origen": -87.2201393, "Usuario Origen": "Bertha Isabel Cáceres Flores", "field_4": null, "field_5": null, "field_6": null, "field_7": null }, "geometry": { "type": "Point", "coordinates": [ -87.2201393, 14.07825451 ] } },
{ "type": "Feature", "properties": { "Latitud Origen": 14.07872478, "Longitud Origen": -87.2098854, "Usuario Origen": "Bertha Isabel Cáceres Flores", "field_4": null, "field_5": null, "field_6": null, "field_7": null }, "geometry": { "type": "Point", "coordinates": [ -87.2098854, 14.07872478 ] } },
{ "type": "Feature", "properties": { "Latitud Origen": 14.07897456, "Longitud Origen": -87.2137484, "Usuario Origen": "Bertha Isabel Cáceres Flores", "field_4": null, "field_5": null, "field_6": null, "field_7": null }, "geometry": { "type": "Point", "coordinates": [ -87.2137484, 14.07897456 ] } },
{ "type": "Feature", "properties": { "Latitud Origen": 14.07912495, "Longitud Origen": -87.2366841, "Usuario Origen": "Bertha Isabel Cáceres Flores", "field_4": null, "field_5": null, "field_6": null, "field_7": null }, "geometry": { "type": "Point", "coordinates": [ -87.2366841, 14.07912495 ] } },
{ "type": "Feature", "properties": { "Latitud Origen": 14.07976111, "Longitud Origen": -87.1857083, "Usuario Origen": "Bertha Isabel Cáceres Flores", "field_4": null, "field_5": null, "field_6": null, "field_7": null }, "geometry": { "type": "Point", "coordinates": [ -87.1857083, 14.07976111 ] } },
{ "type": "Feature", "properties": { "Latitud Origen": 14.080084, "Longitud Origen": -87.180053, "Usuario Origen": "Bertha Isabel Cáceres Flores", "field_4": null, "field_5": null, "field_6": null, "field_7": null }, "geometry": { "type": "Point", "coordinates": [ -87.180053, 14.080084 ] } },
{ "type": "Feature", "properties": { "Latitud Origen": 14.08054437, "Longitud Origen": -87.185145, "Usuario Origen": "Bertha Isabel Cáceres Flores", "field_4": null, "field_5": null, "field_6": null, "field_7": null }, "geometry": { "type": "Point", "coordinates": [ -87.185145, 14.08054437 ] } },
{ "type": "Feature", "properties": { "Latitud Origen": 14.08084444, "Longitud Origen": -87.2321556, "Usuario Origen": "Bertha Isabel Cáceres Flores", "field_4": null, "field_5": null, "field_6": null, "field_7": null }, "geometry": { "type": "Point", "coordinates": [ -87.2321556, 14.08084444 ] } },
{ "type": "Feature", "properties": { "Latitud Origen": 14.08144444, "Longitud Origen": -87.1656111, "Usuario Origen": "Bertha Isabel Cáceres Flores", "field_4": null, "field_5": null, "field_6": null, "field_7": null }, "geometry": { "type": "Point", "coordinates": [ -87.1656111, 14.08144444 ] } },
{ "type": "Feature", "properties": { "Latitud Origen": 14.08146091, "Longitud Origen": -87.1682773, "Usuario Origen": "Bertha Isabel Cáceres Flores", "field_4": null, "field_5": null, "field_6": null, "field_7": null }, "geometry": { "type": "Point", "coordinates": [ -87.1682773, 14.08146091 ] } },
{ "type": "Feature", "properties": { "Latitud Origen": 14.08158056, "Longitud Origen": -87.2295278, "Usuario Origen": "Bertha Isabel Cáceres Flores", "field_4": null, "field_5": null, "field_6": null, "field_7": null }, "geometry": { "type": "Point", "coordinates": [ -87.2295278, 14.08158056 ] } },
{ "type": "Feature", "properties": { "Latitud Origen": 14.08158221, "Longitud Origen": -87.2295262, "Usuario Origen": "Bertha Isabel Cáceres Flores", "field_4": null, "field_5": null, "field_6": null, "field_7": null }, "geometry": { "type": "Point", "coordinates": [ -87.2295262, 14.08158221 ] } },
{ "type": "Feature", "properties": { "Latitud Origen": 14.08162, "Longitud Origen": -87.18306, "Usuario Origen": "Bertha Isabel Cáceres Flores", "field_4": null, "field_5": null, "field_6": null, "field_7": null }, "geometry": { "type": "Point", "coordinates": [ -87.18306, 14.08162 ] } },
{ "type": "Feature", "properties": { "Latitud Origen": 14.082389, "Longitud Origen": -87.163611, "Usuario Origen": "Bertha Isabel Cáceres Flores", "field_4": null, "field_5": null, "field_6": null, "field_7": null }, "geometry": { "type": "Point", "coordinates": [ -87.163611, 14.082389 ] } },
{ "type": "Feature", "properties": { "Latitud Origen": 14.082442, "Longitud Origen": -87.198004, "Usuario Origen": "Bertha Isabel Cáceres Flores", "field_4": null, "field_5": null, "field_6": null, "field_7": null }, "geometry": { "type": "Point", "coordinates": [ -87.198004, 14.082442 ] } },
{ "type": "Feature", "properties": { "Latitud Origen": 14.08250278, "Longitud Origen": -87.219975, "Usuario Origen": "Bertha Isabel Cáceres Flores", "field_4": null, "field_5": null, "field_6": null, "field_7": null }, "geometry": { "type": "Point", "coordinates": [ -87.219975, 14.08250278 ] } },
{ "type": "Feature", "properties": { "Latitud Origen": 14.08276944, "Longitud Origen": -87.1755944, "Usuario Origen": "Bertha Isabel Cáceres Flores", "field_4": null, "field_5": null, "field_6": null, "field_7": null }, "geometry": { "type": "Point", "coordinates": [ -87.1755944, 14.08276944 ] } },
{ "type": "Feature", "properties": { "Latitud Origen": 14.0828521, "Longitud Origen": -87.1940489, "Usuario Origen": "Bertha Isabel Cáceres Flores", "field_4": null, "field_5": null, "field_6": null, "field_7": null }, "geometry": { "type": "Point", "coordinates": [ -87.1940489, 14.0828521 ] } },
{ "type": "Feature", "properties": { "Latitud Origen": 14.08296561, "Longitud Origen": -87.1600902, "Usuario Origen": "Bertha Isabel Cáceres Flores", "field_4": null, "field_5": null, "field_6": null, "field_7": null }, "geometry": { "type": "Point", "coordinates": [ -87.1600902, 14.08296561 ] } },
{ "type": "Feature", "properties": { "Latitud Origen": 14.08296667, "Longitud Origen": -87.1600889, "Usuario Origen": "Bertha Isabel Cáceres Flores", "field_4": null, "field_5": null, "field_6": null, "field_7": null }, "geometry": { "type": "Point", "coordinates": [ -87.1600889, 14.08296667 ] } },
{ "type": "Feature", "properties": { "Latitud Origen": 14.08296744, "Longitud Origen": -87.1600896, "Usuario Origen": "Bertha Isabel Cáceres Flores", "field_4": null, "field_5": null, "field_6": null, "field_7": null }, "geometry": { "type": "Point", "coordinates": [ -87.1600896, 14.08296744 ] } },
{ "type": "Feature", "properties": { "Latitud Origen": 14.08305556, "Longitud Origen": -87.1663889, "Usuario Origen": "Bertha Isabel Cáceres Flores", "field_4": null, "field_5": null, "field_6": null, "field_7": null }, "geometry": { "type": "Point", "coordinates": [ -87.1663889, 14.08305556 ] } },
{ "type": "Feature", "properties": { "Latitud Origen": 14.083119, "Longitud Origen": -87.178549, "Usuario Origen": "Bertha Isabel Cáceres Flores", "field_4": null, "field_5": null, "field_6": null, "field_7": null }, "geometry": { "type": "Point", "coordinates": [ -87.178549, 14.083119 ] } },
{ "type": "Feature", "properties": { "Latitud Origen": 14.08381667, "Longitud Origen": -87.2262861, "Usuario Origen": "Bertha Isabel Cáceres Flores", "field_4": null, "field_5": null, "field_6": null, "field_7": null }, "geometry": { "type": "Point", "coordinates": [ -87.2262861, 14.08381667 ] } },
{ "type": "Feature", "properties": { "Latitud Origen": 14.083913, "Longitud Origen": -87.184661, "Usuario Origen": "Bertha Isabel Cáceres Flores", "field_4": null, "field_5": null, "field_6": null, "field_7": null }, "geometry": { "type": "Point", "coordinates": [ -87.184661, 14.083913 ] } },
{ "type": "Feature", "properties": { "Latitud Origen": 14.084621, "Longitud Origen": -87.180895, "Usuario Origen": "Bertha Isabel Cáceres Flores", "field_4": null, "field_5": null, "field_6": null, "field_7": null }, "geometry": { "type": "Point", "coordinates": [ -87.180895, 14.084621 ] } },
{ "type": "Feature", "properties": { "Latitud Origen": 14.084632, "Longitud Origen": -87.186117, "Usuario Origen": "Bertha Isabel Cáceres Flores", "field_4": null, "field_5": null, "field_6": null, "field_7": null }, "geometry": { "type": "Point", "coordinates": [ -87.186117, 14.084632 ] } },
{ "type": "Feature", "properties": { "Latitud Origen": 14.084691, "Longitud Origen": -87.2103056, "Usuario Origen": "Bertha Isabel Cáceres Flores", "field_4": null, "field_5": null, "field_6": null, "field_7": null }, "geometry": { "type": "Point", "coordinates": [ -87.2103056, 14.084691 ] } },
{ "type": "Feature", "properties": { "Latitud Origen": 14.08469444, "Longitud Origen": -87.1559028, "Usuario Origen": "Bertha Isabel Cáceres Flores", "field_4": null, "field_5": null, "field_6": null, "field_7": null }, "geometry": { "type": "Point", "coordinates": [ -87.1559028, 14.08469444 ] } },
{ "type": "Feature", "properties": { "Latitud Origen": 14.084908, "Longitud Origen": -87.176694, "Usuario Origen": "Bertha Isabel Cáceres Flores", "field_4": null, "field_5": null, "field_6": null, "field_7": null }, "geometry": { "type": "Point", "coordinates": [ -87.176694, 14.084908 ] } },
{ "type": "Feature", "properties": { "Latitud Origen": 14.08513875, "Longitud Origen": -87.1714203, "Usuario Origen": "Bertha Isabel Cáceres Flores", "field_4": null, "field_5": null, "field_6": null, "field_7": null }, "geometry": { "type": "Point", "coordinates": [ -87.1714203, 14.08513875 ] } },
{ "type": "Feature", "properties": { "Latitud Origen": 14.08563759, "Longitud Origen": -87.2042781, "Usuario Origen": "Bertha Isabel Cáceres Flores", "field_4": null, "field_5": null, "field_6": null, "field_7": null }, "geometry": { "type": "Point", "coordinates": [ -87.2042781, 14.08563759 ] } },
{ "type": "Feature", "properties": { "Latitud Origen": 14.085638, "Longitud Origen": -87.204278, "Usuario Origen": "Bertha Isabel Cáceres Flores", "field_4": null, "field_5": null, "field_6": null, "field_7": null }, "geometry": { "type": "Point", "coordinates": [ -87.204278, 14.085638 ] } },
{ "type": "Feature", "properties": { "Latitud Origen": 14.08576049, "Longitud Origen": -87.1978587, "Usuario Origen": "Bertha Isabel Cáceres Flores", "field_4": null, "field_5": null, "field_6": null, "field_7": null }, "geometry": { "type": "Point", "coordinates": [ -87.1978587, 14.08576049 ] } },
{ "type": "Feature", "properties": { "Latitud Origen": 14.08591534, "Longitud Origen": -87.1850289, "Usuario Origen": "Bertha Isabel Cáceres Flores", "field_4": null, "field_5": null, "field_6": null, "field_7": null }, "geometry": { "type": "Point", "coordinates": [ -87.1850289, 14.08591534 ] } },
{ "type": "Feature", "properties": { "Latitud Origen": 14.08616667, "Longitud Origen": -87.1913333, "Usuario Origen": "Bertha Isabel Cáceres Flores", "field_4": null, "field_5": null, "field_6": null, "field_7": null }, "geometry": { "type": "Point", "coordinates": [ -87.1913333, 14.08616667 ] } },
{ "type": "Feature", "properties": { "Latitud Origen": 14.08649, "Longitud Origen": -87.22362, "Usuario Origen": "Bertha Isabel Cáceres Flores", "field_4": null, "field_5": null, "field_6": null, "field_7": null }, "geometry": { "type": "Point", "coordinates": [ -87.22362, 14.08649 ] } },
{ "type": "Feature", "properties": { "Latitud Origen": 14.08652318, "Longitud Origen": -87.1939501, "Usuario Origen": "Bertha Isabel Cáceres Flores", "field_4": null, "field_5": null, "field_6": null, "field_7": null }, "geometry": { "type": "Point", "coordinates": [ -87.1939501, 14.08652318 ] } },
{ "type": "Feature", "properties": { "Latitud Origen": 14.086559, "Longitud Origen": -87.18226, "Usuario Origen": "Bertha Isabel Cáceres Flores", "field_4": null, "field_5": null, "field_6": null, "field_7": null }, "geometry": { "type": "Point", "coordinates": [ -87.18226, 14.086559 ] } },
{ "type": "Feature", "properties": { "Latitud Origen": 14.08655943, "Longitud Origen": -87.1822596, "Usuario Origen": "Bertha Isabel Cáceres Flores", "field_4": null, "field_5": null, "field_6": null, "field_7": null }, "geometry": { "type": "Point", "coordinates": [ -87.1822596, 14.08655943 ] } },
{ "type": "Feature", "properties": { "Latitud Origen": 14.0866075, "Longitud Origen": -87.1878092, "Usuario Origen": "Bertha Isabel Cáceres Flores", "field_4": null, "field_5": null, "field_6": null, "field_7": null }, "geometry": { "type": "Point", "coordinates": [ -87.1878092, 14.0866075 ] } },
{ "type": "Feature", "properties": { "Latitud Origen": 14.08660942, "Longitud Origen": -87.1878085, "Usuario Origen": "Bertha Isabel Cáceres Flores", "field_4": null, "field_5": null, "field_6": null, "field_7": null }, "geometry": { "type": "Point", "coordinates": [ -87.1878085, 14.08660942 ] } },
{ "type": "Feature", "properties": { "Latitud Origen": 14.08662248, "Longitud Origen": -87.194154, "Usuario Origen": "Bertha Isabel Cáceres Flores", "field_4": null, "field_5": null, "field_6": null, "field_7": null }, "geometry": { "type": "Point", "coordinates": [ -87.194154, 14.08662248 ] } },
{ "type": "Feature", "properties": { "Latitud Origen": 14.086839, "Longitud Origen": -87.238911, "Usuario Origen": "Bertha Isabel Cáceres Flores", "field_4": null, "field_5": null, "field_6": null, "field_7": null }, "geometry": { "type": "Point", "coordinates": [ -87.238911, 14.086839 ] } },
{ "type": "Feature", "properties": { "Latitud Origen": 14.08795556, "Longitud Origen": -87.1832833, "Usuario Origen": "Bertha Isabel Cáceres Flores", "field_4": null, "field_5": null, "field_6": null, "field_7": null }, "geometry": { "type": "Point", "coordinates": [ -87.1832833, 14.08795556 ] } },
{ "type": "Feature", "properties": { "Latitud Origen": 14.08844167, "Longitud Origen": -87.2020556, "Usuario Origen": "Bertha Isabel Cáceres Flores", "field_4": null, "field_5": null, "field_6": null, "field_7": null }, "geometry": { "type": "Point", "coordinates": [ -87.2020556, 14.08844167 ] } },
{ "type": "Feature", "properties": { "Latitud Origen": 14.08849511, "Longitud Origen": -87.2143687, "Usuario Origen": "Bertha Isabel Cáceres Flores", "field_4": null, "field_5": null, "field_6": null, "field_7": null }, "geometry": { "type": "Point", "coordinates": [ -87.2143687, 14.08849511 ] } },
{ "type": "Feature", "properties": { "Latitud Origen": 14.08873334, "Longitud Origen": -87.1774861, "Usuario Origen": "Bertha Isabel Cáceres Flores", "field_4": null, "field_5": null, "field_6": null, "field_7": null }, "geometry": { "type": "Point", "coordinates": [ -87.1774861, 14.08873334 ] } },
{ "type": "Feature", "properties": { "Latitud Origen": 14.088734, "Longitud Origen": -87.177488, "Usuario Origen": "Bertha Isabel Cáceres Flores", "field_4": null, "field_5": null, "field_6": null, "field_7": null }, "geometry": { "type": "Point", "coordinates": [ -87.177488, 14.088734 ] } },
{ "type": "Feature", "properties": { "Latitud Origen": 14.08934098, "Longitud Origen": -87.1956114, "Usuario Origen": "Bertha Isabel Cáceres Flores", "field_4": null, "field_5": null, "field_6": null, "field_7": null }, "geometry": { "type": "Point", "coordinates": [ -87.1956114, 14.08934098 ] } },
{ "type": "Feature", "properties": { "Latitud Origen": 14.08934291, "Longitud Origen": -87.1956107, "Usuario Origen": "Bertha Isabel Cáceres Flores", "field_4": null, "field_5": null, "field_6": null, "field_7": null }, "geometry": { "type": "Point", "coordinates": [ -87.1956107, 14.08934291 ] } },
{ "type": "Feature", "properties": { "Latitud Origen": 14.089405, "Longitud Origen": -87.17998, "Usuario Origen": "Bertha Isabel Cáceres Flores", "field_4": null, "field_5": null, "field_6": null, "field_7": null }, "geometry": { "type": "Point", "coordinates": [ -87.17998, 14.089405 ] } },
{ "type": "Feature", "properties": { "Latitud Origen": 14.08947223, "Longitud Origen": -87.1906944, "Usuario Origen": "Bertha Isabel Cáceres Flores", "field_4": null, "field_5": null, "field_6": null, "field_7": null }, "geometry": { "type": "Point", "coordinates": [ -87.1906944, 14.08947223 ] } },
{ "type": "Feature", "properties": { "Latitud Origen": 14.08982778, "Longitud Origen": -87.2076056, "Usuario Origen": "Bertha Isabel Cáceres Flores", "field_4": null, "field_5": null, "field_6": null, "field_7": null }, "geometry": { "type": "Point", "coordinates": [ -87.2076056, 14.08982778 ] } },
{ "type": "Feature", "properties": { "Latitud Origen": 14.08983018, "Longitud Origen": -87.2076075, "Usuario Origen": "Bertha Isabel Cáceres Flores", "field_4": null, "field_5": null, "field_6": null, "field_7": null }, "geometry": { "type": "Point", "coordinates": [ -87.2076075, 14.08983018 ] } },
{ "type": "Feature", "properties": { "Latitud Origen": 14.08999, "Longitud Origen": -87.18642, "Usuario Origen": "Bertha Isabel Cáceres Flores", "field_4": null, "field_5": null, "field_6": null, "field_7": null }, "geometry": { "type": "Point", "coordinates": [ -87.18642, 14.08999 ] } },
{ "type": "Feature", "properties": { "Latitud Origen": 14.09075, "Longitud Origen": -87.1873861, "Usuario Origen": "Bertha Isabel Cáceres Flores", "field_4": null, "field_5": null, "field_6": null, "field_7": null }, "geometry": { "type": "Point", "coordinates": [ -87.1873861, 14.09075 ] } },
{ "type": "Feature", "properties": { "Latitud Origen": 14.0907711, "Longitud Origen": -87.1961399, "Usuario Origen": "Bertha Isabel Cáceres Flores", "field_4": null, "field_5": null, "field_6": null, "field_7": null }, "geometry": { "type": "Point", "coordinates": [ -87.1961399, 14.0907711 ] } },
{ "type": "Feature", "properties": { "Latitud Origen": 14.09091461, "Longitud Origen": -87.2282756, "Usuario Origen": "Bertha Isabel Cáceres Flores", "field_4": null, "field_5": null, "field_6": null, "field_7": null }, "geometry": { "type": "Point", "coordinates": [ -87.2282756, 14.09091461 ] } },
{ "type": "Feature", "properties": { "Latitud Origen": 14.09094663, "Longitud Origen": -87.2418006, "Usuario Origen": "Bertha Isabel Cáceres Flores", "field_4": null, "field_5": null, "field_6": null, "field_7": null }, "geometry": { "type": "Point", "coordinates": [ -87.2418006, 14.09094663 ] } },
{ "type": "Feature", "properties": { "Latitud Origen": 14.09199817, "Longitud Origen": -87.1880816, "Usuario Origen": "Bertha Isabel Cáceres Flores", "field_4": null, "field_5": null, "field_6": null, "field_7": null }, "geometry": { "type": "Point", "coordinates": [ -87.1880816, 14.09199817 ] } },
{ "type": "Feature", "properties": { "Latitud Origen": 14.0924965, "Longitud Origen": -87.1980868, "Usuario Origen": "Bertha Isabel Cáceres Flores", "field_4": null, "field_5": null, "field_6": null, "field_7": null }, "geometry": { "type": "Point", "coordinates": [ -87.1980868, 14.0924965 ] } },
{ "type": "Feature", "properties": { "Latitud Origen": 14.092549, "Longitud Origen": -87.188136, "Usuario Origen": "Bertha Isabel Cáceres Flores", "field_4": null, "field_5": null, "field_6": null, "field_7": null }, "geometry": { "type": "Point", "coordinates": [ -87.188136, 14.092549 ] } },
{ "type": "Feature", "properties": { "Latitud Origen": 14.09258333, "Longitud Origen": -87.1880833, "Usuario Origen": "Bertha Isabel Cáceres Flores", "field_4": null, "field_5": null, "field_6": null, "field_7": null }, "geometry": { "type": "Point", "coordinates": [ -87.1880833, 14.09258333 ] } },
{ "type": "Feature", "properties": { "Latitud Origen": 14.09266667, "Longitud Origen": -87.1955278, "Usuario Origen": "Bertha Isabel Cáceres Flores", "field_4": null, "field_5": null, "field_6": null, "field_7": null }, "geometry": { "type": "Point", "coordinates": [ -87.1955278, 14.09266667 ] } },
{ "type": "Feature", "properties": { "Latitud Origen": 14.09283056, "Longitud Origen": -87.2104694, "Usuario Origen": "Bertha Isabel Cáceres Flores", "field_4": null, "field_5": null, "field_6": null, "field_7": null }, "geometry": { "type": "Point", "coordinates": [ -87.2104694, 14.09283056 ] } },
{ "type": "Feature", "properties": { "Latitud Origen": 14.09308039, "Longitud Origen": -87.1916397, "Usuario Origen": "Bertha Isabel Cáceres Flores", "field_4": null, "field_5": null, "field_6": null, "field_7": null }, "geometry": { "type": "Point", "coordinates": [ -87.1916397, 14.09308039 ] } },
{ "type": "Feature", "properties": { "Latitud Origen": 14.0930804, "Longitud Origen": -87.1916397, "Usuario Origen": "Bertha Isabel Cáceres Flores", "field_4": null, "field_5": null, "field_6": null, "field_7": null }, "geometry": { "type": "Point", "coordinates": [ -87.1916397, 14.0930804 ] } },
{ "type": "Feature", "properties": { "Latitud Origen": 14.09322618, "Longitud Origen": -87.2408025, "Usuario Origen": "Bertha Isabel Cáceres Flores", "field_4": null, "field_5": null, "field_6": null, "field_7": null }, "geometry": { "type": "Point", "coordinates": [ -87.2408025, 14.09322618 ] } },
{ "type": "Feature", "properties": { "Latitud Origen": 14.09327908, "Longitud Origen": -87.1802177, "Usuario Origen": "Bertha Isabel Cáceres Flores", "field_4": null, "field_5": null, "field_6": null, "field_7": null }, "geometry": { "type": "Point", "coordinates": [ -87.1802177, 14.09327908 ] } },
{ "type": "Feature", "properties": { "Latitud Origen": 14.09396, "Longitud Origen": -87.21872, "Usuario Origen": "Bertha Isabel Cáceres Flores", "field_4": null, "field_5": null, "field_6": null, "field_7": null }, "geometry": { "type": "Point", "coordinates": [ -87.21872, 14.09396 ] } },
{ "type": "Feature", "properties": { "Latitud Origen": 14.09441667, "Longitud Origen": -87.2148889, "Usuario Origen": "Bertha Isabel Cáceres Flores", "field_4": null, "field_5": null, "field_6": null, "field_7": null }, "geometry": { "type": "Point", "coordinates": [ -87.2148889, 14.09441667 ] } },
{ "type": "Feature", "properties": { "Latitud Origen": 14.09447222, "Longitud Origen": -87.2045, "Usuario Origen": "Bertha Isabel Cáceres Flores", "field_4": null, "field_5": null, "field_6": null, "field_7": null }, "geometry": { "type": "Point", "coordinates": [ -87.2045, 14.09447222 ] } },
{ "type": "Feature", "properties": { "Latitud Origen": 14.09557682, "Longitud Origen": -87.212189, "Usuario Origen": "Bertha Isabel Cáceres Flores", "field_4": null, "field_5": null, "field_6": null, "field_7": null }, "geometry": { "type": "Point", "coordinates": [ -87.212189, 14.09557682 ] } },
{ "type": "Feature", "properties": { "Latitud Origen": 14.095628, "Longitud Origen": -87.189723, "Usuario Origen": "Bertha Isabel Cáceres Flores", "field_4": null, "field_5": null, "field_6": null, "field_7": null }, "geometry": { "type": "Point", "coordinates": [ -87.189723, 14.095628 ] } },
{ "type": "Feature", "properties": { "Latitud Origen": 14.09587778, "Longitud Origen": -87.1778278, "Usuario Origen": "Bertha Isabel Cáceres Flores", "field_4": null, "field_5": null, "field_6": null, "field_7": null }, "geometry": { "type": "Point", "coordinates": [ -87.1778278, 14.09587778 ] } },
{ "type": "Feature", "properties": { "Latitud Origen": 14.09605283, "Longitud Origen": -87.1830268, "Usuario Origen": "Bertha Isabel Cáceres Flores", "field_4": null, "field_5": null, "field_6": null, "field_7": null }, "geometry": { "type": "Point", "coordinates": [ -87.1830268, 14.09605283 ] } },
{ "type": "Feature", "properties": { "Latitud Origen": 14.09608917, "Longitud Origen": -87.1943565, "Usuario Origen": "Bertha Isabel Cáceres Flores", "field_4": null, "field_5": null, "field_6": null, "field_7": null }, "geometry": { "type": "Point", "coordinates": [ -87.1943565, 14.09608917 ] } },
{ "type": "Feature", "properties": { "Latitud Origen": 14.096317, "Longitud Origen": -87.188902, "Usuario Origen": "Bertha Isabel Cáceres Flores", "field_4": null, "field_5": null, "field_6": null, "field_7": null }, "geometry": { "type": "Point", "coordinates": [ -87.188902, 14.096317 ] } },
{ "type": "Feature", "properties": { "Latitud Origen": 14.09655556, "Longitud Origen": -87.2448583, "Usuario Origen": "Bertha Isabel Cáceres Flores", "field_4": null, "field_5": null, "field_6": null, "field_7": null }, "geometry": { "type": "Point", "coordinates": [ -87.2448583, 14.09655556 ] } },
{ "type": "Feature", "properties": { "Latitud Origen": 14.0966, "Longitud Origen": -87.191799, "Usuario Origen": "Bertha Isabel Cáceres Flores", "field_4": null, "field_5": null, "field_6": null, "field_7": null }, "geometry": { "type": "Point", "coordinates": [ -87.191799, 14.0966 ] } },
{ "type": "Feature", "properties": { "Latitud Origen": 14.09661126, "Longitud Origen": -87.2079842, "Usuario Origen": "Bertha Isabel Cáceres Flores", "field_4": null, "field_5": null, "field_6": null, "field_7": null }, "geometry": { "type": "Point", "coordinates": [ -87.2079842, 14.09661126 ] } },
{ "type": "Feature", "properties": { "Latitud Origen": 14.09763702, "Longitud Origen": -87.2137195, "Usuario Origen": "Bertha Isabel Cáceres Flores", "field_4": null, "field_5": null, "field_6": null, "field_7": null }, "geometry": { "type": "Point", "coordinates": [ -87.2137195, 14.09763702 ] } },
{ "type": "Feature", "properties": { "Latitud Origen": 14.09817, "Longitud Origen": -87.203362, "Usuario Origen": "Bertha Isabel Cáceres Flores", "field_4": null, "field_5": null, "field_6": null, "field_7": null }, "geometry": { "type": "Point", "coordinates": [ -87.203362, 14.09817 ] } },
{ "type": "Feature", "properties": { "Latitud Origen": 14.09817041, "Longitud Origen": -87.2033629, "Usuario Origen": "Bertha Isabel Cáceres Flores", "field_4": null, "field_5": null, "field_6": null, "field_7": null }, "geometry": { "type": "Point", "coordinates": [ -87.2033629, 14.09817041 ] } },
{ "type": "Feature", "properties": { "Latitud Origen": 14.09830556, "Longitud Origen": -87.1916389, "Usuario Origen": "Bertha Isabel Cáceres Flores", "field_4": null, "field_5": null, "field_6": null, "field_7": null }, "geometry": { "type": "Point", "coordinates": [ -87.1916389, 14.09830556 ] } },
{ "type": "Feature", "properties": { "Latitud Origen": 14.09851067, "Longitud Origen": -87.1850576, "Usuario Origen": "Bertha Isabel Cáceres Flores", "field_4": null, "field_5": null, "field_6": null, "field_7": null }, "geometry": { "type": "Point", "coordinates": [ -87.1850576, 14.09851067 ] } },
{ "type": "Feature", "properties": { "Latitud Origen": 14.09947222, "Longitud Origen": -87.2317778, "Usuario Origen": "Bertha Isabel Cáceres Flores", "field_4": null, "field_5": null, "field_6": null, "field_7": null }, "geometry": { "type": "Point", "coordinates": [ -87.2317778, 14.09947222 ] } },
{ "type": "Feature", "properties": { "Latitud Origen": 14.099574, "Longitud Origen": -87.187894, "Usuario Origen": "Bertha Isabel Cáceres Flores", "field_4": null, "field_5": null, "field_6": null, "field_7": null }, "geometry": { "type": "Point", "coordinates": [ -87.187894, 14.099574 ] } },
{ "type": "Feature", "properties": { "Latitud Origen": 14.0998355, "Longitud Origen": -87.199502, "Usuario Origen": "Bertha Isabel Cáceres Flores", "field_4": null, "field_5": null, "field_6": null, "field_7": null }, "geometry": { "type": "Point", "coordinates": [ -87.199502, 14.0998355 ] } },
{ "type": "Feature", "properties": { "Latitud Origen": 14.09983734, "Longitud Origen": -87.1995012, "Usuario Origen": "Bertha Isabel Cáceres Flores", "field_4": null, "field_5": null, "field_6": null, "field_7": null }, "geometry": { "type": "Point", "coordinates": [ -87.1995012, 14.09983734 ] } },
{ "type": "Feature", "properties": { "Latitud Origen": 14.100139, "Longitud Origen": -87.18927, "Usuario Origen": "Bertha Isabel Cáceres Flores", "field_4": null, "field_5": null, "field_6": null, "field_7": null }, "geometry": { "type": "Point", "coordinates": [ -87.18927, 14.100139 ] } },
{ "type": "Feature", "properties": { "Latitud Origen": 14.10041797, "Longitud Origen": -87.1857539, "Usuario Origen": "Bertha Isabel Cáceres Flores", "field_4": null, "field_5": null, "field_6": null, "field_7": null }, "geometry": { "type": "Point", "coordinates": [ -87.1857539, 14.10041797 ] } },
{ "type": "Feature", "properties": { "Latitud Origen": 14.100555, "Longitud Origen": -87.1948889, "Usuario Origen": "Bertha Isabel Cáceres Flores", "field_4": null, "field_5": null, "field_6": null, "field_7": null }, "geometry": { "type": "Point", "coordinates": [ -87.1948889, 14.100555 ] } },
{ "type": "Feature", "properties": { "Latitud Origen": 14.10055556, "Longitud Origen": -87.1948889, "Usuario Origen": "Bertha Isabel Cáceres Flores", "field_4": null, "field_5": null, "field_6": null, "field_7": null }, "geometry": { "type": "Point", "coordinates": [ -87.1948889, 14.10055556 ] } },
{ "type": "Feature", "properties": { "Latitud Origen": 14.10077778, "Longitud Origen": -87.2382194, "Usuario Origen": "Bertha Isabel Cáceres Flores", "field_4": null, "field_5": null, "field_6": null, "field_7": null }, "geometry": { "type": "Point", "coordinates": [ -87.2382194, 14.10077778 ] } },
{ "type": "Feature", "properties": { "Latitud Origen": 14.100899, "Longitud Origen": -87.18766, "Usuario Origen": "Bertha Isabel Cáceres Flores", "field_4": null, "field_5": null, "field_6": null, "field_7": null }, "geometry": { "type": "Point", "coordinates": [ -87.18766, 14.100899 ] } },
{ "type": "Feature", "properties": { "Latitud Origen": 14.10096982, "Longitud Origen": -87.192031, "Usuario Origen": "Bertha Isabel Cáceres Flores", "field_4": null, "field_5": null, "field_6": null, "field_7": null }, "geometry": { "type": "Point", "coordinates": [ -87.192031, 14.10096982 ] } },
{ "type": "Feature", "properties": { "Latitud Origen": 14.10109271, "Longitud Origen": -87.1782876, "Usuario Origen": "Bertha Isabel Cáceres Flores", "field_4": null, "field_5": null, "field_6": null, "field_7": null }, "geometry": { "type": "Point", "coordinates": [ -87.1782876, 14.10109271 ] } },
{ "type": "Feature", "properties": { "Latitud Origen": 14.10127778, "Longitud Origen": -88.0968333, "Usuario Origen": "Bertha Isabel Cáceres Flores", "field_4": null, "field_5": null, "field_6": null, "field_7": null }, "geometry": { "type": "Point", "coordinates": [ -88.0968333, 14.10127778 ] } },
{ "type": "Feature", "properties": { "Latitud Origen": 14.10163773, "Longitud Origen": -87.1869129, "Usuario Origen": "Bertha Isabel Cáceres Flores", "field_4": null, "field_5": null, "field_6": null, "field_7": null }, "geometry": { "type": "Point", "coordinates": [ -87.1869129, 14.10163773 ] } },
{ "type": "Feature", "properties": { "Latitud Origen": 14.10173642, "Longitud Origen": -87.187895, "Usuario Origen": "Bertha Isabel Cáceres Flores", "field_4": null, "field_5": null, "field_6": null, "field_7": null }, "geometry": { "type": "Point", "coordinates": [ -87.187895, 14.10173642 ] } },
{ "type": "Feature", "properties": { "Latitud Origen": 14.10258334, "Longitud Origen": -87.1838611, "Usuario Origen": "Bertha Isabel Cáceres Flores", "field_4": null, "field_5": null, "field_6": null, "field_7": null }, "geometry": { "type": "Point", "coordinates": [ -87.1838611, 14.10258334 ] } },
{ "type": "Feature", "properties": { "Latitud Origen": 14.103172, "Longitud Origen": -87.197425, "Usuario Origen": "Bertha Isabel Cáceres Flores", "field_4": null, "field_5": null, "field_6": null, "field_7": null }, "geometry": { "type": "Point", "coordinates": [ -87.197425, 14.103172 ] } },
{ "type": "Feature", "properties": { "Latitud Origen": 14.10334, "Longitud Origen": -87.1892, "Usuario Origen": "Bertha Isabel Cáceres Flores", "field_4": null, "field_5": null, "field_6": null, "field_7": null }, "geometry": { "type": "Point", "coordinates": [ -87.1892, 14.10334 ] } },
{ "type": "Feature", "properties": { "Latitud Origen": 14.10347637, "Longitud Origen": -87.1571949, "Usuario Origen": "Bertha Isabel Cáceres Flores", "field_4": null, "field_5": null, "field_6": null, "field_7": null }, "geometry": { "type": "Point", "coordinates": [ -87.1571949, 14.10347637 ] } },
{ "type": "Feature", "properties": { "Latitud Origen": 14.10349854, "Longitud Origen": -87.2110012, "Usuario Origen": "Bertha Isabel Cáceres Flores", "field_4": null, "field_5": null, "field_6": null, "field_7": null }, "geometry": { "type": "Point", "coordinates": [ -87.2110012, 14.10349854 ] } },
{ "type": "Feature", "properties": { "Latitud Origen": 14.103536, "Longitud Origen": -87.204989, "Usuario Origen": "Bertha Isabel Cáceres Flores", "field_4": null, "field_5": null, "field_6": null, "field_7": null }, "geometry": { "type": "Point", "coordinates": [ -87.204989, 14.103536 ] } },
{ "type": "Feature", "properties": { "Latitud Origen": 14.1035399, "Longitud Origen": -87.2049888, "Usuario Origen": "Bertha Isabel Cáceres Flores", "field_4": null, "field_5": null, "field_6": null, "field_7": null }, "geometry": { "type": "Point", "coordinates": [ -87.2049888, 14.1035399 ] } },
{ "type": "Feature", "properties": { "Latitud Origen": 14.10372061, "Longitud Origen": -87.2439448, "Usuario Origen": "Bertha Isabel Cáceres Flores", "field_4": null, "field_5": null, "field_6": null, "field_7": null }, "geometry": { "type": "Point", "coordinates": [ -87.2439448, 14.10372061 ] } },
{ "type": "Feature", "properties": { "Latitud Origen": 14.10491668, "Longitud Origen": -87.2021367, "Usuario Origen": "Bertha Isabel Cáceres Flores", "field_4": null, "field_5": null, "field_6": null, "field_7": null }, "geometry": { "type": "Point", "coordinates": [ -87.2021367, 14.10491668 ] } },
{ "type": "Feature", "properties": { "Latitud Origen": 14.10535833, "Longitud Origen": -87.1801667, "Usuario Origen": "Bertha Isabel Cáceres Flores", "field_4": null, "field_5": null, "field_6": null, "field_7": null }, "geometry": { "type": "Point", "coordinates": [ -87.1801667, 14.10535833 ] } },
{ "type": "Feature", "properties": { "Latitud Origen": 14.1053967, "Longitud Origen": -87.1878246, "Usuario Origen": "Bertha Isabel Cáceres Flores", "field_4": null, "field_5": null, "field_6": null, "field_7": null }, "geometry": { "type": "Point", "coordinates": [ -87.1878246, 14.1053967 ] } },
{ "type": "Feature", "properties": { "Latitud Origen": 14.10539844, "Longitud Origen": -87.1878239, "Usuario Origen": "Bertha Isabel Cáceres Flores", "field_4": null, "field_5": null, "field_6": null, "field_7": null }, "geometry": { "type": "Point", "coordinates": [ -87.1878239, 14.10539844 ] } },
{ "type": "Feature", "properties": { "Latitud Origen": 14.1062215, "Longitud Origen": -87.1987749, "Usuario Origen": "Bertha Isabel Cáceres Flores", "field_4": null, "field_5": null, "field_6": null, "field_7": null }, "geometry": { "type": "Point", "coordinates": [ -87.1987749, 14.1062215 ] } },
{ "type": "Feature", "properties": { "Latitud Origen": 14.10627778, "Longitud Origen": -88.3813056, "Usuario Origen": "Bertha Isabel Cáceres Flores", "field_4": null, "field_5": null, "field_6": null, "field_7": null }, "geometry": { "type": "Point", "coordinates": [ -88.3813056, 14.10627778 ] } },
{ "type": "Feature", "properties": { "Latitud Origen": 14.10630583, "Longitud Origen": -87.2060289, "Usuario Origen": "Bertha Isabel Cáceres Flores", "field_4": null, "field_5": null, "field_6": null, "field_7": null }, "geometry": { "type": "Point", "coordinates": [ -87.2060289, 14.10630583 ] } },
{ "type": "Feature", "properties": { "Latitud Origen": 14.10652778, "Longitud Origen": -87.2044722, "Usuario Origen": "Bertha Isabel Cáceres Flores", "field_4": null, "field_5": null, "field_6": null, "field_7": null }, "geometry": { "type": "Point", "coordinates": [ -87.2044722, 14.10652778 ] } },
{ "type": "Feature", "properties": { "Latitud Origen": 14.10736324, "Longitud Origen": -87.1720854, "Usuario Origen": "Bertha Isabel Cáceres Flores", "field_4": null, "field_5": null, "field_6": null, "field_7": null }, "geometry": { "type": "Point", "coordinates": [ -87.1720854, 14.10736324 ] } },
{ "type": "Feature", "properties": { "Latitud Origen": 14.10752778, "Longitud Origen": -87.2019722, "Usuario Origen": "Bertha Isabel Cáceres Flores", "field_4": null, "field_5": null, "field_6": null, "field_7": null }, "geometry": { "type": "Point", "coordinates": [ -87.2019722, 14.10752778 ] } },
{ "type": "Feature", "properties": { "Latitud Origen": 14.10791667, "Longitud Origen": -87.2456389, "Usuario Origen": "Bertha Isabel Cáceres Flores", "field_4": null, "field_5": null, "field_6": null, "field_7": null }, "geometry": { "type": "Point", "coordinates": [ -87.2456389, 14.10791667 ] } },
{ "type": "Feature", "properties": { "Latitud Origen": 14.107946, "Longitud Origen": -87.193636, "Usuario Origen": "Bertha Isabel Cáceres Flores", "field_4": null, "field_5": null, "field_6": null, "field_7": null }, "geometry": { "type": "Point", "coordinates": [ -87.193636, 14.107946 ] } },
{ "type": "Feature", "properties": { "Latitud Origen": 14.10841667, "Longitud Origen": -87.1912222, "Usuario Origen": "Bertha Isabel Cáceres Flores", "field_4": null, "field_5": null, "field_6": null, "field_7": null }, "geometry": { "type": "Point", "coordinates": [ -87.1912222, 14.10841667 ] } },
{ "type": "Feature", "properties": { "Latitud Origen": 14.10843709, "Longitud Origen": -87.2090695, "Usuario Origen": "Bertha Isabel Cáceres Flores", "field_4": null, "field_5": null, "field_6": null, "field_7": null }, "geometry": { "type": "Point", "coordinates": [ -87.2090695, 14.10843709 ] } },
{ "type": "Feature", "properties": { "Latitud Origen": 14.10908333, "Longitud Origen": -87.1762222, "Usuario Origen": "Bertha Isabel Cáceres Flores", "field_4": null, "field_5": null, "field_6": null, "field_7": null }, "geometry": { "type": "Point", "coordinates": [ -87.1762222, 14.10908333 ] } },
{ "type": "Feature", "properties": { "Latitud Origen": 14.10931348, "Longitud Origen": -87.1879383, "Usuario Origen": "Bertha Isabel Cáceres Flores", "field_4": null, "field_5": null, "field_6": null, "field_7": null }, "geometry": { "type": "Point", "coordinates": [ -87.1879383, 14.10931348 ] } },
{ "type": "Feature", "properties": { "Latitud Origen": 14.10971944, "Longitud Origen": -87.1948583, "Usuario Origen": "Bertha Isabel Cáceres Flores", "field_4": null, "field_5": null, "field_6": null, "field_7": null }, "geometry": { "type": "Point", "coordinates": [ -87.1948583, 14.10971944 ] } },
{ "type": "Feature", "properties": { "Latitud Origen": 14.10972391, "Longitud Origen": -87.1948591, "Usuario Origen": "Bertha Isabel Cáceres Flores", "field_4": null, "field_5": null, "field_6": null, "field_7": null }, "geometry": { "type": "Point", "coordinates": [ -87.1948591, 14.10972391 ] } },
{ "type": "Feature", "properties": { "Latitud Origen": 14.10997222, "Longitud Origen": -87.2059444, "Usuario Origen": "Bertha Isabel Cáceres Flores", "field_4": null, "field_5": null, "field_6": null, "field_7": null }, "geometry": { "type": "Point", "coordinates": [ -87.2059444, 14.10997222 ] } },
{ "type": "Feature", "properties": { "Latitud Origen": 14.11002778, "Longitud Origen": -87.2128056, "Usuario Origen": "Bertha Isabel Cáceres Flores", "field_4": null, "field_5": null, "field_6": null, "field_7": null }, "geometry": { "type": "Point", "coordinates": [ -87.2128056, 14.11002778 ] } },
{ "type": "Feature", "properties": { "Latitud Origen": 14.11130556, "Longitud Origen": -87.2338889, "Usuario Origen": "Bertha Isabel Cáceres Flores", "field_4": null, "field_5": null, "field_6": null, "field_7": null }, "geometry": { "type": "Point", "coordinates": [ -87.2338889, 14.11130556 ] } },
{ "type": "Feature", "properties": { "Latitud Origen": 14.11266252, "Longitud Origen": -87.1833365, "Usuario Origen": "Bertha Isabel Cáceres Flores", "field_4": null, "field_5": null, "field_6": null, "field_7": null }, "geometry": { "type": "Point", "coordinates": [ -87.1833365, 14.11266252 ] } },
{ "type": "Feature", "properties": { "Latitud Origen": 14.112862, "Longitud Origen": -87.187488, "Usuario Origen": "Bertha Isabel Cáceres Flores", "field_4": null, "field_5": null, "field_6": null, "field_7": null }, "geometry": { "type": "Point", "coordinates": [ -87.187488, 14.112862 ] } },
{ "type": "Feature", "properties": { "Latitud Origen": 14.12105556, "Longitud Origen": -87.1033889, "Usuario Origen": "Bertha Isabel Cáceres Flores", "field_4": null, "field_5": null, "field_6": null, "field_7": null }, "geometry": { "type": "Point", "coordinates": [ -87.1033889, 14.12105556 ] } },
{ "type": "Feature", "properties": { "Latitud Origen": 14.12253186, "Longitud Origen": -87.1181655, "Usuario Origen": "Bertha Isabel Cáceres Flores", "field_4": null, "field_5": null, "field_6": null, "field_7": null }, "geometry": { "type": "Point", "coordinates": [ -87.1181655, 14.12253186 ] } },
{ "type": "Feature", "properties": { "Latitud Origen": 14.12594444, "Longitud Origen": -88.2473889, "Usuario Origen": "Bertha Isabel Cáceres Flores", "field_4": null, "field_5": null, "field_6": null, "field_7": null }, "geometry": { "type": "Point", "coordinates": [ -88.2473889, 14.12594444 ] } },
{ "type": "Feature", "properties": { "Latitud Origen": 14.12688889, "Longitud Origen": -87.2484167, "Usuario Origen": "Bertha Isabel Cáceres Flores", "field_4": null, "field_5": null, "field_6": null, "field_7": null }, "geometry": { "type": "Point", "coordinates": [ -87.2484167, 14.12688889 ] } },
{ "type": "Feature", "properties": { "Latitud Origen": 14.12689026, "Longitud Origen": -87.2484167, "Usuario Origen": "Bertha Isabel Cáceres Flores", "field_4": null, "field_5": null, "field_6": null, "field_7": null }, "geometry": { "type": "Point", "coordinates": [ -87.2484167, 14.12689026 ] } },
{ "type": "Feature", "properties": { "Latitud Origen": 14.13575906, "Longitud Origen": -87.1659081, "Usuario Origen": "Bertha Isabel Cáceres Flores", "field_4": null, "field_5": null, "field_6": null, "field_7": null }, "geometry": { "type": "Point", "coordinates": [ -87.1659081, 14.13575906 ] } },
{ "type": "Feature", "properties": { "Latitud Origen": 14.13805462, "Longitud Origen": -87.2658306, "Usuario Origen": "Bertha Isabel Cáceres Flores", "field_4": null, "field_5": null, "field_6": null, "field_7": null }, "geometry": { "type": "Point", "coordinates": [ -87.2658306, 14.13805462 ] } },
{ "type": "Feature", "properties": { "Latitud Origen": 14.13914, "Longitud Origen": -87.058852, "Usuario Origen": "Bertha Isabel Cáceres Flores", "field_4": null, "field_5": null, "field_6": null, "field_7": null }, "geometry": { "type": "Point", "coordinates": [ -87.058852, 14.13914 ] } },
{ "type": "Feature", "properties": { "Latitud Origen": 14.13960954, "Longitud Origen": -88.0474972, "Usuario Origen": "Bertha Isabel Cáceres Flores", "field_4": null, "field_5": null, "field_6": null, "field_7": null }, "geometry": { "type": "Point", "coordinates": [ -88.0474972, 14.13960954 ] } },
{ "type": "Feature", "properties": { "Latitud Origen": 14.15344024, "Longitud Origen": -87.2705545, "Usuario Origen": "Bertha Isabel Cáceres Flores", "field_4": null, "field_5": null, "field_6": null, "field_7": null }, "geometry": { "type": "Point", "coordinates": [ -87.2705545, 14.15344024 ] } },
{ "type": "Feature", "properties": { "Latitud Origen": 14.15456, "Longitud Origen": -87.03224, "Usuario Origen": "Bertha Isabel Cáceres Flores", "field_4": null, "field_5": null, "field_6": null, "field_7": null }, "geometry": { "type": "Point", "coordinates": [ -87.03224, 14.15456 ] } },
{ "type": "Feature", "properties": { "Latitud Origen": 14.15472222, "Longitud Origen": -88.0364167, "Usuario Origen": "Bertha Isabel Cáceres Flores", "field_4": null, "field_5": null, "field_6": null, "field_7": null }, "geometry": { "type": "Point", "coordinates": [ -88.0364167, 14.15472222 ] } },
{ "type": "Feature", "properties": { "Latitud Origen": 14.15519444, "Longitud Origen": -88.0233056, "Usuario Origen": "Bertha Isabel Cáceres Flores", "field_4": null, "field_5": null, "field_6": null, "field_7": null }, "geometry": { "type": "Point", "coordinates": [ -88.0233056, 14.15519444 ] } },
{ "type": "Feature", "properties": { "Latitud Origen": 14.15574, "Longitud Origen": -88.03049, "Usuario Origen": "Bertha Isabel Cáceres Flores", "field_4": null, "field_5": null, "field_6": null, "field_7": null }, "geometry": { "type": "Point", "coordinates": [ -88.03049, 14.15574 ] } },
{ "type": "Feature", "properties": { "Latitud Origen": 14.15822485, "Longitud Origen": -87.2848859, "Usuario Origen": "Bertha Isabel Cáceres Flores", "field_4": null, "field_5": null, "field_6": null, "field_7": null }, "geometry": { "type": "Point", "coordinates": [ -87.2848859, 14.15822485 ] } },
{ "type": "Feature", "properties": { "Latitud Origen": 14.15875042, "Longitud Origen": -87.0497237, "Usuario Origen": "Bertha Isabel Cáceres Flores", "field_4": null, "field_5": null, "field_6": null, "field_7": null }, "geometry": { "type": "Point", "coordinates": [ -87.0497237, 14.15875042 ] } },
{ "type": "Feature", "properties": { "Latitud Origen": 14.15893, "Longitud Origen": -87.0435, "Usuario Origen": "Bertha Isabel Cáceres Flores", "field_4": null, "field_5": null, "field_6": null, "field_7": null }, "geometry": { "type": "Point", "coordinates": [ -87.0435, 14.15893 ] } },
{ "type": "Feature", "properties": { "Latitud Origen": 14.16114308, "Longitud Origen": -88.03733, "Usuario Origen": "Bertha Isabel Cáceres Flores", "field_4": null, "field_5": null, "field_6": null, "field_7": null }, "geometry": { "type": "Point", "coordinates": [ -88.03733, 14.16114308 ] } },
{ "type": "Feature", "properties": { "Latitud Origen": 14.16888889, "Longitud Origen": -87.3088611, "Usuario Origen": "Bertha Isabel Cáceres Flores", "field_4": null, "field_5": null, "field_6": null, "field_7": null }, "geometry": { "type": "Point", "coordinates": [ -87.3088611, 14.16888889 ] } },
{ "type": "Feature", "properties": { "Latitud Origen": 14.189424, "Longitud Origen": -87.338639, "Usuario Origen": "Bertha Isabel Cáceres Flores", "field_4": null, "field_5": null, "field_6": null, "field_7": null }, "geometry": { "type": "Point", "coordinates": [ -87.338639, 14.189424 ] } },
{ "type": "Feature", "properties": { "Latitud Origen": 14.19172222, "Longitud Origen": -87.3768611, "Usuario Origen": "Bertha Isabel Cáceres Flores", "field_4": null, "field_5": null, "field_6": null, "field_7": null }, "geometry": { "type": "Point", "coordinates": [ -87.3768611, 14.19172222 ] } },
{ "type": "Feature", "properties": { "Latitud Origen": 14.19321, "Longitud Origen": -87.62257, "Usuario Origen": "Bertha Isabel Cáceres Flores", "field_4": null, "field_5": null, "field_6": null, "field_7": null }, "geometry": { "type": "Point", "coordinates": [ -87.62257, 14.19321 ] } },
{ "type": "Feature", "properties": { "Latitud Origen": 14.19722222, "Longitud Origen": -87.9796389, "Usuario Origen": "Bertha Isabel Cáceres Flores", "field_4": null, "field_5": null, "field_6": null, "field_7": null }, "geometry": { "type": "Point", "coordinates": [ -87.9796389, 14.19722222 ] } },
{ "type": "Feature", "properties": { "Latitud Origen": 14.21448739, "Longitud Origen": -87.3676041, "Usuario Origen": "Bertha Isabel Cáceres Flores", "field_4": null, "field_5": null, "field_6": null, "field_7": null }, "geometry": { "type": "Point", "coordinates": [ -87.3676041, 14.21448739 ] } },
{ "type": "Feature", "properties": { "Latitud Origen": 14.22055556, "Longitud Origen": -87.3808889, "Usuario Origen": "Bertha Isabel Cáceres Flores", "field_4": null, "field_5": null, "field_6": null, "field_7": null }, "geometry": { "type": "Point", "coordinates": [ -87.3808889, 14.22055556 ] } },
{ "type": "Feature", "properties": { "Latitud Origen": 14.24546944, "Longitud Origen": -87.3776667, "Usuario Origen": "Bertha Isabel Cáceres Flores", "field_4": null, "field_5": null, "field_6": null, "field_7": null }, "geometry": { "type": "Point", "coordinates": [ -87.3776667, 14.24546944 ] } },
{ "type": "Feature", "properties": { "Latitud Origen": 14.2469736, "Longitud Origen": -87.8293366, "Usuario Origen": "Bertha Isabel Cáceres Flores", "field_4": null, "field_5": null, "field_6": null, "field_7": null }, "geometry": { "type": "Point", "coordinates": [ -87.8293366, 14.2469736 ] } },
{ "type": "Feature", "properties": { "Latitud Origen": 14.24789166, "Longitud Origen": -88.5105797, "Usuario Origen": "Bertha Isabel Cáceres Flores", "field_4": null, "field_5": null, "field_6": null, "field_7": null }, "geometry": { "type": "Point", "coordinates": [ -88.5105797, 14.24789166 ] } },
{ "type": "Feature", "properties": { "Latitud Origen": 14.248, "Longitud Origen": -87.9393333, "Usuario Origen": "Bertha Isabel Cáceres Flores", "field_4": null, "field_5": null, "field_6": null, "field_7": null }, "geometry": { "type": "Point", "coordinates": [ -87.9393333, 14.248 ] } },
{ "type": "Feature", "properties": { "Latitud Origen": 14.253685, "Longitud Origen": -87.653813, "Usuario Origen": "Bertha Isabel Cáceres Flores", "field_4": null, "field_5": null, "field_6": null, "field_7": null }, "geometry": { "type": "Point", "coordinates": [ -87.653813, 14.253685 ] } },
{ "type": "Feature", "properties": { "Latitud Origen": 14.25388889, "Longitud Origen": -88.3889444, "Usuario Origen": "Bertha Isabel Cáceres Flores", "field_4": null, "field_5": null, "field_6": null, "field_7": null }, "geometry": { "type": "Point", "coordinates": [ -88.3889444, 14.25388889 ] } },
{ "type": "Feature", "properties": { "Latitud Origen": 14.26652778, "Longitud Origen": -87.5515, "Usuario Origen": "Bertha Isabel Cáceres Flores", "field_4": null, "field_5": null, "field_6": null, "field_7": null }, "geometry": { "type": "Point", "coordinates": [ -87.5515, 14.26652778 ] } },
{ "type": "Feature", "properties": { "Latitud Origen": 14.27491667, "Longitud Origen": -87.4034111, "Usuario Origen": "Bertha Isabel Cáceres Flores", "field_4": null, "field_5": null, "field_6": null, "field_7": null }, "geometry": { "type": "Point", "coordinates": [ -87.4034111, 14.27491667 ] } },
{ "type": "Feature", "properties": { "Latitud Origen": 14.2755, "Longitud Origen": -87.5168611, "Usuario Origen": "Bertha Isabel Cáceres Flores", "field_4": null, "field_5": null, "field_6": null, "field_7": null }, "geometry": { "type": "Point", "coordinates": [ -87.5168611, 14.2755 ] } },
{ "type": "Feature", "properties": { "Latitud Origen": 14.27808333, "Longitud Origen": -87.6648889, "Usuario Origen": "Bertha Isabel Cáceres Flores", "field_4": null, "field_5": null, "field_6": null, "field_7": null }, "geometry": { "type": "Point", "coordinates": [ -87.6648889, 14.27808333 ] } },
{ "type": "Feature", "properties": { "Latitud Origen": 14.27916773, "Longitud Origen": -87.3694445, "Usuario Origen": "Bertha Isabel Cáceres Flores", "field_4": null, "field_5": null, "field_6": null, "field_7": null }, "geometry": { "type": "Point", "coordinates": [ -87.3694445, 14.27916773 ] } },
{ "type": "Feature", "properties": { "Latitud Origen": 14.28363889, "Longitud Origen": -87.4973889, "Usuario Origen": "Bertha Isabel Cáceres Flores", "field_4": null, "field_5": null, "field_6": null, "field_7": null }, "geometry": { "type": "Point", "coordinates": [ -87.4973889, 14.28363889 ] } },
{ "type": "Feature", "properties": { "Latitud Origen": 14.28516667, "Longitud Origen": -87.4657778, "Usuario Origen": "Bertha Isabel Cáceres Flores", "field_4": null, "field_5": null, "field_6": null, "field_7": null }, "geometry": { "type": "Point", "coordinates": [ -87.4657778, 14.28516667 ] } },
{ "type": "Feature", "properties": { "Latitud Origen": 14.28556, "Longitud Origen": -88.25705, "Usuario Origen": "Bertha Isabel Cáceres Flores", "field_4": null, "field_5": null, "field_6": null, "field_7": null }, "geometry": { "type": "Point", "coordinates": [ -88.25705, 14.28556 ] } },
{ "type": "Feature", "properties": { "Latitud Origen": 14.29077778, "Longitud Origen": -87.4373889, "Usuario Origen": "Bertha Isabel Cáceres Flores", "field_4": null, "field_5": null, "field_6": null, "field_7": null }, "geometry": { "type": "Point", "coordinates": [ -87.4373889, 14.29077778 ] } },
{ "type": "Feature", "properties": { "Latitud Origen": 14.29133333, "Longitud Origen": -87.4904444, "Usuario Origen": "Bertha Isabel Cáceres Flores", "field_4": null, "field_5": null, "field_6": null, "field_7": null }, "geometry": { "type": "Point", "coordinates": [ -87.4904444, 14.29133333 ] } },
{ "type": "Feature", "properties": { "Latitud Origen": 14.29427778, "Longitud Origen": -88.0746389, "Usuario Origen": "Bertha Isabel Cáceres Flores", "field_4": null, "field_5": null, "field_6": null, "field_7": null }, "geometry": { "type": "Point", "coordinates": [ -88.0746389, 14.29427778 ] } },
{ "type": "Feature", "properties": { "Latitud Origen": 14.30141389, "Longitud Origen": -87.57325, "Usuario Origen": "Bertha Isabel Cáceres Flores", "field_4": null, "field_5": null, "field_6": null, "field_7": null }, "geometry": { "type": "Point", "coordinates": [ -87.57325, 14.30141389 ] } },
{ "type": "Feature", "properties": { "Latitud Origen": 14.30461268, "Longitud Origen": -88.1023626, "Usuario Origen": "Bertha Isabel Cáceres Flores", "field_4": null, "field_5": null, "field_6": null, "field_7": null }, "geometry": { "type": "Point", "coordinates": [ -88.1023626, 14.30461268 ] } },
{ "type": "Feature", "properties": { "Latitud Origen": 14.30663462, "Longitud Origen": -88.2172527, "Usuario Origen": "Bertha Isabel Cáceres Flores", "field_4": null, "field_5": null, "field_6": null, "field_7": null }, "geometry": { "type": "Point", "coordinates": [ -88.2172527, 14.30663462 ] } },
{ "type": "Feature", "properties": { "Latitud Origen": 14.30779, "Longitud Origen": -88.17355, "Usuario Origen": "Bertha Isabel Cáceres Flores", "field_4": null, "field_5": null, "field_6": null, "field_7": null }, "geometry": { "type": "Point", "coordinates": [ -88.17355, 14.30779 ] } },
{ "type": "Feature", "properties": { "Latitud Origen": 14.30900578, "Longitud Origen": -88.1686992, "Usuario Origen": "Bertha Isabel Cáceres Flores", "field_4": null, "field_5": null, "field_6": null, "field_7": null }, "geometry": { "type": "Point", "coordinates": [ -88.1686992, 14.30900578 ] } },
{ "type": "Feature", "properties": { "Latitud Origen": 14.309009, "Longitud Origen": -88.168697, "Usuario Origen": "Bertha Isabel Cáceres Flores", "field_4": null, "field_5": null, "field_6": null, "field_7": null }, "geometry": { "type": "Point", "coordinates": [ -88.168697, 14.309009 ] } },
{ "type": "Feature", "properties": { "Latitud Origen": 14.30991944, "Longitud Origen": -88.17662, "Usuario Origen": "Bertha Isabel Cáceres Flores", "field_4": null, "field_5": null, "field_6": null, "field_7": null }, "geometry": { "type": "Point", "coordinates": [ -88.17662, 14.30991944 ] } },
{ "type": "Feature", "properties": { "Latitud Origen": 14.30991944, "Longitud Origen": -88.17665, "Usuario Origen": "Bertha Isabel Cáceres Flores", "field_4": null, "field_5": null, "field_6": null, "field_7": null }, "geometry": { "type": "Point", "coordinates": [ -88.17665, 14.30991944 ] } },
{ "type": "Feature", "properties": { "Latitud Origen": 14.31186111, "Longitud Origen": -88.1861111, "Usuario Origen": "Bertha Isabel Cáceres Flores", "field_4": null, "field_5": null, "field_6": null, "field_7": null }, "geometry": { "type": "Point", "coordinates": [ -88.1861111, 14.31186111 ] } },
{ "type": "Feature", "properties": { "Latitud Origen": 14.31247222, "Longitud Origen": -88.1611389, "Usuario Origen": "Bertha Isabel Cáceres Flores", "field_4": null, "field_5": null, "field_6": null, "field_7": null }, "geometry": { "type": "Point", "coordinates": [ -88.1611389, 14.31247222 ] } },
{ "type": "Feature", "properties": { "Latitud Origen": 14.31332, "Longitud Origen": -88.1706, "Usuario Origen": "Bertha Isabel Cáceres Flores", "field_4": null, "field_5": null, "field_6": null, "field_7": null }, "geometry": { "type": "Point", "coordinates": [ -88.1706, 14.31332 ] } },
{ "type": "Feature", "properties": { "Latitud Origen": 14.31597222, "Longitud Origen": -88.1726111, "Usuario Origen": "Bertha Isabel Cáceres Flores", "field_4": null, "field_5": null, "field_6": null, "field_7": null }, "geometry": { "type": "Point", "coordinates": [ -88.1726111, 14.31597222 ] } },
{ "type": "Feature", "properties": { "Latitud Origen": 14.32355556, "Longitud Origen": -87.6731111, "Usuario Origen": "Bertha Isabel Cáceres Flores", "field_4": null, "field_5": null, "field_6": null, "field_7": null }, "geometry": { "type": "Point", "coordinates": [ -87.6731111, 14.32355556 ] } },
{ "type": "Feature", "properties": { "Latitud Origen": 14.32883839, "Longitud Origen": -87.6122466, "Usuario Origen": "Bertha Isabel Cáceres Flores", "field_4": null, "field_5": null, "field_6": null, "field_7": null }, "geometry": { "type": "Point", "coordinates": [ -87.6122466, 14.32883839 ] } },
{ "type": "Feature", "properties": { "Latitud Origen": 14.33036465, "Longitud Origen": -88.2763323, "Usuario Origen": "Bertha Isabel Cáceres Flores", "field_4": null, "field_5": null, "field_6": null, "field_7": null }, "geometry": { "type": "Point", "coordinates": [ -88.2763323, 14.33036465 ] } },
{ "type": "Feature", "properties": { "Latitud Origen": 14.330963, "Longitud Origen": -87.594207, "Usuario Origen": "Bertha Isabel Cáceres Flores", "field_4": null, "field_5": null, "field_6": null, "field_7": null }, "geometry": { "type": "Point", "coordinates": [ -87.594207, 14.330963 ] } },
{ "type": "Feature", "properties": { "Latitud Origen": 14.33349951, "Longitud Origen": -87.6706703, "Usuario Origen": "Bertha Isabel Cáceres Flores", "field_4": null, "field_5": null, "field_6": null, "field_7": null }, "geometry": { "type": "Point", "coordinates": [ -87.6706703, 14.33349951 ] } },
{ "type": "Feature", "properties": { "Latitud Origen": 14.33466267, "Longitud Origen": -88.3538847, "Usuario Origen": "Bertha Isabel Cáceres Flores", "field_4": null, "field_5": null, "field_6": null, "field_7": null }, "geometry": { "type": "Point", "coordinates": [ -88.3538847, 14.33466267 ] } },
{ "type": "Feature", "properties": { "Latitud Origen": 14.35833251, "Longitud Origen": -87.9125032, "Usuario Origen": "Bertha Isabel Cáceres Flores", "field_4": null, "field_5": null, "field_6": null, "field_7": null }, "geometry": { "type": "Point", "coordinates": [ -87.9125032, 14.35833251 ] } },
{ "type": "Feature", "properties": { "Latitud Origen": 14.36508534, "Longitud Origen": -88.00639, "Usuario Origen": "Bertha Isabel Cáceres Flores", "field_4": null, "field_5": null, "field_6": null, "field_7": null }, "geometry": { "type": "Point", "coordinates": [ -88.00639, 14.36508534 ] } },
{ "type": "Feature", "properties": { "Latitud Origen": 14.38071, "Longitud Origen": -87.61183, "Usuario Origen": "Bertha Isabel Cáceres Flores", "field_4": null, "field_5": null, "field_6": null, "field_7": null }, "geometry": { "type": "Point", "coordinates": [ -87.61183, 14.38071 ] } },
{ "type": "Feature", "properties": { "Latitud Origen": 14.381889, "Longitud Origen": -87.614493, "Usuario Origen": "Bertha Isabel Cáceres Flores", "field_4": null, "field_5": null, "field_6": null, "field_7": null }, "geometry": { "type": "Point", "coordinates": [ -87.614493, 14.381889 ] } },
{ "type": "Feature", "properties": { "Latitud Origen": 14.39002778, "Longitud Origen": -87.6156111, "Usuario Origen": "Bertha Isabel Cáceres Flores", "field_4": null, "field_5": null, "field_6": null, "field_7": null }, "geometry": { "type": "Point", "coordinates": [ -87.6156111, 14.39002778 ] } },
{ "type": "Feature", "properties": { "Latitud Origen": 14.40058547, "Longitud Origen": -89.1953015, "Usuario Origen": "Bertha Isabel Cáceres Flores", "field_4": null, "field_5": null, "field_6": null, "field_7": null }, "geometry": { "type": "Point", "coordinates": [ -89.1953015, 14.40058547 ] } },
{ "type": "Feature", "properties": { "Latitud Origen": 14.40608206, "Longitud Origen": -88.4218582, "Usuario Origen": "Bertha Isabel Cáceres Flores", "field_4": null, "field_5": null, "field_6": null, "field_7": null }, "geometry": { "type": "Point", "coordinates": [ -88.4218582, 14.40608206 ] } },
{ "type": "Feature", "properties": { "Latitud Origen": 14.41763889, "Longitud Origen": -87.6207778, "Usuario Origen": "Bertha Isabel Cáceres Flores", "field_4": null, "field_5": null, "field_6": null, "field_7": null }, "geometry": { "type": "Point", "coordinates": [ -87.6207778, 14.41763889 ] } },
{ "type": "Feature", "properties": { "Latitud Origen": 14.42438955, "Longitud Origen": -89.1841957, "Usuario Origen": "Bertha Isabel Cáceres Flores", "field_4": null, "field_5": null, "field_6": null, "field_7": null }, "geometry": { "type": "Point", "coordinates": [ -89.1841957, 14.42438955 ] } },
{ "type": "Feature", "properties": { "Latitud Origen": 14.43030556, "Longitud Origen": -89.1804167, "Usuario Origen": "Bertha Isabel Cáceres Flores", "field_4": null, "field_5": null, "field_6": null, "field_7": null }, "geometry": { "type": "Point", "coordinates": [ -89.1804167, 14.43030556 ] } },
{ "type": "Feature", "properties": { "Latitud Origen": 14.432797, "Longitud Origen": -87.634101, "Usuario Origen": "Bertha Isabel Cáceres Flores", "field_4": null, "field_5": null, "field_6": null, "field_7": null }, "geometry": { "type": "Point", "coordinates": [ -87.634101, 14.432797 ] } },
{ "type": "Feature", "properties": { "Latitud Origen": 14.4386987, "Longitud Origen": -89.0650024, "Usuario Origen": "Bertha Isabel Cáceres Flores", "field_4": null, "field_5": null, "field_6": null, "field_7": null }, "geometry": { "type": "Point", "coordinates": [ -89.0650024, 14.4386987 ] } },
{ "type": "Feature", "properties": { "Latitud Origen": 14.4400034, "Longitud Origen": -87.5563924, "Usuario Origen": "Bertha Isabel Cáceres Flores", "field_4": null, "field_5": null, "field_6": null, "field_7": null }, "geometry": { "type": "Point", "coordinates": [ -87.5563924, 14.4400034 ] } },
{ "type": "Feature", "properties": { "Latitud Origen": 14.44103153, "Longitud Origen": -87.6427228, "Usuario Origen": "Bertha Isabel Cáceres Flores", "field_4": null, "field_5": null, "field_6": null, "field_7": null }, "geometry": { "type": "Point", "coordinates": [ -87.6427228, 14.44103153 ] } },
{ "type": "Feature", "properties": { "Latitud Origen": 14.44880556, "Longitud Origen": -88.4245556, "Usuario Origen": "Bertha Isabel Cáceres Flores", "field_4": null, "field_5": null, "field_6": null, "field_7": null }, "geometry": { "type": "Point", "coordinates": [ -88.4245556, 14.44880556 ] } },
{ "type": "Feature", "properties": { "Latitud Origen": 14.44944073, "Longitud Origen": -89.174697, "Usuario Origen": "Bertha Isabel Cáceres Flores", "field_4": null, "field_5": null, "field_6": null, "field_7": null }, "geometry": { "type": "Point", "coordinates": [ -89.174697, 14.44944073 ] } },
{ "type": "Feature", "properties": { "Latitud Origen": 14.45019, "Longitud Origen": -87.64292, "Usuario Origen": "Bertha Isabel Cáceres Flores", "field_4": null, "field_5": null, "field_6": null, "field_7": null }, "geometry": { "type": "Point", "coordinates": [ -87.64292, 14.45019 ] } },
{ "type": "Feature", "properties": { "Latitud Origen": 14.45680268, "Longitud Origen": -87.6143583, "Usuario Origen": "Bertha Isabel Cáceres Flores", "field_4": null, "field_5": null, "field_6": null, "field_7": null }, "geometry": { "type": "Point", "coordinates": [ -87.6143583, 14.45680268 ] } },
{ "type": "Feature", "properties": { "Latitud Origen": 14.45766667, "Longitud Origen": -87.6293889, "Usuario Origen": "Bertha Isabel Cáceres Flores", "field_4": null, "field_5": null, "field_6": null, "field_7": null }, "geometry": { "type": "Point", "coordinates": [ -87.6293889, 14.45766667 ] } },
{ "type": "Feature", "properties": { "Latitud Origen": 14.46119444, "Longitud Origen": -87.6455833, "Usuario Origen": "Bertha Isabel Cáceres Flores", "field_4": null, "field_5": null, "field_6": null, "field_7": null }, "geometry": { "type": "Point", "coordinates": [ -87.6455833, 14.46119444 ] } },
{ "type": "Feature", "properties": { "Latitud Origen": 14.46413, "Longitud Origen": -87.66346, "Usuario Origen": "Bertha Isabel Cáceres Flores", "field_4": null, "field_5": null, "field_6": null, "field_7": null }, "geometry": { "type": "Point", "coordinates": [ -87.66346, 14.46413 ] } },
{ "type": "Feature", "properties": { "Latitud Origen": 14.48355556, "Longitud Origen": -87.9748889, "Usuario Origen": "Bertha Isabel Cáceres Flores", "field_4": null, "field_5": null, "field_6": null, "field_7": null }, "geometry": { "type": "Point", "coordinates": [ -87.9748889, 14.48355556 ] } },
{ "type": "Feature", "properties": { "Latitud Origen": 14.4856427, "Longitud Origen": -87.9927964, "Usuario Origen": "Bertha Isabel Cáceres Flores", "field_4": null, "field_5": null, "field_6": null, "field_7": null }, "geometry": { "type": "Point", "coordinates": [ -87.9927964, 14.4856427 ] } },
{ "type": "Feature", "properties": { "Latitud Origen": 14.49061172, "Longitud Origen": -87.6595593, "Usuario Origen": "Bertha Isabel Cáceres Flores", "field_4": null, "field_5": null, "field_6": null, "field_7": null }, "geometry": { "type": "Point", "coordinates": [ -87.6595593, 14.49061172 ] } },
{ "type": "Feature", "properties": { "Latitud Origen": 14.50471822, "Longitud Origen": -87.7797215, "Usuario Origen": "Bertha Isabel Cáceres Flores", "field_4": null, "field_5": null, "field_6": null, "field_7": null }, "geometry": { "type": "Point", "coordinates": [ -87.7797215, 14.50471822 ] } },
{ "type": "Feature", "properties": { "Latitud Origen": 14.51033333, "Longitud Origen": -88.4767083, "Usuario Origen": "Bertha Isabel Cáceres Flores", "field_4": null, "field_5": null, "field_6": null, "field_7": null }, "geometry": { "type": "Point", "coordinates": [ -88.4767083, 14.51033333 ] } },
{ "type": "Feature", "properties": { "Latitud Origen": 14.51060733, "Longitud Origen": -87.7395311, "Usuario Origen": "Bertha Isabel Cáceres Flores", "field_4": null, "field_5": null, "field_6": null, "field_7": null }, "geometry": { "type": "Point", "coordinates": [ -87.7395311, 14.51060733 ] } },
{ "type": "Feature", "properties": { "Latitud Origen": 14.52441667, "Longitud Origen": -88.0898333, "Usuario Origen": "Bertha Isabel Cáceres Flores", "field_4": null, "field_5": null, "field_6": null, "field_7": null }, "geometry": { "type": "Point", "coordinates": [ -88.0898333, 14.52441667 ] } },
{ "type": "Feature", "properties": { "Latitud Origen": 14.53044444, "Longitud Origen": -87.7908333, "Usuario Origen": "Bertha Isabel Cáceres Flores", "field_4": null, "field_5": null, "field_6": null, "field_7": null }, "geometry": { "type": "Point", "coordinates": [ -87.7908333, 14.53044444 ] } },
{ "type": "Feature", "properties": { "Latitud Origen": 14.53336111, "Longitud Origen": -87.8016667, "Usuario Origen": "Bertha Isabel Cáceres Flores", "field_4": null, "field_5": null, "field_6": null, "field_7": null }, "geometry": { "type": "Point", "coordinates": [ -87.8016667, 14.53336111 ] } },
{ "type": "Feature", "properties": { "Latitud Origen": 14.55052688, "Longitud Origen": -87.8249729, "Usuario Origen": "Bertha Isabel Cáceres Flores", "field_4": null, "field_5": null, "field_6": null, "field_7": null }, "geometry": { "type": "Point", "coordinates": [ -87.8249729, 14.55052688 ] } },
{ "type": "Feature", "properties": { "Latitud Origen": 14.55291667, "Longitud Origen": -88.2971389, "Usuario Origen": "Bertha Isabel Cáceres Flores", "field_4": null, "field_5": null, "field_6": null, "field_7": null }, "geometry": { "type": "Point", "coordinates": [ -88.2971389, 14.55291667 ] } },
{ "type": "Feature", "properties": { "Latitud Origen": 14.56302649, "Longitud Origen": -88.9073571, "Usuario Origen": "Bertha Isabel Cáceres Flores", "field_4": null, "field_5": null, "field_6": null, "field_7": null }, "geometry": { "type": "Point", "coordinates": [ -88.9073571, 14.56302649 ] } },
{ "type": "Feature", "properties": { "Latitud Origen": 14.56794444, "Longitud Origen": -87.8972194, "Usuario Origen": "Bertha Isabel Cáceres Flores", "field_4": null, "field_5": null, "field_6": null, "field_7": null }, "geometry": { "type": "Point", "coordinates": [ -87.8972194, 14.56794444 ] } },
{ "type": "Feature", "properties": { "Latitud Origen": 14.57077778, "Longitud Origen": -87.95125, "Usuario Origen": "Bertha Isabel Cáceres Flores", "field_4": null, "field_5": null, "field_6": null, "field_7": null }, "geometry": { "type": "Point", "coordinates": [ -87.95125, 14.57077778 ] } },
{ "type": "Feature", "properties": { "Latitud Origen": 14.5785, "Longitud Origen": -87.8415, "Usuario Origen": "Bertha Isabel Cáceres Flores", "field_4": null, "field_5": null, "field_6": null, "field_7": null }, "geometry": { "type": "Point", "coordinates": [ -87.8415, 14.5785 ] } },
{ "type": "Feature", "properties": { "Latitud Origen": 14.58680556, "Longitud Origen": -87.8546111, "Usuario Origen": "Bertha Isabel Cáceres Flores", "field_4": null, "field_5": null, "field_6": null, "field_7": null }, "geometry": { "type": "Point", "coordinates": [ -87.8546111, 14.58680556 ] } },
{ "type": "Feature", "properties": { "Latitud Origen": 14.58688889, "Longitud Origen": -87.8426389, "Usuario Origen": "Bertha Isabel Cáceres Flores", "field_4": null, "field_5": null, "field_6": null, "field_7": null }, "geometry": { "type": "Point", "coordinates": [ -87.8426389, 14.58688889 ] } },
{ "type": "Feature", "properties": { "Latitud Origen": 14.58824874, "Longitud Origen": -88.5820285, "Usuario Origen": "Bertha Isabel Cáceres Flores", "field_4": null, "field_5": null, "field_6": null, "field_7": null }, "geometry": { "type": "Point", "coordinates": [ -88.5820285, 14.58824874 ] } },
{ "type": "Feature", "properties": { "Latitud Origen": 14.58925, "Longitud Origen": -87.8360556, "Usuario Origen": "Bertha Isabel Cáceres Flores", "field_4": null, "field_5": null, "field_6": null, "field_7": null }, "geometry": { "type": "Point", "coordinates": [ -87.8360556, 14.58925 ] } },
{ "type": "Feature", "properties": { "Latitud Origen": 14.58925278, "Longitud Origen": -87.8360417, "Usuario Origen": "Bertha Isabel Cáceres Flores", "field_4": null, "field_5": null, "field_6": null, "field_7": null }, "geometry": { "type": "Point", "coordinates": [ -87.8360417, 14.58925278 ] } },
{ "type": "Feature", "properties": { "Latitud Origen": 14.59166389, "Longitud Origen": -88.5913333, "Usuario Origen": "Bertha Isabel Cáceres Flores", "field_4": null, "field_5": null, "field_6": null, "field_7": null }, "geometry": { "type": "Point", "coordinates": [ -88.5913333, 14.59166389 ] } },
{ "type": "Feature", "properties": { "Latitud Origen": 14.5936329, "Longitud Origen": -87.8301371, "Usuario Origen": "Bertha Isabel Cáceres Flores", "field_4": null, "field_5": null, "field_6": null, "field_7": null }, "geometry": { "type": "Point", "coordinates": [ -87.8301371, 14.5936329 ] } },
{ "type": "Feature", "properties": { "Latitud Origen": 14.59472222, "Longitud Origen": -87.8170278, "Usuario Origen": "Bertha Isabel Cáceres Flores", "field_4": null, "field_5": null, "field_6": null, "field_7": null }, "geometry": { "type": "Point", "coordinates": [ -87.8170278, 14.59472222 ] } },
{ "type": "Feature", "properties": { "Latitud Origen": 14.59636111, "Longitud Origen": -87.8466944, "Usuario Origen": "Bertha Isabel Cáceres Flores", "field_4": null, "field_5": null, "field_6": null, "field_7": null }, "geometry": { "type": "Point", "coordinates": [ -87.8466944, 14.59636111 ] } },
{ "type": "Feature", "properties": { "Latitud Origen": 14.59703056, "Longitud Origen": -87.8355833, "Usuario Origen": "Bertha Isabel Cáceres Flores", "field_4": null, "field_5": null, "field_6": null, "field_7": null }, "geometry": { "type": "Point", "coordinates": [ -87.8355833, 14.59703056 ] } },
{ "type": "Feature", "properties": { "Latitud Origen": 14.59703192, "Longitud Origen": -87.8355861, "Usuario Origen": "Bertha Isabel Cáceres Flores", "field_4": null, "field_5": null, "field_6": null, "field_7": null }, "geometry": { "type": "Point", "coordinates": [ -87.8355861, 14.59703192 ] } },
{ "type": "Feature", "properties": { "Latitud Origen": 14.59813755, "Longitud Origen": -88.57653, "Usuario Origen": "Bertha Isabel Cáceres Flores", "field_4": null, "field_5": null, "field_6": null, "field_7": null }, "geometry": { "type": "Point", "coordinates": [ -88.57653, 14.59813755 ] } },
{ "type": "Feature", "properties": { "Latitud Origen": 14.60086111, "Longitud Origen": -87.8683611, "Usuario Origen": "Bertha Isabel Cáceres Flores", "field_4": null, "field_5": null, "field_6": null, "field_7": null }, "geometry": { "type": "Point", "coordinates": [ -87.8683611, 14.60086111 ] } },
{ "type": "Feature", "properties": { "Latitud Origen": 14.60202778, "Longitud Origen": -87.8311667, "Usuario Origen": "Bertha Isabel Cáceres Flores", "field_4": null, "field_5": null, "field_6": null, "field_7": null }, "geometry": { "type": "Point", "coordinates": [ -87.8311667, 14.60202778 ] } },
{ "type": "Feature", "properties": { "Latitud Origen": 14.60602, "Longitud Origen": -88.8539, "Usuario Origen": "Bertha Isabel Cáceres Flores", "field_4": null, "field_5": null, "field_6": null, "field_7": null }, "geometry": { "type": "Point", "coordinates": [ -88.8539, 14.60602 ] } },
{ "type": "Feature", "properties": { "Latitud Origen": 14.60616667, "Longitud Origen": -87.8292778, "Usuario Origen": "Bertha Isabel Cáceres Flores", "field_4": null, "field_5": null, "field_6": null, "field_7": null }, "geometry": { "type": "Point", "coordinates": [ -87.8292778, 14.60616667 ] } },
{ "type": "Feature", "properties": { "Latitud Origen": 14.6116376, "Longitud Origen": -87.8237242, "Usuario Origen": "Bertha Isabel Cáceres Flores", "field_4": null, "field_5": null, "field_6": null, "field_7": null }, "geometry": { "type": "Point", "coordinates": [ -87.8237242, 14.6116376 ] } },
{ "type": "Feature", "properties": { "Latitud Origen": 14.62411111, "Longitud Origen": -87.8874722, "Usuario Origen": "Bertha Isabel Cáceres Flores", "field_4": null, "field_5": null, "field_6": null, "field_7": null }, "geometry": { "type": "Point", "coordinates": [ -87.8874722, 14.62411111 ] } },
{ "type": "Feature", "properties": { "Latitud Origen": 14.64391667, "Longitud Origen": -87.8027222, "Usuario Origen": "Bertha Isabel Cáceres Flores", "field_4": null, "field_5": null, "field_6": null, "field_7": null }, "geometry": { "type": "Point", "coordinates": [ -87.8027222, 14.64391667 ] } },
{ "type": "Feature", "properties": { "Latitud Origen": 14.64725, "Longitud Origen": -87.9065556, "Usuario Origen": "Bertha Isabel Cáceres Flores", "field_4": null, "field_5": null, "field_6": null, "field_7": null }, "geometry": { "type": "Point", "coordinates": [ -87.9065556, 14.64725 ] } },
{ "type": "Feature", "properties": { "Latitud Origen": 14.65544578, "Longitud Origen": -88.0039698, "Usuario Origen": "Bertha Isabel Cáceres Flores", "field_4": null, "field_5": null, "field_6": null, "field_7": null }, "geometry": { "type": "Point", "coordinates": [ -88.0039698, 14.65544578 ] } },
{ "type": "Feature", "properties": { "Latitud Origen": 14.65597042, "Longitud Origen": -88.8721427, "Usuario Origen": "Bertha Isabel Cáceres Flores", "field_4": null, "field_5": null, "field_6": null, "field_7": null }, "geometry": { "type": "Point", "coordinates": [ -88.8721427, 14.65597042 ] } },
{ "type": "Feature", "properties": { "Latitud Origen": 14.65602778, "Longitud Origen": -87.9404722, "Usuario Origen": "Bertha Isabel Cáceres Flores", "field_4": null, "field_5": null, "field_6": null, "field_7": null }, "geometry": { "type": "Point", "coordinates": [ -87.9404722, 14.65602778 ] } },
{ "type": "Feature", "properties": { "Latitud Origen": 14.66122222, "Longitud Origen": -87.9473611, "Usuario Origen": "Bertha Isabel Cáceres Flores", "field_4": null, "field_5": null, "field_6": null, "field_7": null }, "geometry": { "type": "Point", "coordinates": [ -87.9473611, 14.66122222 ] } },
{ "type": "Feature", "properties": { "Latitud Origen": 14.67439014, "Longitud Origen": -88.8033872, "Usuario Origen": "Bertha Isabel Cáceres Flores", "field_4": null, "field_5": null, "field_6": null, "field_7": null }, "geometry": { "type": "Point", "coordinates": [ -88.8033872, 14.67439014 ] } },
{ "type": "Feature", "properties": { "Latitud Origen": 14.70239735, "Longitud Origen": -87.9665036, "Usuario Origen": "Bertha Isabel Cáceres Flores", "field_4": null, "field_5": null, "field_6": null, "field_7": null }, "geometry": { "type": "Point", "coordinates": [ -87.9665036, 14.70239735 ] } },
{ "type": "Feature", "properties": { "Latitud Origen": 14.714248, "Longitud Origen": -88.107758, "Usuario Origen": "Bertha Isabel Cáceres Flores", "field_4": null, "field_5": null, "field_6": null, "field_7": null }, "geometry": { "type": "Point", "coordinates": [ -88.107758, 14.714248 ] } },
{ "type": "Feature", "properties": { "Latitud Origen": 14.72683333, "Longitud Origen": -87.9986944, "Usuario Origen": "Bertha Isabel Cáceres Flores", "field_4": null, "field_5": null, "field_6": null, "field_7": null }, "geometry": { "type": "Point", "coordinates": [ -87.9986944, 14.72683333 ] } },
{ "type": "Feature", "properties": { "Latitud Origen": 14.72777849, "Longitud Origen": -87.9008372, "Usuario Origen": "Bertha Isabel Cáceres Flores", "field_4": null, "field_5": null, "field_6": null, "field_7": null }, "geometry": { "type": "Point", "coordinates": [ -87.9008372, 14.72777849 ] } },
{ "type": "Feature", "properties": { "Latitud Origen": 14.72976413, "Longitud Origen": -87.963921, "Usuario Origen": "Bertha Isabel Cáceres Flores", "field_4": null, "field_5": null, "field_6": null, "field_7": null }, "geometry": { "type": "Point", "coordinates": [ -87.963921, 14.72976413 ] } },
{ "type": "Feature", "properties": { "Latitud Origen": 14.74613709, "Longitud Origen": -88.1907743, "Usuario Origen": "Bertha Isabel Cáceres Flores", "field_4": null, "field_5": null, "field_6": null, "field_7": null }, "geometry": { "type": "Point", "coordinates": [ -88.1907743, 14.74613709 ] } },
{ "type": "Feature", "properties": { "Latitud Origen": 14.75311111, "Longitud Origen": -87.95725, "Usuario Origen": "Bertha Isabel Cáceres Flores", "field_4": null, "field_5": null, "field_6": null, "field_7": null }, "geometry": { "type": "Point", "coordinates": [ -87.95725, 14.75311111 ] } },
{ "type": "Feature", "properties": { "Latitud Origen": 14.75502778, "Longitud Origen": -88.7733889, "Usuario Origen": "Bertha Isabel Cáceres Flores", "field_4": null, "field_5": null, "field_6": null, "field_7": null }, "geometry": { "type": "Point", "coordinates": [ -88.7733889, 14.75502778 ] } },
{ "type": "Feature", "properties": { "Latitud Origen": 14.75658411, "Longitud Origen": -88.1077262, "Usuario Origen": "Bertha Isabel Cáceres Flores", "field_4": null, "field_5": null, "field_6": null, "field_7": null }, "geometry": { "type": "Point", "coordinates": [ -88.1077262, 14.75658411 ] } },
{ "type": "Feature", "properties": { "Latitud Origen": 14.76008075, "Longitud Origen": -88.7876826, "Usuario Origen": "Bertha Isabel Cáceres Flores", "field_4": null, "field_5": null, "field_6": null, "field_7": null }, "geometry": { "type": "Point", "coordinates": [ -88.7876826, 14.76008075 ] } },
{ "type": "Feature", "properties": { "Latitud Origen": 14.76572222, "Longitud Origen": -87.9607222, "Usuario Origen": "Bertha Isabel Cáceres Flores", "field_4": null, "field_5": null, "field_6": null, "field_7": null }, "geometry": { "type": "Point", "coordinates": [ -87.9607222, 14.76572222 ] } },
{ "type": "Feature", "properties": { "Latitud Origen": 14.766396, "Longitud Origen": -88.775174, "Usuario Origen": "Bertha Isabel Cáceres Flores", "field_4": null, "field_5": null, "field_6": null, "field_7": null }, "geometry": { "type": "Point", "coordinates": [ -88.775174, 14.766396 ] } },
{ "type": "Feature", "properties": { "Latitud Origen": 14.78511013, "Longitud Origen": -88.625665, "Usuario Origen": "Bertha Isabel Cáceres Flores", "field_4": null, "field_5": null, "field_6": null, "field_7": null }, "geometry": { "type": "Point", "coordinates": [ -88.625665, 14.78511013 ] } },
{ "type": "Feature", "properties": { "Latitud Origen": 14.80358605, "Longitud Origen": -88.0147208, "Usuario Origen": "Bertha Isabel Cáceres Flores", "field_4": null, "field_5": null, "field_6": null, "field_7": null }, "geometry": { "type": "Point", "coordinates": [ -88.0147208, 14.80358605 ] } },
{ "type": "Feature", "properties": { "Latitud Origen": 14.80408333, "Longitud Origen": -88.156, "Usuario Origen": "Bertha Isabel Cáceres Flores", "field_4": null, "field_5": null, "field_6": null, "field_7": null }, "geometry": { "type": "Point", "coordinates": [ -88.156, 14.80408333 ] } },
{ "type": "Feature", "properties": { "Latitud Origen": 14.80838536, "Longitud Origen": -88.2027746, "Usuario Origen": "Bertha Isabel Cáceres Flores", "field_4": null, "field_5": null, "field_6": null, "field_7": null }, "geometry": { "type": "Point", "coordinates": [ -88.2027746, 14.80838536 ] } },
{ "type": "Feature", "properties": { "Latitud Origen": 14.8265, "Longitud Origen": -89.1544167, "Usuario Origen": "Bertha Isabel Cáceres Flores", "field_4": null, "field_5": null, "field_6": null, "field_7": null }, "geometry": { "type": "Point", "coordinates": [ -89.1544167, 14.8265 ] } },
{ "type": "Feature", "properties": { "Latitud Origen": 14.8310818, "Longitud Origen": -88.3559456, "Usuario Origen": "Bertha Isabel Cáceres Flores", "field_4": null, "field_5": null, "field_6": null, "field_7": null }, "geometry": { "type": "Point", "coordinates": [ -88.3559456, 14.8310818 ] } },
{ "type": "Feature", "properties": { "Latitud Origen": 14.83799722, "Longitud Origen": -87.9517667, "Usuario Origen": "Bertha Isabel Cáceres Flores", "field_4": null, "field_5": null, "field_6": null, "field_7": null }, "geometry": { "type": "Point", "coordinates": [ -87.9517667, 14.83799722 ] } },
{ "type": "Feature", "properties": { "Latitud Origen": 14.83848597, "Longitud Origen": -89.1548197, "Usuario Origen": "Bertha Isabel Cáceres Flores", "field_4": null, "field_5": null, "field_6": null, "field_7": null }, "geometry": { "type": "Point", "coordinates": [ -89.1548197, 14.83848597 ] } },
{ "type": "Feature", "properties": { "Latitud Origen": 14.84682898, "Longitud Origen": -88.2946361, "Usuario Origen": "Bertha Isabel Cáceres Flores", "field_4": null, "field_5": null, "field_6": null, "field_7": null }, "geometry": { "type": "Point", "coordinates": [ -88.2946361, 14.84682898 ] } },
{ "type": "Feature", "properties": { "Latitud Origen": 14.85191413, "Longitud Origen": -89.1597507, "Usuario Origen": "Bertha Isabel Cáceres Flores", "field_4": null, "field_5": null, "field_6": null, "field_7": null }, "geometry": { "type": "Point", "coordinates": [ -89.1597507, 14.85191413 ] } },
{ "type": "Feature", "properties": { "Latitud Origen": 14.85238889, "Longitud Origen": -89.1177778, "Usuario Origen": "Bertha Isabel Cáceres Flores", "field_4": null, "field_5": null, "field_6": null, "field_7": null }, "geometry": { "type": "Point", "coordinates": [ -89.1177778, 14.85238889 ] } },
{ "type": "Feature", "properties": { "Latitud Origen": 14.85663889, "Longitud Origen": -87.9545556, "Usuario Origen": "Bertha Isabel Cáceres Flores", "field_4": null, "field_5": null, "field_6": null, "field_7": null }, "geometry": { "type": "Point", "coordinates": [ -87.9545556, 14.85663889 ] } },
{ "type": "Feature", "properties": { "Latitud Origen": 14.8594391, "Longitud Origen": -89.0774552, "Usuario Origen": "Bertha Isabel Cáceres Flores", "field_4": null, "field_5": null, "field_6": null, "field_7": null }, "geometry": { "type": "Point", "coordinates": [ -89.0774552, 14.8594391 ] } },
{ "type": "Feature", "properties": { "Latitud Origen": 14.88744444, "Longitud Origen": -87.9397222, "Usuario Origen": "Bertha Isabel Cáceres Flores", "field_4": null, "field_5": null, "field_6": null, "field_7": null }, "geometry": { "type": "Point", "coordinates": [ -87.9397222, 14.88744444 ] } },
{ "type": "Feature", "properties": { "Latitud Origen": 14.90146826, "Longitud Origen": -87.9337497, "Usuario Origen": "Bertha Isabel Cáceres Flores", "field_4": null, "field_5": null, "field_6": null, "field_7": null }, "geometry": { "type": "Point", "coordinates": [ -87.9337497, 14.90146826 ] } },
{ "type": "Feature", "properties": { "Latitud Origen": 14.91176239, "Longitud Origen": -88.2433478, "Usuario Origen": "Bertha Isabel Cáceres Flores", "field_4": null, "field_5": null, "field_6": null, "field_7": null }, "geometry": { "type": "Point", "coordinates": [ -88.2433478, 14.91176239 ] } },
{ "type": "Feature", "properties": { "Latitud Origen": 14.919182, "Longitud Origen": -88.23618, "Usuario Origen": "Bertha Isabel Cáceres Flores", "field_4": null, "field_5": null, "field_6": null, "field_7": null }, "geometry": { "type": "Point", "coordinates": [ -88.23618, 14.919182 ] } },
{ "type": "Feature", "properties": { "Latitud Origen": 14.92522222, "Longitud Origen": -88.9291667, "Usuario Origen": "Bertha Isabel Cáceres Flores", "field_4": null, "field_5": null, "field_6": null, "field_7": null }, "geometry": { "type": "Point", "coordinates": [ -88.9291667, 14.92522222 ] } },
{ "type": "Feature", "properties": { "Latitud Origen": 14.92613889, "Longitud Origen": -88.2408333, "Usuario Origen": "Bertha Isabel Cáceres Flores", "field_4": null, "field_5": null, "field_6": null, "field_7": null }, "geometry": { "type": "Point", "coordinates": [ -88.2408333, 14.92613889 ] } },
{ "type": "Feature", "properties": { "Latitud Origen": 14.92944836, "Longitud Origen": -87.9566701, "Usuario Origen": "Bertha Isabel Cáceres Flores", "field_4": null, "field_5": null, "field_6": null, "field_7": null }, "geometry": { "type": "Point", "coordinates": [ -87.9566701, 14.92944836 ] } },
{ "type": "Feature", "properties": { "Latitud Origen": 14.93325, "Longitud Origen": -88.9576667, "Usuario Origen": "Bertha Isabel Cáceres Flores", "field_4": null, "field_5": null, "field_6": null, "field_7": null }, "geometry": { "type": "Point", "coordinates": [ -88.9576667, 14.93325 ] } },
{ "type": "Feature", "properties": { "Latitud Origen": 14.95741667, "Longitud Origen": -88.2317222, "Usuario Origen": "Bertha Isabel Cáceres Flores", "field_4": null, "field_5": null, "field_6": null, "field_7": null }, "geometry": { "type": "Point", "coordinates": [ -88.2317222, 14.95741667 ] } },
{ "type": "Feature", "properties": { "Latitud Origen": 14.96288, "Longitud Origen": -88.025174, "Usuario Origen": "Bertha Isabel Cáceres Flores", "field_4": null, "field_5": null, "field_6": null, "field_7": null }, "geometry": { "type": "Point", "coordinates": [ -88.025174, 14.96288 ] } },
{ "type": "Feature", "properties": { "Latitud Origen": 14.97472313, "Longitud Origen": -88.875032, "Usuario Origen": "Bertha Isabel Cáceres Flores", "field_4": null, "field_5": null, "field_6": null, "field_7": null }, "geometry": { "type": "Point", "coordinates": [ -88.875032, 14.97472313 ] } },
{ "type": "Feature", "properties": { "Latitud Origen": 14.97755833, "Longitud Origen": -87.8824722, "Usuario Origen": "Bertha Isabel Cáceres Flores", "field_4": null, "field_5": null, "field_6": null, "field_7": null }, "geometry": { "type": "Point", "coordinates": [ -87.8824722, 14.97755833 ] } },
{ "type": "Feature", "properties": { "Latitud Origen": 14.980278, "Longitud Origen": -87.891944, "Usuario Origen": "Bertha Isabel Cáceres Flores", "field_4": null, "field_5": null, "field_6": null, "field_7": null }, "geometry": { "type": "Point", "coordinates": [ -87.891944, 14.980278 ] } },
{ "type": "Feature", "properties": { "Latitud Origen": 14.98194378, "Longitud Origen": -87.9772212, "Usuario Origen": "Bertha Isabel Cáceres Flores", "field_4": null, "field_5": null, "field_6": null, "field_7": null }, "geometry": { "type": "Point", "coordinates": [ -87.9772212, 14.98194378 ] } },
{ "type": "Feature", "properties": { "Latitud Origen": 14.98441667, "Longitud Origen": -87.92925, "Usuario Origen": "Bertha Isabel Cáceres Flores", "field_4": null, "field_5": null, "field_6": null, "field_7": null }, "geometry": { "type": "Point", "coordinates": [ -87.92925, 14.98441667 ] } },
{ "type": "Feature", "properties": { "Latitud Origen": 14.98888889, "Longitud Origen": -88.8495833, "Usuario Origen": "Bertha Isabel Cáceres Flores", "field_4": null, "field_5": null, "field_6": null, "field_7": null }, "geometry": { "type": "Point", "coordinates": [ -88.8495833, 14.98888889 ] } },
{ "type": "Feature", "properties": { "Latitud Origen": 15.00963889, "Longitud Origen": -87.9281389, "Usuario Origen": "Bertha Isabel Cáceres Flores", "field_4": null, "field_5": null, "field_6": null, "field_7": null }, "geometry": { "type": "Point", "coordinates": [ -87.9281389, 15.00963889 ] } },
{ "type": "Feature", "properties": { "Latitud Origen": 15.01836111, "Longitud Origen": -88.0, "Usuario Origen": "Bertha Isabel Cáceres Flores", "field_4": null, "field_5": null, "field_6": null, "field_7": null }, "geometry": { "type": "Point", "coordinates": [ -88.0, 15.01836111 ] } },
{ "type": "Feature", "properties": { "Latitud Origen": 15.02374995, "Longitud Origen": -88.8450814, "Usuario Origen": "Bertha Isabel Cáceres Flores", "field_4": null, "field_5": null, "field_6": null, "field_7": null }, "geometry": { "type": "Point", "coordinates": [ -88.8450814, 15.02374995 ] } },
{ "type": "Feature", "properties": { "Latitud Origen": 15.04139081, "Longitud Origen": -87.9866372, "Usuario Origen": "Bertha Isabel Cáceres Flores", "field_4": null, "field_5": null, "field_6": null, "field_7": null }, "geometry": { "type": "Point", "coordinates": [ -87.9866372, 15.04139081 ] } },
{ "type": "Feature", "properties": { "Latitud Origen": 15.0439435, "Longitud Origen": -87.9323319, "Usuario Origen": "Bertha Isabel Cáceres Flores", "field_4": null, "field_5": null, "field_6": null, "field_7": null }, "geometry": { "type": "Point", "coordinates": [ -87.9323319, 15.0439435 ] } },
{ "type": "Feature", "properties": { "Latitud Origen": 15.04435, "Longitud Origen": -88.30527, "Usuario Origen": "Bertha Isabel Cáceres Flores", "field_4": null, "field_5": null, "field_6": null, "field_7": null }, "geometry": { "type": "Point", "coordinates": [ -88.30527, 15.04435 ] } },
{ "type": "Feature", "properties": { "Latitud Origen": 15.05785682, "Longitud Origen": -88.2515868, "Usuario Origen": "Bertha Isabel Cáceres Flores", "field_4": null, "field_5": null, "field_6": null, "field_7": null }, "geometry": { "type": "Point", "coordinates": [ -88.2515868, 15.05785682 ] } },
{ "type": "Feature", "properties": { "Latitud Origen": 15.05919036, "Longitud Origen": -88.7520025, "Usuario Origen": "Bertha Isabel Cáceres Flores", "field_4": null, "field_5": null, "field_6": null, "field_7": null }, "geometry": { "type": "Point", "coordinates": [ -88.7520025, 15.05919036 ] } },
{ "type": "Feature", "properties": { "Latitud Origen": 15.06453611, "Longitud Origen": -88.7499167, "Usuario Origen": "Bertha Isabel Cáceres Flores", "field_4": null, "field_5": null, "field_6": null, "field_7": null }, "geometry": { "type": "Point", "coordinates": [ -88.7499167, 15.06453611 ] } },
{ "type": "Feature", "properties": { "Latitud Origen": 15.06453866, "Longitud Origen": -88.7499071, "Usuario Origen": "Bertha Isabel Cáceres Flores", "field_4": null, "field_5": null, "field_6": null, "field_7": null }, "geometry": { "type": "Point", "coordinates": [ -88.7499071, 15.06453866 ] } },
{ "type": "Feature", "properties": { "Latitud Origen": 15.06855556, "Longitud Origen": -88.7454694, "Usuario Origen": "Bertha Isabel Cáceres Flores", "field_4": null, "field_5": null, "field_6": null, "field_7": null }, "geometry": { "type": "Point", "coordinates": [ -88.7454694, 15.06855556 ] } },
{ "type": "Feature", "properties": { "Latitud Origen": 15.07063967, "Longitud Origen": -88.6811966, "Usuario Origen": "Bertha Isabel Cáceres Flores", "field_4": null, "field_5": null, "field_6": null, "field_7": null }, "geometry": { "type": "Point", "coordinates": [ -88.6811966, 15.07063967 ] } },
{ "type": "Feature", "properties": { "Latitud Origen": 15.09183333, "Longitud Origen": -87.9253889, "Usuario Origen": "Bertha Isabel Cáceres Flores", "field_4": null, "field_5": null, "field_6": null, "field_7": null }, "geometry": { "type": "Point", "coordinates": [ -87.9253889, 15.09183333 ] } },
{ "type": "Feature", "properties": { "Latitud Origen": 15.11683333, "Longitud Origen": -88.6358889, "Usuario Origen": "Bertha Isabel Cáceres Flores", "field_4": null, "field_5": null, "field_6": null, "field_7": null }, "geometry": { "type": "Point", "coordinates": [ -88.6358889, 15.11683333 ] } },
{ "type": "Feature", "properties": { "Latitud Origen": 15.13325, "Longitud Origen": -87.909, "Usuario Origen": "Bertha Isabel Cáceres Flores", "field_4": null, "field_5": null, "field_6": null, "field_7": null }, "geometry": { "type": "Point", "coordinates": [ -87.909, 15.13325 ] } },
{ "type": "Feature", "properties": { "Latitud Origen": 15.15679445, "Longitud Origen": -87.8701917, "Usuario Origen": "Bertha Isabel Cáceres Flores", "field_4": null, "field_5": null, "field_6": null, "field_7": null }, "geometry": { "type": "Point", "coordinates": [ -87.8701917, 15.15679445 ] } },
{ "type": "Feature", "properties": { "Latitud Origen": 15.16185602, "Longitud Origen": -88.3498883, "Usuario Origen": "Bertha Isabel Cáceres Flores", "field_4": null, "field_5": null, "field_6": null, "field_7": null }, "geometry": { "type": "Point", "coordinates": [ -88.3498883, 15.16185602 ] } },
{ "type": "Feature", "properties": { "Latitud Origen": 15.16419444, "Longitud Origen": -87.9520278, "Usuario Origen": "Bertha Isabel Cáceres Flores", "field_4": null, "field_5": null, "field_6": null, "field_7": null }, "geometry": { "type": "Point", "coordinates": [ -87.9520278, 15.16419444 ] } },
{ "type": "Feature", "properties": { "Latitud Origen": 15.19441667, "Longitud Origen": -88.64275, "Usuario Origen": "Bertha Isabel Cáceres Flores", "field_4": null, "field_5": null, "field_6": null, "field_7": null }, "geometry": { "type": "Point", "coordinates": [ -88.64275, 15.19441667 ] } },
{ "type": "Feature", "properties": { "Latitud Origen": 15.19680102, "Longitud Origen": -87.8670999, "Usuario Origen": "Bertha Isabel Cáceres Flores", "field_4": null, "field_5": null, "field_6": null, "field_7": null }, "geometry": { "type": "Point", "coordinates": [ -87.8670999, 15.19680102 ] } },
{ "type": "Feature", "properties": { "Latitud Origen": 15.19766667, "Longitud Origen": -87.9634722, "Usuario Origen": "Bertha Isabel Cáceres Flores", "field_4": null, "field_5": null, "field_6": null, "field_7": null }, "geometry": { "type": "Point", "coordinates": [ -87.9634722, 15.19766667 ] } },
{ "type": "Feature", "properties": { "Latitud Origen": 15.19813889, "Longitud Origen": -87.88025, "Usuario Origen": "Bertha Isabel Cáceres Flores", "field_4": null, "field_5": null, "field_6": null, "field_7": null }, "geometry": { "type": "Point", "coordinates": [ -87.88025, 15.19813889 ] } },
{ "type": "Feature", "properties": { "Latitud Origen": 15.204, "Longitud Origen": -87.8896667, "Usuario Origen": "Bertha Isabel Cáceres Flores", "field_4": null, "field_5": null, "field_6": null, "field_7": null }, "geometry": { "type": "Point", "coordinates": [ -87.8896667, 15.204 ] } },
{ "type": "Feature", "properties": { "Latitud Origen": 15.20625, "Longitud Origen": -87.8819167, "Usuario Origen": "Bertha Isabel Cáceres Flores", "field_4": null, "field_5": null, "field_6": null, "field_7": null }, "geometry": { "type": "Point", "coordinates": [ -87.8819167, 15.20625 ] } },
{ "type": "Feature", "properties": { "Latitud Origen": 15.212822, "Longitud Origen": -88.03621, "Usuario Origen": "Bertha Isabel Cáceres Flores", "field_4": null, "field_5": null, "field_6": null, "field_7": null }, "geometry": { "type": "Point", "coordinates": [ -88.03621, 15.212822 ] } },
{ "type": "Feature", "properties": { "Latitud Origen": 15.21534691, "Longitud Origen": -88.5981851, "Usuario Origen": "Bertha Isabel Cáceres Flores", "field_4": null, "field_5": null, "field_6": null, "field_7": null }, "geometry": { "type": "Point", "coordinates": [ -88.5981851, 15.21534691 ] } },
{ "type": "Feature", "properties": { "Latitud Origen": 15.23005565, "Longitud Origen": -87.9613949, "Usuario Origen": "Bertha Isabel Cáceres Flores", "field_4": null, "field_5": null, "field_6": null, "field_7": null }, "geometry": { "type": "Point", "coordinates": [ -87.9613949, 15.23005565 ] } },
{ "type": "Feature", "properties": { "Latitud Origen": 15.25080282, "Longitud Origen": -88.5635793, "Usuario Origen": "Bertha Isabel Cáceres Flores", "field_4": null, "field_5": null, "field_6": null, "field_7": null }, "geometry": { "type": "Point", "coordinates": [ -88.5635793, 15.25080282 ] } },
{ "type": "Feature", "properties": { "Latitud Origen": 15.27447222, "Longitud Origen": -87.9729722, "Usuario Origen": "Bertha Isabel Cáceres Flores", "field_4": null, "field_5": null, "field_6": null, "field_7": null }, "geometry": { "type": "Point", "coordinates": [ -87.9729722, 15.27447222 ] } },
{ "type": "Feature", "properties": { "Latitud Origen": 15.27602778, "Longitud Origen": -87.8608611, "Usuario Origen": "Bertha Isabel Cáceres Flores", "field_4": null, "field_5": null, "field_6": null, "field_7": null }, "geometry": { "type": "Point", "coordinates": [ -87.8608611, 15.27602778 ] } },
{ "type": "Feature", "properties": { "Latitud Origen": 15.27873056, "Longitud Origen": -87.9603401, "Usuario Origen": "Bertha Isabel Cáceres Flores", "field_4": null, "field_5": null, "field_6": null, "field_7": null }, "geometry": { "type": "Point", "coordinates": [ -87.9603401, 15.27873056 ] } },
{ "type": "Feature", "properties": { "Latitud Origen": 15.28930556, "Longitud Origen": -87.9776944, "Usuario Origen": "Bertha Isabel Cáceres Flores", "field_4": null, "field_5": null, "field_6": null, "field_7": null }, "geometry": { "type": "Point", "coordinates": [ -87.9776944, 15.28930556 ] } },
{ "type": "Feature", "properties": { "Latitud Origen": 15.30133333, "Longitud Origen": -88.3570556, "Usuario Origen": "Bertha Isabel Cáceres Flores", "field_4": null, "field_5": null, "field_6": null, "field_7": null }, "geometry": { "type": "Point", "coordinates": [ -88.3570556, 15.30133333 ] } },
{ "type": "Feature", "properties": { "Latitud Origen": 15.30661111, "Longitud Origen": -87.8358056, "Usuario Origen": "Bertha Isabel Cáceres Flores", "field_4": null, "field_5": null, "field_6": null, "field_7": null }, "geometry": { "type": "Point", "coordinates": [ -87.8358056, 15.30661111 ] } },
{ "type": "Feature", "properties": { "Latitud Origen": 15.313061, "Longitud Origen": -87.9716366, "Usuario Origen": "Bertha Isabel Cáceres Flores", "field_4": null, "field_5": null, "field_6": null, "field_7": null }, "geometry": { "type": "Point", "coordinates": [ -87.9716366, 15.313061 ] } },
{ "type": "Feature", "properties": { "Latitud Origen": 15.34052778, "Longitud Origen": -87.8048056, "Usuario Origen": "Bertha Isabel Cáceres Flores", "field_4": null, "field_5": null, "field_6": null, "field_7": null }, "geometry": { "type": "Point", "coordinates": [ -87.8048056, 15.34052778 ] } },
{ "type": "Feature", "properties": { "Latitud Origen": 15.36062, "Longitud Origen": -87.80222, "Usuario Origen": "Bertha Isabel Cáceres Flores", "field_4": null, "field_5": null, "field_6": null, "field_7": null }, "geometry": { "type": "Point", "coordinates": [ -87.80222, 15.36062 ] } },
{ "type": "Feature", "properties": { "Latitud Origen": 15.36777641, "Longitud Origen": -88.4327801, "Usuario Origen": "Bertha Isabel Cáceres Flores", "field_4": null, "field_5": null, "field_6": null, "field_7": null }, "geometry": { "type": "Point", "coordinates": [ -88.4327801, 15.36777641 ] } },
{ "type": "Feature", "properties": { "Latitud Origen": 15.36802778, "Longitud Origen": -87.9859444, "Usuario Origen": "Bertha Isabel Cáceres Flores", "field_4": null, "field_5": null, "field_6": null, "field_7": null }, "geometry": { "type": "Point", "coordinates": [ -87.9859444, 15.36802778 ] } },
{ "type": "Feature", "properties": { "Latitud Origen": 15.37638889, "Longitud Origen": -87.8975, "Usuario Origen": "Bertha Isabel Cáceres Flores", "field_4": null, "field_5": null, "field_6": null, "field_7": null }, "geometry": { "type": "Point", "coordinates": [ -87.8975, 15.37638889 ] } },
{ "type": "Feature", "properties": { "Latitud Origen": 15.383022, "Longitud Origen": -87.80062, "Usuario Origen": "Bertha Isabel Cáceres Flores", "field_4": null, "field_5": null, "field_6": null, "field_7": null }, "geometry": { "type": "Point", "coordinates": [ -87.80062, 15.383022 ] } },
{ "type": "Feature", "properties": { "Latitud Origen": 15.38369223, "Longitud Origen": -87.8055524, "Usuario Origen": "Bertha Isabel Cáceres Flores", "field_4": null, "field_5": null, "field_6": null, "field_7": null }, "geometry": { "type": "Point", "coordinates": [ -87.8055524, 15.38369223 ] } },
{ "type": "Feature", "properties": { "Latitud Origen": 15.38826944, "Longitud Origen": -87.8125111, "Usuario Origen": "Bertha Isabel Cáceres Flores", "field_4": null, "field_5": null, "field_6": null, "field_7": null }, "geometry": { "type": "Point", "coordinates": [ -87.8125111, 15.38826944 ] } },
{ "type": "Feature", "properties": { "Latitud Origen": 15.39147222, "Longitud Origen": -87.8120278, "Usuario Origen": "Bertha Isabel Cáceres Flores", "field_4": null, "field_5": null, "field_6": null, "field_7": null }, "geometry": { "type": "Point", "coordinates": [ -87.8120278, 15.39147222 ] } },
{ "type": "Feature", "properties": { "Latitud Origen": 15.39288889, "Longitud Origen": -87.7985833, "Usuario Origen": "Bertha Isabel Cáceres Flores", "field_4": null, "field_5": null, "field_6": null, "field_7": null }, "geometry": { "type": "Point", "coordinates": [ -87.7985833, 15.39288889 ] } },
{ "type": "Feature", "properties": { "Latitud Origen": 15.39622, "Longitud Origen": -87.8044, "Usuario Origen": "Bertha Isabel Cáceres Flores", "field_4": null, "field_5": null, "field_6": null, "field_7": null }, "geometry": { "type": "Point", "coordinates": [ -87.8044, 15.39622 ] } },
{ "type": "Feature", "properties": { "Latitud Origen": 15.39694091, "Longitud Origen": -87.7991923, "Usuario Origen": "Bertha Isabel Cáceres Flores", "field_4": null, "field_5": null, "field_6": null, "field_7": null }, "geometry": { "type": "Point", "coordinates": [ -87.7991923, 15.39694091 ] } },
{ "type": "Feature", "properties": { "Latitud Origen": 15.40077778, "Longitud Origen": -87.8065833, "Usuario Origen": "Bertha Isabel Cáceres Flores", "field_4": null, "field_5": null, "field_6": null, "field_7": null }, "geometry": { "type": "Point", "coordinates": [ -87.8065833, 15.40077778 ] } },
{ "type": "Feature", "properties": { "Latitud Origen": 15.402012, "Longitud Origen": -87.79559, "Usuario Origen": "Bertha Isabel Cáceres Flores", "field_4": null, "field_5": null, "field_6": null, "field_7": null }, "geometry": { "type": "Point", "coordinates": [ -87.79559, 15.402012 ] } },
{ "type": "Feature", "properties": { "Latitud Origen": 15.40208333, "Longitud Origen": -87.8141667, "Usuario Origen": "Bertha Isabel Cáceres Flores", "field_4": null, "field_5": null, "field_6": null, "field_7": null }, "geometry": { "type": "Point", "coordinates": [ -87.8141667, 15.40208333 ] } },
{ "type": "Feature", "properties": { "Latitud Origen": 15.40260556, "Longitud Origen": -87.8118861, "Usuario Origen": "Bertha Isabel Cáceres Flores", "field_4": null, "field_5": null, "field_6": null, "field_7": null }, "geometry": { "type": "Point", "coordinates": [ -87.8118861, 15.40260556 ] } },
{ "type": "Feature", "properties": { "Latitud Origen": 15.40261, "Longitud Origen": -87.81189, "Usuario Origen": "Bertha Isabel Cáceres Flores", "field_4": null, "field_5": null, "field_6": null, "field_7": null }, "geometry": { "type": "Point", "coordinates": [ -87.81189, 15.40261 ] } },
{ "type": "Feature", "properties": { "Latitud Origen": 15.403879, "Longitud Origen": -87.818182, "Usuario Origen": "Bertha Isabel Cáceres Flores", "field_4": null, "field_5": null, "field_6": null, "field_7": null }, "geometry": { "type": "Point", "coordinates": [ -87.818182, 15.403879 ] } },
{ "type": "Feature", "properties": { "Latitud Origen": 15.40466667, "Longitud Origen": -88.0050556, "Usuario Origen": "Bertha Isabel Cáceres Flores", "field_4": null, "field_5": null, "field_6": null, "field_7": null }, "geometry": { "type": "Point", "coordinates": [ -88.0050556, 15.40466667 ] } },
{ "type": "Feature", "properties": { "Latitud Origen": 15.40505556, "Longitud Origen": -87.7954167, "Usuario Origen": "Bertha Isabel Cáceres Flores", "field_4": null, "field_5": null, "field_6": null, "field_7": null }, "geometry": { "type": "Point", "coordinates": [ -87.7954167, 15.40505556 ] } },
{ "type": "Feature", "properties": { "Latitud Origen": 15.40575, "Longitud Origen": -88.01241, "Usuario Origen": "Bertha Isabel Cáceres Flores", "field_4": null, "field_5": null, "field_6": null, "field_7": null }, "geometry": { "type": "Point", "coordinates": [ -88.01241, 15.40575 ] } },
{ "type": "Feature", "properties": { "Latitud Origen": 15.4069, "Longitud Origen": -87.80936, "Usuario Origen": "Bertha Isabel Cáceres Flores", "field_4": null, "field_5": null, "field_6": null, "field_7": null }, "geometry": { "type": "Point", "coordinates": [ -87.80936, 15.4069 ] } },
{ "type": "Feature", "properties": { "Latitud Origen": 15.40975, "Longitud Origen": -87.8038889, "Usuario Origen": "Bertha Isabel Cáceres Flores", "field_4": null, "field_5": null, "field_6": null, "field_7": null }, "geometry": { "type": "Point", "coordinates": [ -87.8038889, 15.40975 ] } },
{ "type": "Feature", "properties": { "Latitud Origen": 15.411, "Longitud Origen": -87.8508056, "Usuario Origen": "Bertha Isabel Cáceres Flores", "field_4": null, "field_5": null, "field_6": null, "field_7": null }, "geometry": { "type": "Point", "coordinates": [ -87.8508056, 15.411 ] } },
{ "type": "Feature", "properties": { "Latitud Origen": 15.41213889, "Longitud Origen": -87.88675, "Usuario Origen": "Bertha Isabel Cáceres Flores", "field_4": null, "field_5": null, "field_6": null, "field_7": null }, "geometry": { "type": "Point", "coordinates": [ -87.88675, 15.41213889 ] } },
{ "type": "Feature", "properties": { "Latitud Origen": 15.41413889, "Longitud Origen": -88.0158056, "Usuario Origen": "Bertha Isabel Cáceres Flores", "field_4": null, "field_5": null, "field_6": null, "field_7": null }, "geometry": { "type": "Point", "coordinates": [ -88.0158056, 15.41413889 ] } },
{ "type": "Feature", "properties": { "Latitud Origen": 15.41984, "Longitud Origen": -87.80182, "Usuario Origen": "Bertha Isabel Cáceres Flores", "field_4": null, "field_5": null, "field_6": null, "field_7": null }, "geometry": { "type": "Point", "coordinates": [ -87.80182, 15.41984 ] } },
{ "type": "Feature", "properties": { "Latitud Origen": 15.42194444, "Longitud Origen": -88.0116389, "Usuario Origen": "Bertha Isabel Cáceres Flores", "field_4": null, "field_5": null, "field_6": null, "field_7": null }, "geometry": { "type": "Point", "coordinates": [ -88.0116389, 15.42194444 ] } },
{ "type": "Feature", "properties": { "Latitud Origen": 15.42666351, "Longitud Origen": -87.9295832, "Usuario Origen": "Bertha Isabel Cáceres Flores", "field_4": null, "field_5": null, "field_6": null, "field_7": null }, "geometry": { "type": "Point", "coordinates": [ -87.9295832, 15.42666351 ] } },
{ "type": "Feature", "properties": { "Latitud Origen": 15.42995556, "Longitud Origen": -87.9006417, "Usuario Origen": "Bertha Isabel Cáceres Flores", "field_4": null, "field_5": null, "field_6": null, "field_7": null }, "geometry": { "type": "Point", "coordinates": [ -87.9006417, 15.42995556 ] } },
{ "type": "Feature", "properties": { "Latitud Origen": 15.43097569, "Longitud Origen": -88.0201128, "Usuario Origen": "Bertha Isabel Cáceres Flores", "field_4": null, "field_5": null, "field_6": null, "field_7": null }, "geometry": { "type": "Point", "coordinates": [ -88.0201128, 15.43097569 ] } },
{ "type": "Feature", "properties": { "Latitud Origen": 15.43610819, "Longitud Origen": -87.9129988, "Usuario Origen": "Bertha Isabel Cáceres Flores", "field_4": null, "field_5": null, "field_6": null, "field_7": null }, "geometry": { "type": "Point", "coordinates": [ -87.9129988, 15.43610819 ] } },
{ "type": "Feature", "properties": { "Latitud Origen": 15.43687, "Longitud Origen": -87.90773, "Usuario Origen": "Bertha Isabel Cáceres Flores", "field_4": null, "field_5": null, "field_6": null, "field_7": null }, "geometry": { "type": "Point", "coordinates": [ -87.90773, 15.43687 ] } },
{ "type": "Feature", "properties": { "Latitud Origen": 15.43972222, "Longitud Origen": -87.9268889, "Usuario Origen": "Bertha Isabel Cáceres Flores", "field_4": null, "field_5": null, "field_6": null, "field_7": null }, "geometry": { "type": "Point", "coordinates": [ -87.9268889, 15.43972222 ] } },
{ "type": "Feature", "properties": { "Latitud Origen": 15.44166667, "Longitud Origen": -88.0191111, "Usuario Origen": "Bertha Isabel Cáceres Flores", "field_4": null, "field_5": null, "field_6": null, "field_7": null }, "geometry": { "type": "Point", "coordinates": [ -88.0191111, 15.44166667 ] } },
{ "type": "Feature", "properties": { "Latitud Origen": 15.445281, "Longitud Origen": -87.94085, "Usuario Origen": "Bertha Isabel Cáceres Flores", "field_4": null, "field_5": null, "field_6": null, "field_7": null }, "geometry": { "type": "Point", "coordinates": [ -87.94085, 15.445281 ] } },
{ "type": "Feature", "properties": { "Latitud Origen": 15.45614281, "Longitud Origen": -87.9273377, "Usuario Origen": "Bertha Isabel Cáceres Flores", "field_4": null, "field_5": null, "field_6": null, "field_7": null }, "geometry": { "type": "Point", "coordinates": [ -87.9273377, 15.45614281 ] } },
{ "type": "Feature", "properties": { "Latitud Origen": 15.4577, "Longitud Origen": -88.02726, "Usuario Origen": "Bertha Isabel Cáceres Flores", "field_4": null, "field_5": null, "field_6": null, "field_7": null }, "geometry": { "type": "Point", "coordinates": [ -88.02726, 15.4577 ] } },
{ "type": "Feature", "properties": { "Latitud Origen": 15.4577, "Longitud Origen": -88.0272611, "Usuario Origen": "Bertha Isabel Cáceres Flores", "field_4": null, "field_5": null, "field_6": null, "field_7": null }, "geometry": { "type": "Point", "coordinates": [ -88.0272611, 15.4577 ] } },
{ "type": "Feature", "properties": { "Latitud Origen": 15.45977778, "Longitud Origen": -87.9562222, "Usuario Origen": "Bertha Isabel Cáceres Flores", "field_4": null, "field_5": null, "field_6": null, "field_7": null }, "geometry": { "type": "Point", "coordinates": [ -87.9562222, 15.45977778 ] } },
{ "type": "Feature", "properties": { "Latitud Origen": 15.461204, "Longitud Origen": -87.785276, "Usuario Origen": "Bertha Isabel Cáceres Flores", "field_4": null, "field_5": null, "field_6": null, "field_7": null }, "geometry": { "type": "Point", "coordinates": [ -87.785276, 15.461204 ] } },
{ "type": "Feature", "properties": { "Latitud Origen": 15.46152667, "Longitud Origen": -87.7464575, "Usuario Origen": "Bertha Isabel Cáceres Flores", "field_4": null, "field_5": null, "field_6": null, "field_7": null }, "geometry": { "type": "Point", "coordinates": [ -87.7464575, 15.46152667 ] } },
{ "type": "Feature", "properties": { "Latitud Origen": 15.46515, "Longitud Origen": -88.03259, "Usuario Origen": "Bertha Isabel Cáceres Flores", "field_4": null, "field_5": null, "field_6": null, "field_7": null }, "geometry": { "type": "Point", "coordinates": [ -88.03259, 15.46515 ] } },
{ "type": "Feature", "properties": { "Latitud Origen": 15.46544444, "Longitud Origen": -87.9684444, "Usuario Origen": "Bertha Isabel Cáceres Flores", "field_4": null, "field_5": null, "field_6": null, "field_7": null }, "geometry": { "type": "Point", "coordinates": [ -87.9684444, 15.46544444 ] } },
{ "type": "Feature", "properties": { "Latitud Origen": 15.46941, "Longitud Origen": -88.03432, "Usuario Origen": "Bertha Isabel Cáceres Flores", "field_4": null, "field_5": null, "field_6": null, "field_7": null }, "geometry": { "type": "Point", "coordinates": [ -88.03432, 15.46941 ] } },
{ "type": "Feature", "properties": { "Latitud Origen": 15.46958333, "Longitud Origen": -87.9522778, "Usuario Origen": "Bertha Isabel Cáceres Flores", "field_4": null, "field_5": null, "field_6": null, "field_7": null }, "geometry": { "type": "Point", "coordinates": [ -87.9522778, 15.46958333 ] } },
{ "type": "Feature", "properties": { "Latitud Origen": 15.471225, "Longitud Origen": -88.007106, "Usuario Origen": "Bertha Isabel Cáceres Flores", "field_4": null, "field_5": null, "field_6": null, "field_7": null }, "geometry": { "type": "Point", "coordinates": [ -88.007106, 15.471225 ] } },
{ "type": "Feature", "properties": { "Latitud Origen": 15.47151396, "Longitud Origen": -87.9810875, "Usuario Origen": "Bertha Isabel Cáceres Flores", "field_4": null, "field_5": null, "field_6": null, "field_7": null }, "geometry": { "type": "Point", "coordinates": [ -87.9810875, 15.47151396 ] } },
{ "type": "Feature", "properties": { "Latitud Origen": 15.47255556, "Longitud Origen": -87.9737778, "Usuario Origen": "Bertha Isabel Cáceres Flores", "field_4": null, "field_5": null, "field_6": null, "field_7": null }, "geometry": { "type": "Point", "coordinates": [ -87.9737778, 15.47255556 ] } },
{ "type": "Feature", "properties": { "Latitud Origen": 15.47774969, "Longitud Origen": -87.9587732, "Usuario Origen": "Bertha Isabel Cáceres Flores", "field_4": null, "field_5": null, "field_6": null, "field_7": null }, "geometry": { "type": "Point", "coordinates": [ -87.9587732, 15.47774969 ] } },
{ "type": "Feature", "properties": { "Latitud Origen": 15.478597, "Longitud Origen": -88.035453, "Usuario Origen": "Bertha Isabel Cáceres Flores", "field_4": null, "field_5": null, "field_6": null, "field_7": null }, "geometry": { "type": "Point", "coordinates": [ -88.035453, 15.478597 ] } },
{ "type": "Feature", "properties": { "Latitud Origen": 15.48458732, "Longitud Origen": -87.9806458, "Usuario Origen": "Bertha Isabel Cáceres Flores", "field_4": null, "field_5": null, "field_6": null, "field_7": null }, "geometry": { "type": "Point", "coordinates": [ -87.9806458, 15.48458732 ] } },
{ "type": "Feature", "properties": { "Latitud Origen": 15.48659515, "Longitud Origen": -88.0340322, "Usuario Origen": "Bertha Isabel Cáceres Flores", "field_4": null, "field_5": null, "field_6": null, "field_7": null }, "geometry": { "type": "Point", "coordinates": [ -88.0340322, 15.48659515 ] } },
{ "type": "Feature", "properties": { "Latitud Origen": 15.48830556, "Longitud Origen": -87.7366389, "Usuario Origen": "Bertha Isabel Cáceres Flores", "field_4": null, "field_5": null, "field_6": null, "field_7": null }, "geometry": { "type": "Point", "coordinates": [ -87.7366389, 15.48830556 ] } },
{ "type": "Feature", "properties": { "Latitud Origen": 15.48855, "Longitud Origen": -87.98866, "Usuario Origen": "Bertha Isabel Cáceres Flores", "field_4": null, "field_5": null, "field_6": null, "field_7": null }, "geometry": { "type": "Point", "coordinates": [ -87.98866, 15.48855 ] } },
{ "type": "Feature", "properties": { "Latitud Origen": 15.4911, "Longitud Origen": -88.03444, "Usuario Origen": "Bertha Isabel Cáceres Flores", "field_4": null, "field_5": null, "field_6": null, "field_7": null }, "geometry": { "type": "Point", "coordinates": [ -88.03444, 15.4911 ] } },
{ "type": "Feature", "properties": { "Latitud Origen": 15.49180556, "Longitud Origen": -88.0181944, "Usuario Origen": "Bertha Isabel Cáceres Flores", "field_4": null, "field_5": null, "field_6": null, "field_7": null }, "geometry": { "type": "Point", "coordinates": [ -88.0181944, 15.49180556 ] } },
{ "type": "Feature", "properties": { "Latitud Origen": 15.49530556, "Longitud Origen": -88.0390278, "Usuario Origen": "Bertha Isabel Cáceres Flores", "field_4": null, "field_5": null, "field_6": null, "field_7": null }, "geometry": { "type": "Point", "coordinates": [ -88.0390278, 15.49530556 ] } },
{ "type": "Feature", "properties": { "Latitud Origen": 15.49562, "Longitud Origen": -88.04829, "Usuario Origen": "Bertha Isabel Cáceres Flores", "field_4": null, "field_5": null, "field_6": null, "field_7": null }, "geometry": { "type": "Point", "coordinates": [ -88.04829, 15.49562 ] } },
{ "type": "Feature", "properties": { "Latitud Origen": 15.497, "Longitud Origen": -88.0361111, "Usuario Origen": "Bertha Isabel Cáceres Flores", "field_4": null, "field_5": null, "field_6": null, "field_7": null }, "geometry": { "type": "Point", "coordinates": [ -88.0361111, 15.497 ] } },
{ "type": "Feature", "properties": { "Latitud Origen": 15.49700715, "Longitud Origen": -88.0324339, "Usuario Origen": "Bertha Isabel Cáceres Flores", "field_4": null, "field_5": null, "field_6": null, "field_7": null }, "geometry": { "type": "Point", "coordinates": [ -88.0324339, 15.49700715 ] } },
{ "type": "Feature", "properties": { "Latitud Origen": 15.49771862, "Longitud Origen": -88.0368655, "Usuario Origen": "Bertha Isabel Cáceres Flores", "field_4": null, "field_5": null, "field_6": null, "field_7": null }, "geometry": { "type": "Point", "coordinates": [ -88.0368655, 15.49771862 ] } },
{ "type": "Feature", "properties": { "Latitud Origen": 15.498712, "Longitud Origen": -87.686417, "Usuario Origen": "Bertha Isabel Cáceres Flores", "field_4": null, "field_5": null, "field_6": null, "field_7": null }, "geometry": { "type": "Point", "coordinates": [ -87.686417, 15.498712 ] } },
{ "type": "Feature", "properties": { "Latitud Origen": 15.49872283, "Longitud Origen": -87.6863643, "Usuario Origen": "Bertha Isabel Cáceres Flores", "field_4": null, "field_5": null, "field_6": null, "field_7": null }, "geometry": { "type": "Point", "coordinates": [ -87.6863643, 15.49872283 ] } },
{ "type": "Feature", "properties": { "Latitud Origen": 15.49969444, "Longitud Origen": -87.7164167, "Usuario Origen": "Bertha Isabel Cáceres Flores", "field_4": null, "field_5": null, "field_6": null, "field_7": null }, "geometry": { "type": "Point", "coordinates": [ -87.7164167, 15.49969444 ] } },
{ "type": "Feature", "properties": { "Latitud Origen": 15.50163889, "Longitud Origen": -88.0384167, "Usuario Origen": "Bertha Isabel Cáceres Flores", "field_4": null, "field_5": null, "field_6": null, "field_7": null }, "geometry": { "type": "Point", "coordinates": [ -88.0384167, 15.50163889 ] } },
{ "type": "Feature", "properties": { "Latitud Origen": 15.5023627, "Longitud Origen": -88.0354157, "Usuario Origen": "Bertha Isabel Cáceres Flores", "field_4": null, "field_5": null, "field_6": null, "field_7": null }, "geometry": { "type": "Point", "coordinates": [ -88.0354157, 15.5023627 ] } },
{ "type": "Feature", "properties": { "Latitud Origen": 15.50266383, "Longitud Origen": -88.0290033, "Usuario Origen": "Bertha Isabel Cáceres Flores", "field_4": null, "field_5": null, "field_6": null, "field_7": null }, "geometry": { "type": "Point", "coordinates": [ -88.0290033, 15.50266383 ] } },
{ "type": "Feature", "properties": { "Latitud Origen": 15.5035821, "Longitud Origen": -88.0413882, "Usuario Origen": "Bertha Isabel Cáceres Flores", "field_4": null, "field_5": null, "field_6": null, "field_7": null }, "geometry": { "type": "Point", "coordinates": [ -88.0413882, 15.5035821 ] } },
{ "type": "Feature", "properties": { "Latitud Origen": 15.50411111, "Longitud Origen": -88.0241389, "Usuario Origen": "Bertha Isabel Cáceres Flores", "field_4": null, "field_5": null, "field_6": null, "field_7": null }, "geometry": { "type": "Point", "coordinates": [ -88.0241389, 15.50411111 ] } },
{ "type": "Feature", "properties": { "Latitud Origen": 15.5055, "Longitud Origen": -88.0301667, "Usuario Origen": "Bertha Isabel Cáceres Flores", "field_4": null, "field_5": null, "field_6": null, "field_7": null }, "geometry": { "type": "Point", "coordinates": [ -88.0301667, 15.5055 ] } },
{ "type": "Feature", "properties": { "Latitud Origen": 15.5059727, "Longitud Origen": -88.0250296, "Usuario Origen": "Bertha Isabel Cáceres Flores", "field_4": null, "field_5": null, "field_6": null, "field_7": null }, "geometry": { "type": "Point", "coordinates": [ -88.0250296, 15.5059727 ] } },
{ "type": "Feature", "properties": { "Latitud Origen": 15.50636111, "Longitud Origen": -88.0233333, "Usuario Origen": "Bertha Isabel Cáceres Flores", "field_4": null, "field_5": null, "field_6": null, "field_7": null }, "geometry": { "type": "Point", "coordinates": [ -88.0233333, 15.50636111 ] } },
{ "type": "Feature", "properties": { "Latitud Origen": 15.50734, "Longitud Origen": -88.03048, "Usuario Origen": "Bertha Isabel Cáceres Flores", "field_4": null, "field_5": null, "field_6": null, "field_7": null }, "geometry": { "type": "Point", "coordinates": [ -88.03048, 15.50734 ] } },
{ "type": "Feature", "properties": { "Latitud Origen": 15.50789, "Longitud Origen": -88.03257, "Usuario Origen": "Bertha Isabel Cáceres Flores", "field_4": null, "field_5": null, "field_6": null, "field_7": null }, "geometry": { "type": "Point", "coordinates": [ -88.03257, 15.50789 ] } },
{ "type": "Feature", "properties": { "Latitud Origen": 15.50858333, "Longitud Origen": -88.0238889, "Usuario Origen": "Bertha Isabel Cáceres Flores", "field_4": null, "field_5": null, "field_6": null, "field_7": null }, "geometry": { "type": "Point", "coordinates": [ -88.0238889, 15.50858333 ] } },
{ "type": "Feature", "properties": { "Latitud Origen": 15.51008276, "Longitud Origen": -88.0295528, "Usuario Origen": "Bertha Isabel Cáceres Flores", "field_4": null, "field_5": null, "field_6": null, "field_7": null }, "geometry": { "type": "Point", "coordinates": [ -88.0295528, 15.51008276 ] } },
{ "type": "Feature", "properties": { "Latitud Origen": 15.51031, "Longitud Origen": -88.01709, "Usuario Origen": "Bertha Isabel Cáceres Flores", "field_4": null, "field_5": null, "field_6": null, "field_7": null }, "geometry": { "type": "Point", "coordinates": [ -88.01709, 15.51031 ] } },
{ "type": "Feature", "properties": { "Latitud Origen": 15.51061111, "Longitud Origen": -88.0219722, "Usuario Origen": "Bertha Isabel Cáceres Flores", "field_4": null, "field_5": null, "field_6": null, "field_7": null }, "geometry": { "type": "Point", "coordinates": [ -88.0219722, 15.51061111 ] } },
{ "type": "Feature", "properties": { "Latitud Origen": 15.51061407, "Longitud Origen": -88.0182841, "Usuario Origen": "Bertha Isabel Cáceres Flores", "field_4": null, "field_5": null, "field_6": null, "field_7": null }, "geometry": { "type": "Point", "coordinates": [ -88.0182841, 15.51061407 ] } },
{ "type": "Feature", "properties": { "Latitud Origen": 15.51288889, "Longitud Origen": -88.0245556, "Usuario Origen": "Bertha Isabel Cáceres Flores", "field_4": null, "field_5": null, "field_6": null, "field_7": null }, "geometry": { "type": "Point", "coordinates": [ -88.0245556, 15.51288889 ] } },
{ "type": "Feature", "properties": { "Latitud Origen": 15.528523, "Longitud Origen": -88.027752, "Usuario Origen": "Bertha Isabel Cáceres Flores", "field_4": null, "field_5": null, "field_6": null, "field_7": null }, "geometry": { "type": "Point", "coordinates": [ -88.027752, 15.528523 ] } },
{ "type": "Feature", "properties": { "Latitud Origen": 15.53683333, "Longitud Origen": -87.6561389, "Usuario Origen": "Bertha Isabel Cáceres Flores", "field_4": null, "field_5": null, "field_6": null, "field_7": null }, "geometry": { "type": "Point", "coordinates": [ -87.6561389, 15.53683333 ] } },
{ "type": "Feature", "properties": { "Latitud Origen": 15.53939015, "Longitud Origen": -88.0331668, "Usuario Origen": "Bertha Isabel Cáceres Flores", "field_4": null, "field_5": null, "field_6": null, "field_7": null }, "geometry": { "type": "Point", "coordinates": [ -88.0331668, 15.53939015 ] } },
{ "type": "Feature", "properties": { "Latitud Origen": 15.542115, "Longitud Origen": -88.010774, "Usuario Origen": "Bertha Isabel Cáceres Flores", "field_4": null, "field_5": null, "field_6": null, "field_7": null }, "geometry": { "type": "Point", "coordinates": [ -88.010774, 15.542115 ] } },
{ "type": "Feature", "properties": { "Latitud Origen": 15.54211538, "Longitud Origen": -88.0107741, "Usuario Origen": "Bertha Isabel Cáceres Flores", "field_4": null, "field_5": null, "field_6": null, "field_7": null }, "geometry": { "type": "Point", "coordinates": [ -88.0107741, 15.54211538 ] } },
{ "type": "Feature", "properties": { "Latitud Origen": 15.54522413, "Longitud Origen": -88.0168595, "Usuario Origen": "Bertha Isabel Cáceres Flores", "field_4": null, "field_5": null, "field_6": null, "field_7": null }, "geometry": { "type": "Point", "coordinates": [ -88.0168595, 15.54522413 ] } },
{ "type": "Feature", "properties": { "Latitud Origen": 15.5489, "Longitud Origen": -88.024, "Usuario Origen": "Bertha Isabel Cáceres Flores", "field_4": null, "field_5": null, "field_6": null, "field_7": null }, "geometry": { "type": "Point", "coordinates": [ -88.024, 15.5489 ] } },
{ "type": "Feature", "properties": { "Latitud Origen": 15.54919444, "Longitud Origen": -87.6412778, "Usuario Origen": "Bertha Isabel Cáceres Flores", "field_4": null, "field_5": null, "field_6": null, "field_7": null }, "geometry": { "type": "Point", "coordinates": [ -87.6412778, 15.54919444 ] } },
{ "type": "Feature", "properties": { "Latitud Origen": 15.55014862, "Longitud Origen": -88.0035027, "Usuario Origen": "Bertha Isabel Cáceres Flores", "field_4": null, "field_5": null, "field_6": null, "field_7": null }, "geometry": { "type": "Point", "coordinates": [ -88.0035027, 15.55014862 ] } },
{ "type": "Feature", "properties": { "Latitud Origen": 15.56822222, "Longitud Origen": -87.9668889, "Usuario Origen": "Bertha Isabel Cáceres Flores", "field_4": null, "field_5": null, "field_6": null, "field_7": null }, "geometry": { "type": "Point", "coordinates": [ -87.9668889, 15.56822222 ] } },
{ "type": "Feature", "properties": { "Latitud Origen": 15.58672222, "Longitud Origen": -86.1252778, "Usuario Origen": "Bertha Isabel Cáceres Flores", "field_4": null, "field_5": null, "field_6": null, "field_7": null }, "geometry": { "type": "Point", "coordinates": [ -86.1252778, 15.58672222 ] } },
{ "type": "Feature", "properties": { "Latitud Origen": 15.58944642, "Longitud Origen": -87.6520796, "Usuario Origen": "Bertha Isabel Cáceres Flores", "field_4": null, "field_5": null, "field_6": null, "field_7": null }, "geometry": { "type": "Point", "coordinates": [ -87.6520796, 15.58944642 ] } },
{ "type": "Feature", "properties": { "Latitud Origen": 15.59067111, "Longitud Origen": -87.2369135, "Usuario Origen": "Bertha Isabel Cáceres Flores", "field_4": null, "field_5": null, "field_6": null, "field_7": null }, "geometry": { "type": "Point", "coordinates": [ -87.2369135, 15.59067111 ] } },
{ "type": "Feature", "properties": { "Latitud Origen": 15.59841709, "Longitud Origen": -87.2058994, "Usuario Origen": "Bertha Isabel Cáceres Flores", "field_4": null, "field_5": null, "field_6": null, "field_7": null }, "geometry": { "type": "Point", "coordinates": [ -87.2058994, 15.59841709 ] } },
{ "type": "Feature", "properties": { "Latitud Origen": 15.60120833, "Longitud Origen": -87.2126306, "Usuario Origen": "Bertha Isabel Cáceres Flores", "field_4": null, "field_5": null, "field_6": null, "field_7": null }, "geometry": { "type": "Point", "coordinates": [ -87.2126306, 15.60120833 ] } },
{ "type": "Feature", "properties": { "Latitud Origen": 15.60380666, "Longitud Origen": -86.0429195, "Usuario Origen": "Bertha Isabel Cáceres Flores", "field_4": null, "field_5": null, "field_6": null, "field_7": null }, "geometry": { "type": "Point", "coordinates": [ -86.0429195, 15.60380666 ] } },
{ "type": "Feature", "properties": { "Latitud Origen": 15.60608333, "Longitud Origen": -87.1749167, "Usuario Origen": "Bertha Isabel Cáceres Flores", "field_4": null, "field_5": null, "field_6": null, "field_7": null }, "geometry": { "type": "Point", "coordinates": [ -87.1749167, 15.60608333 ] } },
{ "type": "Feature", "properties": { "Latitud Origen": 15.64188889, "Longitud Origen": -87.0544167, "Usuario Origen": "Bertha Isabel Cáceres Flores", "field_4": null, "field_5": null, "field_6": null, "field_7": null }, "geometry": { "type": "Point", "coordinates": [ -87.0544167, 15.64188889 ] } },
{ "type": "Feature", "properties": { "Latitud Origen": 15.65302778, "Longitud Origen": -86.0084444, "Usuario Origen": "Bertha Isabel Cáceres Flores", "field_4": null, "field_5": null, "field_6": null, "field_7": null }, "geometry": { "type": "Point", "coordinates": [ -86.0084444, 15.65302778 ] } },
{ "type": "Feature", "properties": { "Latitud Origen": 15.65319444, "Longitud Origen": -87.5996667, "Usuario Origen": "Bertha Isabel Cáceres Flores", "field_4": null, "field_5": null, "field_6": null, "field_7": null }, "geometry": { "type": "Point", "coordinates": [ -87.5996667, 15.65319444 ] } },
{ "type": "Feature", "properties": { "Latitud Origen": 15.6600872, "Longitud Origen": -85.9944419, "Usuario Origen": "Bertha Isabel Cáceres Flores", "field_4": null, "field_5": null, "field_6": null, "field_7": null }, "geometry": { "type": "Point", "coordinates": [ -85.9944419, 15.6600872 ] } },
{ "type": "Feature", "properties": { "Latitud Origen": 15.66863889, "Longitud Origen": -87.0426389, "Usuario Origen": "Bertha Isabel Cáceres Flores", "field_4": null, "field_5": null, "field_6": null, "field_7": null }, "geometry": { "type": "Point", "coordinates": [ -87.0426389, 15.66863889 ] } },
{ "type": "Feature", "properties": { "Latitud Origen": 15.66928486, "Longitud Origen": -87.6402206, "Usuario Origen": "Bertha Isabel Cáceres Flores", "field_4": null, "field_5": null, "field_6": null, "field_7": null }, "geometry": { "type": "Point", "coordinates": [ -87.6402206, 15.66928486 ] } },
{ "type": "Feature", "properties": { "Latitud Origen": 15.67333389, "Longitud Origen": -86.9841644, "Usuario Origen": "Bertha Isabel Cáceres Flores", "field_4": null, "field_5": null, "field_6": null, "field_7": null }, "geometry": { "type": "Point", "coordinates": [ -86.9841644, 15.67333389 ] } },
{ "type": "Feature", "properties": { "Latitud Origen": 15.675078, "Longitud Origen": -86.983255, "Usuario Origen": "Bertha Isabel Cáceres Flores", "field_4": null, "field_5": null, "field_6": null, "field_7": null }, "geometry": { "type": "Point", "coordinates": [ -86.983255, 15.675078 ] } },
{ "type": "Feature", "properties": { "Latitud Origen": 15.67666667, "Longitud Origen": -87.5695, "Usuario Origen": "Bertha Isabel Cáceres Flores", "field_4": null, "field_5": null, "field_6": null, "field_7": null }, "geometry": { "type": "Point", "coordinates": [ -87.5695, 15.67666667 ] } },
{ "type": "Feature", "properties": { "Latitud Origen": 15.68541342, "Longitud Origen": -87.3263876, "Usuario Origen": "Bertha Isabel Cáceres Flores", "field_4": null, "field_5": null, "field_6": null, "field_7": null }, "geometry": { "type": "Point", "coordinates": [ -87.3263876, 15.68541342 ] } },
{ "type": "Feature", "properties": { "Latitud Origen": 15.68602778, "Longitud Origen": -85.9424167, "Usuario Origen": "Bertha Isabel Cáceres Flores", "field_4": null, "field_5": null, "field_6": null, "field_7": null }, "geometry": { "type": "Point", "coordinates": [ -85.9424167, 15.68602778 ] } },
{ "type": "Feature", "properties": { "Latitud Origen": 15.71122222, "Longitud Origen": -86.9145556, "Usuario Origen": "Bertha Isabel Cáceres Flores", "field_4": null, "field_5": null, "field_6": null, "field_7": null }, "geometry": { "type": "Point", "coordinates": [ -86.9145556, 15.71122222 ] } },
{ "type": "Feature", "properties": { "Latitud Origen": 15.713622, "Longitud Origen": -87.272985, "Usuario Origen": "Bertha Isabel Cáceres Flores", "field_4": null, "field_5": null, "field_6": null, "field_7": null }, "geometry": { "type": "Point", "coordinates": [ -87.272985, 15.713622 ] } },
{ "type": "Feature", "properties": { "Latitud Origen": 15.72836111, "Longitud Origen": -86.8585556, "Usuario Origen": "Bertha Isabel Cáceres Flores", "field_4": null, "field_5": null, "field_6": null, "field_7": null }, "geometry": { "type": "Point", "coordinates": [ -86.8585556, 15.72836111 ] } },
{ "type": "Feature", "properties": { "Latitud Origen": 15.73019444, "Longitud Origen": -87.5815, "Usuario Origen": "Bertha Isabel Cáceres Flores", "field_4": null, "field_5": null, "field_6": null, "field_7": null }, "geometry": { "type": "Point", "coordinates": [ -87.5815, 15.73019444 ] } },
{ "type": "Feature", "properties": { "Latitud Origen": 15.73132943, "Longitud Origen": -86.4878931, "Usuario Origen": "Bertha Isabel Cáceres Flores", "field_4": null, "field_5": null, "field_6": null, "field_7": null }, "geometry": { "type": "Point", "coordinates": [ -86.4878931, 15.73132943 ] } },
{ "type": "Feature", "properties": { "Latitud Origen": 15.7321434, "Longitud Origen": -87.5143363, "Usuario Origen": "Bertha Isabel Cáceres Flores", "field_4": null, "field_5": null, "field_6": null, "field_7": null }, "geometry": { "type": "Point", "coordinates": [ -87.5143363, 15.7321434 ] } },
{ "type": "Feature", "properties": { "Latitud Origen": 15.74015867, "Longitud Origen": -87.3291631, "Usuario Origen": "Bertha Isabel Cáceres Flores", "field_4": null, "field_5": null, "field_6": null, "field_7": null }, "geometry": { "type": "Point", "coordinates": [ -87.3291631, 15.74015867 ] } },
{ "type": "Feature", "properties": { "Latitud Origen": 15.74413889, "Longitud Origen": -86.51425, "Usuario Origen": "Bertha Isabel Cáceres Flores", "field_4": null, "field_5": null, "field_6": null, "field_7": null }, "geometry": { "type": "Point", "coordinates": [ -86.51425, 15.74413889 ] } },
{ "type": "Feature", "properties": { "Latitud Origen": 15.74430556, "Longitud Origen": -85.7379444, "Usuario Origen": "Bertha Isabel Cáceres Flores", "field_4": null, "field_5": null, "field_6": null, "field_7": null }, "geometry": { "type": "Point", "coordinates": [ -85.7379444, 15.74430556 ] } },
{ "type": "Feature", "properties": { "Latitud Origen": 15.74455658, "Longitud Origen": -87.1777803, "Usuario Origen": "Bertha Isabel Cáceres Flores", "field_4": null, "field_5": null, "field_6": null, "field_7": null }, "geometry": { "type": "Point", "coordinates": [ -87.1777803, 15.74455658 ] } },
{ "type": "Feature", "properties": { "Latitud Origen": 15.74577577, "Longitud Origen": -86.888393, "Usuario Origen": "Bertha Isabel Cáceres Flores", "field_4": null, "field_5": null, "field_6": null, "field_7": null }, "geometry": { "type": "Point", "coordinates": [ -86.888393, 15.74577577 ] } },
{ "type": "Feature", "properties": { "Latitud Origen": 15.747884, "Longitud Origen": -85.821619, "Usuario Origen": "Bertha Isabel Cáceres Flores", "field_4": null, "field_5": null, "field_6": null, "field_7": null }, "geometry": { "type": "Point", "coordinates": [ -85.821619, 15.747884 ] } },
{ "type": "Feature", "properties": { "Latitud Origen": 15.74987062, "Longitud Origen": -86.8544087, "Usuario Origen": "Bertha Isabel Cáceres Flores", "field_4": null, "field_5": null, "field_6": null, "field_7": null }, "geometry": { "type": "Point", "coordinates": [ -86.8544087, 15.74987062 ] } },
{ "type": "Feature", "properties": { "Latitud Origen": 15.75024767, "Longitud Origen": -85.7328593, "Usuario Origen": "Bertha Isabel Cáceres Flores", "field_4": null, "field_5": null, "field_6": null, "field_7": null }, "geometry": { "type": "Point", "coordinates": [ -85.7328593, 15.75024767 ] } },
{ "type": "Feature", "properties": { "Latitud Origen": 15.75455, "Longitud Origen": -85.74643, "Usuario Origen": "Bertha Isabel Cáceres Flores", "field_4": null, "field_5": null, "field_6": null, "field_7": null }, "geometry": { "type": "Point", "coordinates": [ -85.74643, 15.75455 ] } },
{ "type": "Feature", "properties": { "Latitud Origen": 15.758272, "Longitud Origen": -86.387623, "Usuario Origen": "Bertha Isabel Cáceres Flores", "field_4": null, "field_5": null, "field_6": null, "field_7": null }, "geometry": { "type": "Point", "coordinates": [ -86.387623, 15.758272 ] } },
{ "type": "Feature", "properties": { "Latitud Origen": 15.76375169, "Longitud Origen": -87.4812194, "Usuario Origen": "Bertha Isabel Cáceres Flores", "field_4": null, "field_5": null, "field_6": null, "field_7": null }, "geometry": { "type": "Point", "coordinates": [ -87.4812194, 15.76375169 ] } },
{ "type": "Feature", "properties": { "Latitud Origen": 15.77111111, "Longitud Origen": -86.7548611, "Usuario Origen": "Bertha Isabel Cáceres Flores", "field_4": null, "field_5": null, "field_6": null, "field_7": null }, "geometry": { "type": "Point", "coordinates": [ -86.7548611, 15.77111111 ] } },
{ "type": "Feature", "properties": { "Latitud Origen": 15.77266667, "Longitud Origen": -87.4838056, "Usuario Origen": "Bertha Isabel Cáceres Flores", "field_4": null, "field_5": null, "field_6": null, "field_7": null }, "geometry": { "type": "Point", "coordinates": [ -87.4838056, 15.77266667 ] } },
{ "type": "Feature", "properties": { "Latitud Origen": 15.776794, "Longitud Origen": -86.683575, "Usuario Origen": "Bertha Isabel Cáceres Flores", "field_4": null, "field_5": null, "field_6": null, "field_7": null }, "geometry": { "type": "Point", "coordinates": [ -86.683575, 15.776794 ] } },
{ "type": "Feature", "properties": { "Latitud Origen": 15.777473, "Longitud Origen": -87.484493, "Usuario Origen": "Bertha Isabel Cáceres Flores", "field_4": null, "field_5": null, "field_6": null, "field_7": null }, "geometry": { "type": "Point", "coordinates": [ -87.484493, 15.777473 ] } },
{ "type": "Feature", "properties": { "Latitud Origen": 15.77810833, "Longitud Origen": -87.3947167, "Usuario Origen": "Bertha Isabel Cáceres Flores", "field_4": null, "field_5": null, "field_6": null, "field_7": null }, "geometry": { "type": "Point", "coordinates": [ -87.3947167, 15.77810833 ] } },
{ "type": "Feature", "properties": { "Latitud Origen": 15.778154, "Longitud Origen": -85.788016, "Usuario Origen": "Bertha Isabel Cáceres Flores", "field_4": null, "field_5": null, "field_6": null, "field_7": null }, "geometry": { "type": "Point", "coordinates": [ -85.788016, 15.778154 ] } },
{ "type": "Feature", "properties": { "Latitud Origen": 15.778787, "Longitud Origen": -86.724029, "Usuario Origen": "Bertha Isabel Cáceres Flores", "field_4": null, "field_5": null, "field_6": null, "field_7": null }, "geometry": { "type": "Point", "coordinates": [ -86.724029, 15.778787 ] } },
{ "type": "Feature", "properties": { "Latitud Origen": 15.77927778, "Longitud Origen": -87.4566944, "Usuario Origen": "Bertha Isabel Cáceres Flores", "field_4": null, "field_5": null, "field_6": null, "field_7": null }, "geometry": { "type": "Point", "coordinates": [ -87.4566944, 15.77927778 ] } },
{ "type": "Feature", "properties": { "Latitud Origen": 15.779377, "Longitud Origen": -87.456528, "Usuario Origen": "Bertha Isabel Cáceres Flores", "field_4": null, "field_5": null, "field_6": null, "field_7": null }, "geometry": { "type": "Point", "coordinates": [ -87.456528, 15.779377 ] } },
{ "type": "Feature", "properties": { "Latitud Origen": 15.78138889, "Longitud Origen": -87.4511111, "Usuario Origen": "Bertha Isabel Cáceres Flores", "field_4": null, "field_5": null, "field_6": null, "field_7": null }, "geometry": { "type": "Point", "coordinates": [ -87.4511111, 15.78138889 ] } },
{ "type": "Feature", "properties": { "Latitud Origen": 15.781707, "Longitud Origen": -87.453756, "Usuario Origen": "Bertha Isabel Cáceres Flores", "field_4": null, "field_5": null, "field_6": null, "field_7": null }, "geometry": { "type": "Point", "coordinates": [ -87.453756, 15.781707 ] } },
{ "type": "Feature", "properties": { "Latitud Origen": 15.782571, "Longitud Origen": -86.654551, "Usuario Origen": "Bertha Isabel Cáceres Flores", "field_4": null, "field_5": null, "field_6": null, "field_7": null }, "geometry": { "type": "Point", "coordinates": [ -86.654551, 15.782571 ] } },
{ "type": "Feature", "properties": { "Latitud Origen": 15.78269594, "Longitud Origen": -86.6545044, "Usuario Origen": "Bertha Isabel Cáceres Flores", "field_4": null, "field_5": null, "field_6": null, "field_7": null }, "geometry": { "type": "Point", "coordinates": [ -86.6545044, 15.78269594 ] } },
{ "type": "Feature", "properties": { "Latitud Origen": 15.782791, "Longitud Origen": -87.447851, "Usuario Origen": "Bertha Isabel Cáceres Flores", "field_4": null, "field_5": null, "field_6": null, "field_7": null }, "geometry": { "type": "Point", "coordinates": [ -87.447851, 15.782791 ] } },
{ "type": "Feature", "properties": { "Latitud Origen": 15.78303489, "Longitud Origen": -87.4472435, "Usuario Origen": "Bertha Isabel Cáceres Flores", "field_4": null, "field_5": null, "field_6": null, "field_7": null }, "geometry": { "type": "Point", "coordinates": [ -87.4472435, 15.78303489 ] } },
{ "type": "Feature", "properties": { "Latitud Origen": 15.78461111, "Longitud Origen": -86.7912778, "Usuario Origen": "Bertha Isabel Cáceres Flores", "field_4": null, "field_5": null, "field_6": null, "field_7": null }, "geometry": { "type": "Point", "coordinates": [ -86.7912778, 15.78461111 ] } },
{ "type": "Feature", "properties": { "Latitud Origen": 15.79238889, "Longitud Origen": -86.7693056, "Usuario Origen": "Bertha Isabel Cáceres Flores", "field_4": null, "field_5": null, "field_6": null, "field_7": null }, "geometry": { "type": "Point", "coordinates": [ -86.7693056, 15.79238889 ] } },
{ "type": "Feature", "properties": { "Latitud Origen": 15.79988889, "Longitud Origen": -86.5029167, "Usuario Origen": "Bertha Isabel Cáceres Flores", "field_4": null, "field_5": null, "field_6": null, "field_7": null }, "geometry": { "type": "Point", "coordinates": [ -86.5029167, 15.79988889 ] } },
{ "type": "Feature", "properties": { "Latitud Origen": 15.80036111, "Longitud Origen": -86.2816944, "Usuario Origen": "Bertha Isabel Cáceres Flores", "field_4": null, "field_5": null, "field_6": null, "field_7": null }, "geometry": { "type": "Point", "coordinates": [ -86.2816944, 15.80036111 ] } },
{ "type": "Feature", "properties": { "Latitud Origen": 15.80636111, "Longitud Origen": -87.4085, "Usuario Origen": "Bertha Isabel Cáceres Flores", "field_4": null, "field_5": null, "field_6": null, "field_7": null }, "geometry": { "type": "Point", "coordinates": [ -87.4085, 15.80636111 ] } },
{ "type": "Feature", "properties": { "Latitud Origen": 15.81227778, "Longitud Origen": -85.4332222, "Usuario Origen": "Bertha Isabel Cáceres Flores", "field_4": null, "field_5": null, "field_6": null, "field_7": null }, "geometry": { "type": "Point", "coordinates": [ -85.4332222, 15.81227778 ] } },
{ "type": "Feature", "properties": { "Latitud Origen": 15.81733333, "Longitud Origen": -85.3743889, "Usuario Origen": "Bertha Isabel Cáceres Flores", "field_4": null, "field_5": null, "field_6": null, "field_7": null }, "geometry": { "type": "Point", "coordinates": [ -85.3743889, 15.81733333 ] } },
{ "type": "Feature", "properties": { "Latitud Origen": 15.82791667, "Longitud Origen": -87.9215556, "Usuario Origen": "Bertha Isabel Cáceres Flores", "field_4": null, "field_5": null, "field_6": null, "field_7": null }, "geometry": { "type": "Point", "coordinates": [ -87.9215556, 15.82791667 ] } },
{ "type": "Feature", "properties": { "Latitud Origen": 15.86238778, "Longitud Origen": -85.5043368, "Usuario Origen": "Bertha Isabel Cáceres Flores", "field_4": null, "field_5": null, "field_6": null, "field_7": null }, "geometry": { "type": "Point", "coordinates": [ -85.5043368, 15.86238778 ] } },
{ "type": "Feature", "properties": { "Latitud Origen": 15.86327778, "Longitud Origen": -85.81525, "Usuario Origen": "Bertha Isabel Cáceres Flores", "field_4": null, "field_5": null, "field_6": null, "field_7": null }, "geometry": { "type": "Point", "coordinates": [ -85.81525, 15.86327778 ] } },
{ "type": "Feature", "properties": { "Latitud Origen": 15.91309, "Longitud Origen": -85.95362, "Usuario Origen": "Bertha Isabel Cáceres Flores", "field_4": null, "field_5": null, "field_6": null, "field_7": null }, "geometry": { "type": "Point", "coordinates": [ -85.95362, 15.91309 ] } },
{ "type": "Feature", "properties": { "Latitud Origen": 15.91969444, "Longitud Origen": -85.94675, "Usuario Origen": "Bertha Isabel Cáceres Flores", "field_4": null, "field_5": null, "field_6": null, "field_7": null }, "geometry": { "type": "Point", "coordinates": [ -85.94675, 15.91969444 ] } },
{ "type": "Feature", "properties": { "Latitud Origen": 15.92025, "Longitud Origen": -85.9552222, "Usuario Origen": "Bertha Isabel Cáceres Flores", "field_4": null, "field_5": null, "field_6": null, "field_7": null }, "geometry": { "type": "Point", "coordinates": [ -85.9552222, 15.92025 ] } },
{ "type": "Feature", "properties": { "Latitud Origen": 15.92091667, "Longitud Origen": -85.8637222, "Usuario Origen": "Bertha Isabel Cáceres Flores", "field_4": null, "field_5": null, "field_6": null, "field_7": null }, "geometry": { "type": "Point", "coordinates": [ -85.8637222, 15.92091667 ] } },
{ "type": "Feature", "properties": { "Latitud Origen": 16.28166667, "Longitud Origen": -86.5920278, "Usuario Origen": "Bertha Isabel Cáceres Flores", "field_4": null, "field_5": null, "field_6": null, "field_7": null }, "geometry": { "type": "Point", "coordinates": [ -86.5920278, 16.28166667 ] } },
{ "type": "Feature", "properties": { "Latitud Origen": 16.28167223, "Longitud Origen": -86.5921528, "Usuario Origen": "Bertha Isabel Cáceres Flores", "field_4": null, "field_5": null, "field_6": null, "field_7": null }, "geometry": { "type": "Point", "coordinates": [ -86.5921528, 16.28167223 ] } },
{ "type": "Feature", "properties": { "Latitud Origen": 16.30067122, "Longitud Origen": -86.5918876, "Usuario Origen": "Bertha Isabel Cáceres Flores", "field_4": null, "field_5": null, "field_6": null, "field_7": null }, "geometry": { "type": "Point", "coordinates": [ -86.5918876, 16.30067122 ] } },
{ "type": "Feature", "properties": { "Latitud Origen": 16.30710556, "Longitud Origen": -86.5825306, "Usuario Origen": "Bertha Isabel Cáceres Flores", "field_4": null, "field_5": null, "field_6": null, "field_7": null }, "geometry": { "type": "Point", "coordinates": [ -86.5825306, 16.30710556 ] } },
{ "type": "Feature", "properties": { "Latitud Origen": 16.31783333, "Longitud Origen": -86.5269722, "Usuario Origen": "Bertha Isabel Cáceres Flores", "field_4": null, "field_5": null, "field_6": null, "field_7": null }, "geometry": { "type": "Point", "coordinates": [ -86.5269722, 16.31783333 ] } },
{ "type": "Feature", "properties": { "Latitud Origen": 16.319273, "Longitud Origen": -86.534383, "Usuario Origen": "Bertha Isabel Cáceres Flores", "field_4": null, "field_5": null, "field_6": null, "field_7": null }, "geometry": { "type": "Point", "coordinates": [ -86.534383, 16.319273 ] } },
{ "type": "Feature", "properties": { "Latitud Origen": 16.40902778, "Longitud Origen": -86.365, "Usuario Origen": "Bertha Isabel Cáceres Flores", "field_4": null, "field_5": null, "field_6": null, "field_7": null }, "geometry": { "type": "Point", "coordinates": [ -86.365, 16.40902778 ] } },
{ "type": "Feature", "properties": { "Latitud Origen": 16.49597222, "Longitud Origen": -85.8441111, "Usuario Origen": "Bertha Isabel Cáceres Flores", "field_4": null, "field_5": null, "field_6": null, "field_7": null }, "geometry": { "type": "Point", "coordinates": [ -85.8441111, 16.49597222 ] } }
]
}
