{
"type": "FeatureCollection",
"name": "imp_EJE_DGB",
"crs": { "type": "name", "properties": { "name": "urn:ogc:def:crs:OGC:1.3:CRS84" } },
"features": [
{ "type": "Feature", "properties": { "Latitud Origen": 13.28719779, "Longitud Origen": -87.6519191, "Usuario Origen": "Douglas Geovanny Bustillo/Andys Iraheta/Samir Antonio Talhami Bustillo" }, "geometry": { "type": "Point", "coordinates": [ -87.6519191, 13.28719779 ] } },
{ "type": "Feature", "properties": { "Latitud Origen": 13.311379, "Longitud Origen": -87.627478, "Usuario Origen": "Douglas Geovanny Bustillo/Andys Iraheta/Samir Antonio Talhami Bustillo" }, "geometry": { "type": "Point", "coordinates": [ -87.627478, 13.311379 ] } },
{ "type": "Feature", "properties": { "Latitud Origen": 13.31344445, "Longitud Origen": -87.1784167, "Usuario Origen": "Douglas Geovanny Bustillo/Andys Iraheta/Samir Antonio Talhami Bustillo" }, "geometry": { "type": "Point", "coordinates": [ -87.1784167, 13.31344445 ] } },
{ "type": "Feature", "properties": { "Latitud Origen": 13.318558, "Longitud Origen": -87.197916, "Usuario Origen": "Douglas Geovanny Bustillo/Andys Iraheta/Samir Antonio Talhami Bustillo" }, "geometry": { "type": "Point", "coordinates": [ -87.197916, 13.318558 ] } },
{ "type": "Feature", "properties": { "Latitud Origen": 13.331733, "Longitud Origen": -87.229179, "Usuario Origen": "Douglas Geovanny Bustillo/Andys Iraheta/Samir Antonio Talhami Bustillo" }, "geometry": { "type": "Point", "coordinates": [ -87.229179, 13.331733 ] } },
{ "type": "Feature", "properties": { "Latitud Origen": 13.33893, "Longitud Origen": -87.59066, "Usuario Origen": "Douglas Geovanny Bustillo/Andys Iraheta/Samir Antonio Talhami Bustillo" }, "geometry": { "type": "Point", "coordinates": [ -87.59066, 13.33893 ] } },
{ "type": "Feature", "properties": { "Latitud Origen": 13.34444524, "Longitud Origen": -87.2686122, "Usuario Origen": "Douglas Geovanny Bustillo/Andys Iraheta/Samir Antonio Talhami Bustillo" }, "geometry": { "type": "Point", "coordinates": [ -87.2686122, 13.34444524 ] } },
{ "type": "Feature", "properties": { "Latitud Origen": 13.421, "Longitud Origen": -87.3928056, "Usuario Origen": "Douglas Geovanny Bustillo/Andys Iraheta/Samir Antonio Talhami Bustillo" }, "geometry": { "type": "Point", "coordinates": [ -87.3928056, 13.421 ] } },
{ "type": "Feature", "properties": { "Latitud Origen": 13.42508333, "Longitud Origen": -87.5444722, "Usuario Origen": "Douglas Geovanny Bustillo/Andys Iraheta/Samir Antonio Talhami Bustillo" }, "geometry": { "type": "Point", "coordinates": [ -87.5444722, 13.42508333 ] } },
{ "type": "Feature", "properties": { "Latitud Origen": 13.53466663, "Longitud Origen": -87.3824129, "Usuario Origen": "Douglas Geovanny Bustillo/Andys Iraheta/Samir Antonio Talhami Bustillo" }, "geometry": { "type": "Point", "coordinates": [ -87.3824129, 13.53466663 ] } },
{ "type": "Feature", "properties": { "Latitud Origen": 13.53705, "Longitud Origen": -87.48554, "Usuario Origen": "Douglas Geovanny Bustillo/Andys Iraheta/Samir Antonio Talhami Bustillo" }, "geometry": { "type": "Point", "coordinates": [ -87.48554, 13.53705 ] } },
{ "type": "Feature", "properties": { "Latitud Origen": 13.53727553, "Longitud Origen": -87.5110237, "Usuario Origen": "Douglas Geovanny Bustillo/Andys Iraheta/Samir Antonio Talhami Bustillo" }, "geometry": { "type": "Point", "coordinates": [ -87.5110237, 13.53727553 ] } },
{ "type": "Feature", "properties": { "Latitud Origen": 13.54202778, "Longitud Origen": -87.4830833, "Usuario Origen": "Douglas Geovanny Bustillo/Andys Iraheta/Samir Antonio Talhami Bustillo" }, "geometry": { "type": "Point", "coordinates": [ -87.4830833, 13.54202778 ] } },
{ "type": "Feature", "properties": { "Latitud Origen": 13.58646776, "Longitud Origen": -87.3594422, "Usuario Origen": "Douglas Geovanny Bustillo/Andys Iraheta/Samir Antonio Talhami Bustillo" }, "geometry": { "type": "Point", "coordinates": [ -87.3594422, 13.58646776 ] } },
{ "type": "Feature", "properties": { "Latitud Origen": 13.77216815, "Longitud Origen": -87.3096299, "Usuario Origen": "Douglas Geovanny Bustillo/Andys Iraheta/Samir Antonio Talhami Bustillo" }, "geometry": { "type": "Point", "coordinates": [ -87.3096299, 13.77216815 ] } },
{ "type": "Feature", "properties": { "Latitud Origen": 13.79308056, "Longitud Origen": -87.3114417, "Usuario Origen": "Douglas Geovanny Bustillo/Andys Iraheta/Samir Antonio Talhami Bustillo" }, "geometry": { "type": "Point", "coordinates": [ -87.3114417, 13.79308056 ] } },
{ "type": "Feature", "properties": { "Latitud Origen": 13.80585897, "Longitud Origen": -87.2712221, "Usuario Origen": "Douglas Geovanny Bustillo/Andys Iraheta/Samir Antonio Talhami Bustillo" }, "geometry": { "type": "Point", "coordinates": [ -87.2712221, 13.80585897 ] } },
{ "type": "Feature", "properties": { "Latitud Origen": 13.83535681, "Longitud Origen": -87.653414, "Usuario Origen": "Douglas Geovanny Bustillo/Andys Iraheta/Samir Antonio Talhami Bustillo" }, "geometry": { "type": "Point", "coordinates": [ -87.653414, 13.83535681 ] } },
{ "type": "Feature", "properties": { "Latitud Origen": 13.91372222, "Longitud Origen": -87.7778889, "Usuario Origen": "Douglas Geovanny Bustillo/Andys Iraheta/Samir Antonio Talhami Bustillo" }, "geometry": { "type": "Point", "coordinates": [ -87.7778889, 13.91372222 ] } },
{ "type": "Feature", "properties": { "Latitud Origen": 13.95727778, "Longitud Origen": -87.2080278, "Usuario Origen": "Douglas Geovanny Bustillo/Andys Iraheta/Samir Antonio Talhami Bustillo" }, "geometry": { "type": "Point", "coordinates": [ -87.2080278, 13.95727778 ] } },
{ "type": "Feature", "properties": { "Latitud Origen": 14.002981, "Longitud Origen": -87.036953, "Usuario Origen": "Douglas Geovanny Bustillo/Andys Iraheta/Samir Antonio Talhami Bustillo" }, "geometry": { "type": "Point", "coordinates": [ -87.036953, 14.002981 ] } },
{ "type": "Feature", "properties": { "Latitud Origen": 14.00494863, "Longitud Origen": -87.203012, "Usuario Origen": "Douglas Geovanny Bustillo/Andys Iraheta/Samir Antonio Talhami Bustillo" }, "geometry": { "type": "Point", "coordinates": [ -87.203012, 14.00494863 ] } },
{ "type": "Feature", "properties": { "Latitud Origen": 14.00872222, "Longitud Origen": -87.0065833, "Usuario Origen": "Douglas Geovanny Bustillo/Andys Iraheta/Samir Antonio Talhami Bustillo" }, "geometry": { "type": "Point", "coordinates": [ -87.0065833, 14.00872222 ] } },
{ "type": "Feature", "properties": { "Latitud Origen": 14.0143653, "Longitud Origen": -87.1867773, "Usuario Origen": "Douglas Geovanny Bustillo/Andys Iraheta/Samir Antonio Talhami Bustillo" }, "geometry": { "type": "Point", "coordinates": [ -87.1867773, 14.0143653 ] } },
{ "type": "Feature", "properties": { "Latitud Origen": 14.01460556, "Longitud Origen": -86.9312722, "Usuario Origen": "Douglas Geovanny Bustillo/Andys Iraheta/Samir Antonio Talhami Bustillo" }, "geometry": { "type": "Point", "coordinates": [ -86.9312722, 14.01460556 ] } },
{ "type": "Feature", "properties": { "Latitud Origen": 14.01806989, "Longitud Origen": -86.5697666, "Usuario Origen": "Douglas Geovanny Bustillo/Andys Iraheta/Samir Antonio Talhami Bustillo" }, "geometry": { "type": "Point", "coordinates": [ -86.5697666, 14.01806989 ] } },
{ "type": "Feature", "properties": { "Latitud Origen": 14.01997325, "Longitud Origen": -86.657693, "Usuario Origen": "Douglas Geovanny Bustillo/Andys Iraheta/Samir Antonio Talhami Bustillo" }, "geometry": { "type": "Point", "coordinates": [ -86.657693, 14.01997325 ] } },
{ "type": "Feature", "properties": { "Latitud Origen": 14.02283495, "Longitud Origen": -87.2119645, "Usuario Origen": "Douglas Geovanny Bustillo/Andys Iraheta/Samir Antonio Talhami Bustillo" }, "geometry": { "type": "Point", "coordinates": [ -87.2119645, 14.02283495 ] } },
{ "type": "Feature", "properties": { "Latitud Origen": 14.03321944, "Longitud Origen": -87.2082472, "Usuario Origen": "Douglas Geovanny Bustillo/Andys Iraheta/Samir Antonio Talhami Bustillo" }, "geometry": { "type": "Point", "coordinates": [ -87.2082472, 14.03321944 ] } },
{ "type": "Feature", "properties": { "Latitud Origen": 14.034054, "Longitud Origen": -87.237891, "Usuario Origen": "Douglas Geovanny Bustillo/Andys Iraheta/Samir Antonio Talhami Bustillo" }, "geometry": { "type": "Point", "coordinates": [ -87.237891, 14.034054 ] } },
{ "type": "Feature", "properties": { "Latitud Origen": 14.03666099, "Longitud Origen": -87.0268028, "Usuario Origen": "Douglas Geovanny Bustillo/Andys Iraheta/Samir Antonio Talhami Bustillo" }, "geometry": { "type": "Point", "coordinates": [ -87.0268028, 14.03666099 ] } },
{ "type": "Feature", "properties": { "Latitud Origen": 14.03805556, "Longitud Origen": -87.2346667, "Usuario Origen": "Douglas Geovanny Bustillo/Andys Iraheta/Samir Antonio Talhami Bustillo" }, "geometry": { "type": "Point", "coordinates": [ -87.2346667, 14.03805556 ] } },
{ "type": "Feature", "properties": { "Latitud Origen": 14.03880556, "Longitud Origen": -87.2042778, "Usuario Origen": "Douglas Geovanny Bustillo/Andys Iraheta/Samir Antonio Talhami Bustillo" }, "geometry": { "type": "Point", "coordinates": [ -87.2042778, 14.03880556 ] } },
{ "type": "Feature", "properties": { "Latitud Origen": 14.039124, "Longitud Origen": -87.16922, "Usuario Origen": "Douglas Geovanny Bustillo/Andys Iraheta/Samir Antonio Talhami Bustillo" }, "geometry": { "type": "Point", "coordinates": [ -87.16922, 14.039124 ] } },
{ "type": "Feature", "properties": { "Latitud Origen": 14.040818, "Longitud Origen": -87.232405, "Usuario Origen": "Douglas Geovanny Bustillo/Andys Iraheta/Samir Antonio Talhami Bustillo" }, "geometry": { "type": "Point", "coordinates": [ -87.232405, 14.040818 ] } },
{ "type": "Feature", "properties": { "Latitud Origen": 14.04128, "Longitud Origen": -87.177994, "Usuario Origen": "Douglas Geovanny Bustillo/Andys Iraheta/Samir Antonio Talhami Bustillo" }, "geometry": { "type": "Point", "coordinates": [ -87.177994, 14.04128 ] } },
{ "type": "Feature", "properties": { "Latitud Origen": 14.04144167, "Longitud Origen": -87.0657472, "Usuario Origen": "Douglas Geovanny Bustillo/Andys Iraheta/Samir Antonio Talhami Bustillo" }, "geometry": { "type": "Point", "coordinates": [ -87.0657472, 14.04144167 ] } },
{ "type": "Feature", "properties": { "Latitud Origen": 14.04177307, "Longitud Origen": -87.2172611, "Usuario Origen": "Douglas Geovanny Bustillo/Andys Iraheta/Samir Antonio Talhami Bustillo" }, "geometry": { "type": "Point", "coordinates": [ -87.2172611, 14.04177307 ] } },
{ "type": "Feature", "properties": { "Latitud Origen": 14.042431, "Longitud Origen": -87.23573, "Usuario Origen": "Douglas Geovanny Bustillo/Andys Iraheta/Samir Antonio Talhami Bustillo" }, "geometry": { "type": "Point", "coordinates": [ -87.23573, 14.042431 ] } },
{ "type": "Feature", "properties": { "Latitud Origen": 14.04255539, "Longitud Origen": -87.2119456, "Usuario Origen": "Douglas Geovanny Bustillo/Andys Iraheta/Samir Antonio Talhami Bustillo" }, "geometry": { "type": "Point", "coordinates": [ -87.2119456, 14.04255539 ] } },
{ "type": "Feature", "properties": { "Latitud Origen": 14.04270026, "Longitud Origen": -87.1515038, "Usuario Origen": "Douglas Geovanny Bustillo/Andys Iraheta/Samir Antonio Talhami Bustillo" }, "geometry": { "type": "Point", "coordinates": [ -87.1515038, 14.04270026 ] } },
{ "type": "Feature", "properties": { "Latitud Origen": 14.04314444, "Longitud Origen": -87.186, "Usuario Origen": "Douglas Geovanny Bustillo/Andys Iraheta/Samir Antonio Talhami Bustillo" }, "geometry": { "type": "Point", "coordinates": [ -87.186, 14.04314444 ] } },
{ "type": "Feature", "properties": { "Latitud Origen": 14.04314637, "Longitud Origen": -87.186004, "Usuario Origen": "Douglas Geovanny Bustillo/Andys Iraheta/Samir Antonio Talhami Bustillo" }, "geometry": { "type": "Point", "coordinates": [ -87.186004, 14.04314637 ] } },
{ "type": "Feature", "properties": { "Latitud Origen": 14.045402, "Longitud Origen": -87.233797, "Usuario Origen": "Douglas Geovanny Bustillo/Andys Iraheta/Samir Antonio Talhami Bustillo" }, "geometry": { "type": "Point", "coordinates": [ -87.233797, 14.045402 ] } },
{ "type": "Feature", "properties": { "Latitud Origen": 14.047391, "Longitud Origen": -87.242588, "Usuario Origen": "Douglas Geovanny Bustillo/Andys Iraheta/Samir Antonio Talhami Bustillo" }, "geometry": { "type": "Point", "coordinates": [ -87.242588, 14.047391 ] } },
{ "type": "Feature", "properties": { "Latitud Origen": 14.04750445, "Longitud Origen": -87.1740319, "Usuario Origen": "Douglas Geovanny Bustillo/Andys Iraheta/Samir Antonio Talhami Bustillo" }, "geometry": { "type": "Point", "coordinates": [ -87.1740319, 14.04750445 ] } },
{ "type": "Feature", "properties": { "Latitud Origen": 14.04763889, "Longitud Origen": -87.0812194, "Usuario Origen": "Douglas Geovanny Bustillo/Andys Iraheta/Samir Antonio Talhami Bustillo" }, "geometry": { "type": "Point", "coordinates": [ -87.0812194, 14.04763889 ] } },
{ "type": "Feature", "properties": { "Latitud Origen": 14.04798068, "Longitud Origen": -87.2117839, "Usuario Origen": "Douglas Geovanny Bustillo/Andys Iraheta/Samir Antonio Talhami Bustillo" }, "geometry": { "type": "Point", "coordinates": [ -87.2117839, 14.04798068 ] } },
{ "type": "Feature", "properties": { "Latitud Origen": 14.04860414, "Longitud Origen": -87.2586961, "Usuario Origen": "Douglas Geovanny Bustillo/Andys Iraheta/Samir Antonio Talhami Bustillo" }, "geometry": { "type": "Point", "coordinates": [ -87.2586961, 14.04860414 ] } },
{ "type": "Feature", "properties": { "Latitud Origen": 14.0491, "Longitud Origen": -87.19848, "Usuario Origen": "Douglas Geovanny Bustillo/Andys Iraheta/Samir Antonio Talhami Bustillo" }, "geometry": { "type": "Point", "coordinates": [ -87.19848, 14.0491 ] } },
{ "type": "Feature", "properties": { "Latitud Origen": 14.049119, "Longitud Origen": -87.25928, "Usuario Origen": "Douglas Geovanny Bustillo/Andys Iraheta/Samir Antonio Talhami Bustillo" }, "geometry": { "type": "Point", "coordinates": [ -87.25928, 14.049119 ] } },
{ "type": "Feature", "properties": { "Latitud Origen": 14.04922222, "Longitud Origen": -87.2179806, "Usuario Origen": "Douglas Geovanny Bustillo/Andys Iraheta/Samir Antonio Talhami Bustillo" }, "geometry": { "type": "Point", "coordinates": [ -87.2179806, 14.04922222 ] } },
{ "type": "Feature", "properties": { "Latitud Origen": 14.05044722, "Longitud Origen": -87.1910556, "Usuario Origen": "Douglas Geovanny Bustillo/Andys Iraheta/Samir Antonio Talhami Bustillo" }, "geometry": { "type": "Point", "coordinates": [ -87.1910556, 14.05044722 ] } },
{ "type": "Feature", "properties": { "Latitud Origen": 14.0504483, "Longitud Origen": -87.1910577, "Usuario Origen": "Douglas Geovanny Bustillo/Andys Iraheta/Samir Antonio Talhami Bustillo" }, "geometry": { "type": "Point", "coordinates": [ -87.1910577, 14.0504483 ] } },
{ "type": "Feature", "properties": { "Latitud Origen": 14.05076, "Longitud Origen": -87.182239, "Usuario Origen": "Douglas Geovanny Bustillo/Andys Iraheta/Samir Antonio Talhami Bustillo" }, "geometry": { "type": "Point", "coordinates": [ -87.182239, 14.05076 ] } },
{ "type": "Feature", "properties": { "Latitud Origen": 14.05147553, "Longitud Origen": -87.2334704, "Usuario Origen": "Douglas Geovanny Bustillo/Andys Iraheta/Samir Antonio Talhami Bustillo" }, "geometry": { "type": "Point", "coordinates": [ -87.2334704, 14.05147553 ] } },
{ "type": "Feature", "properties": { "Latitud Origen": 14.05147801, "Longitud Origen": -87.2334696, "Usuario Origen": "Douglas Geovanny Bustillo/Andys Iraheta/Samir Antonio Talhami Bustillo" }, "geometry": { "type": "Point", "coordinates": [ -87.2334696, 14.05147801 ] } },
{ "type": "Feature", "properties": { "Latitud Origen": 14.0515333, "Longitud Origen": -87.199423, "Usuario Origen": "Douglas Geovanny Bustillo/Andys Iraheta/Samir Antonio Talhami Bustillo" }, "geometry": { "type": "Point", "coordinates": [ -87.199423, 14.0515333 ] } },
{ "type": "Feature", "properties": { "Latitud Origen": 14.05153562, "Longitud Origen": -87.1994223, "Usuario Origen": "Douglas Geovanny Bustillo/Andys Iraheta/Samir Antonio Talhami Bustillo" }, "geometry": { "type": "Point", "coordinates": [ -87.1994223, 14.05153562 ] } },
{ "type": "Feature", "properties": { "Latitud Origen": 14.051596, "Longitud Origen": -87.233136, "Usuario Origen": "Douglas Geovanny Bustillo/Andys Iraheta/Samir Antonio Talhami Bustillo" }, "geometry": { "type": "Point", "coordinates": [ -87.233136, 14.051596 ] } },
{ "type": "Feature", "properties": { "Latitud Origen": 14.05308222, "Longitud Origen": -86.8845285, "Usuario Origen": "Douglas Geovanny Bustillo/Andys Iraheta/Samir Antonio Talhami Bustillo" }, "geometry": { "type": "Point", "coordinates": [ -86.8845285, 14.05308222 ] } },
{ "type": "Feature", "properties": { "Latitud Origen": 14.053321, "Longitud Origen": -87.222129, "Usuario Origen": "Douglas Geovanny Bustillo/Andys Iraheta/Samir Antonio Talhami Bustillo" }, "geometry": { "type": "Point", "coordinates": [ -87.222129, 14.053321 ] } },
{ "type": "Feature", "properties": { "Latitud Origen": 14.054083, "Longitud Origen": -87.222395, "Usuario Origen": "Douglas Geovanny Bustillo/Andys Iraheta/Samir Antonio Talhami Bustillo" }, "geometry": { "type": "Point", "coordinates": [ -87.222395, 14.054083 ] } },
{ "type": "Feature", "properties": { "Latitud Origen": 14.05410833, "Longitud Origen": -87.2392194, "Usuario Origen": "Douglas Geovanny Bustillo/Andys Iraheta/Samir Antonio Talhami Bustillo" }, "geometry": { "type": "Point", "coordinates": [ -87.2392194, 14.05410833 ] } },
{ "type": "Feature", "properties": { "Latitud Origen": 14.054172, "Longitud Origen": -87.252339, "Usuario Origen": "Douglas Geovanny Bustillo/Andys Iraheta/Samir Antonio Talhami Bustillo" }, "geometry": { "type": "Point", "coordinates": [ -87.252339, 14.054172 ] } },
{ "type": "Feature", "properties": { "Latitud Origen": 14.05463889, "Longitud Origen": -87.2018583, "Usuario Origen": "Douglas Geovanny Bustillo/Andys Iraheta/Samir Antonio Talhami Bustillo" }, "geometry": { "type": "Point", "coordinates": [ -87.2018583, 14.05463889 ] } },
{ "type": "Feature", "properties": { "Latitud Origen": 14.05541285, "Longitud Origen": -87.1852778, "Usuario Origen": "Douglas Geovanny Bustillo/Andys Iraheta/Samir Antonio Talhami Bustillo" }, "geometry": { "type": "Point", "coordinates": [ -87.1852778, 14.05541285 ] } },
{ "type": "Feature", "properties": { "Latitud Origen": 14.05541681, "Longitud Origen": -87.1852822, "Usuario Origen": "Douglas Geovanny Bustillo/Andys Iraheta/Samir Antonio Talhami Bustillo" }, "geometry": { "type": "Point", "coordinates": [ -87.1852822, 14.05541681 ] } },
{ "type": "Feature", "properties": { "Latitud Origen": 14.05621667, "Longitud Origen": -87.1959167, "Usuario Origen": "Douglas Geovanny Bustillo/Andys Iraheta/Samir Antonio Talhami Bustillo" }, "geometry": { "type": "Point", "coordinates": [ -87.1959167, 14.05621667 ] } },
{ "type": "Feature", "properties": { "Latitud Origen": 14.05622222, "Longitud Origen": -87.1959167, "Usuario Origen": "Douglas Geovanny Bustillo/Andys Iraheta/Samir Antonio Talhami Bustillo" }, "geometry": { "type": "Point", "coordinates": [ -87.1959167, 14.05622222 ] } },
{ "type": "Feature", "properties": { "Latitud Origen": 14.05663604, "Longitud Origen": -87.172085, "Usuario Origen": "Douglas Geovanny Bustillo/Andys Iraheta/Samir Antonio Talhami Bustillo" }, "geometry": { "type": "Point", "coordinates": [ -87.172085, 14.05663604 ] } },
{ "type": "Feature", "properties": { "Latitud Origen": 14.056653, "Longitud Origen": -87.249783, "Usuario Origen": "Douglas Geovanny Bustillo/Andys Iraheta/Samir Antonio Talhami Bustillo" }, "geometry": { "type": "Point", "coordinates": [ -87.249783, 14.056653 ] } },
{ "type": "Feature", "properties": { "Latitud Origen": 14.056802, "Longitud Origen": -87.194397, "Usuario Origen": "Douglas Geovanny Bustillo/Andys Iraheta/Samir Antonio Talhami Bustillo" }, "geometry": { "type": "Point", "coordinates": [ -87.194397, 14.056802 ] } },
{ "type": "Feature", "properties": { "Latitud Origen": 14.057118, "Longitud Origen": -87.22769, "Usuario Origen": "Douglas Geovanny Bustillo/Andys Iraheta/Samir Antonio Talhami Bustillo" }, "geometry": { "type": "Point", "coordinates": [ -87.22769, 14.057118 ] } },
{ "type": "Feature", "properties": { "Latitud Origen": 14.05719237, "Longitud Origen": -87.2240371, "Usuario Origen": "Douglas Geovanny Bustillo/Andys Iraheta/Samir Antonio Talhami Bustillo" }, "geometry": { "type": "Point", "coordinates": [ -87.2240371, 14.05719237 ] } },
{ "type": "Feature", "properties": { "Latitud Origen": 14.057208, "Longitud Origen": -87.256688, "Usuario Origen": "Douglas Geovanny Bustillo/Andys Iraheta/Samir Antonio Talhami Bustillo" }, "geometry": { "type": "Point", "coordinates": [ -87.256688, 14.057208 ] } },
{ "type": "Feature", "properties": { "Latitud Origen": 14.05807829, "Longitud Origen": -87.1928054, "Usuario Origen": "Douglas Geovanny Bustillo/Andys Iraheta/Samir Antonio Talhami Bustillo" }, "geometry": { "type": "Point", "coordinates": [ -87.1928054, 14.05807829 ] } },
{ "type": "Feature", "properties": { "Latitud Origen": 14.05886111, "Longitud Origen": -87.1955556, "Usuario Origen": "Douglas Geovanny Bustillo/Andys Iraheta/Samir Antonio Talhami Bustillo" }, "geometry": { "type": "Point", "coordinates": [ -87.1955556, 14.05886111 ] } },
{ "type": "Feature", "properties": { "Latitud Origen": 14.05886135, "Longitud Origen": -87.1972427, "Usuario Origen": "Douglas Geovanny Bustillo/Andys Iraheta/Samir Antonio Talhami Bustillo" }, "geometry": { "type": "Point", "coordinates": [ -87.1972427, 14.05886135 ] } },
{ "type": "Feature", "properties": { "Latitud Origen": 14.05892, "Longitud Origen": -87.17635, "Usuario Origen": "Douglas Geovanny Bustillo/Andys Iraheta/Samir Antonio Talhami Bustillo" }, "geometry": { "type": "Point", "coordinates": [ -87.17635, 14.05892 ] } },
{ "type": "Feature", "properties": { "Latitud Origen": 14.05945052, "Longitud Origen": -87.2450556, "Usuario Origen": "Douglas Geovanny Bustillo/Andys Iraheta/Samir Antonio Talhami Bustillo" }, "geometry": { "type": "Point", "coordinates": [ -87.2450556, 14.05945052 ] } },
{ "type": "Feature", "properties": { "Latitud Origen": 14.05980556, "Longitud Origen": -87.2399167, "Usuario Origen": "Douglas Geovanny Bustillo/Andys Iraheta/Samir Antonio Talhami Bustillo" }, "geometry": { "type": "Point", "coordinates": [ -87.2399167, 14.05980556 ] } },
{ "type": "Feature", "properties": { "Latitud Origen": 14.06006277, "Longitud Origen": -87.2195476, "Usuario Origen": "Douglas Geovanny Bustillo/Andys Iraheta/Samir Antonio Talhami Bustillo" }, "geometry": { "type": "Point", "coordinates": [ -87.2195476, 14.06006277 ] } },
{ "type": "Feature", "properties": { "Latitud Origen": 14.06009857, "Longitud Origen": -87.1990963, "Usuario Origen": "Douglas Geovanny Bustillo/Andys Iraheta/Samir Antonio Talhami Bustillo" }, "geometry": { "type": "Point", "coordinates": [ -87.1990963, 14.06009857 ] } },
{ "type": "Feature", "properties": { "Latitud Origen": 14.06019444, "Longitud Origen": -87.1870278, "Usuario Origen": "Douglas Geovanny Bustillo/Andys Iraheta/Samir Antonio Talhami Bustillo" }, "geometry": { "type": "Point", "coordinates": [ -87.1870278, 14.06019444 ] } },
{ "type": "Feature", "properties": { "Latitud Origen": 14.0603, "Longitud Origen": -87.1831111, "Usuario Origen": "Douglas Geovanny Bustillo/Andys Iraheta/Samir Antonio Talhami Bustillo" }, "geometry": { "type": "Point", "coordinates": [ -87.1831111, 14.0603 ] } },
{ "type": "Feature", "properties": { "Latitud Origen": 14.060602, "Longitud Origen": -87.241815, "Usuario Origen": "Douglas Geovanny Bustillo/Andys Iraheta/Samir Antonio Talhami Bustillo" }, "geometry": { "type": "Point", "coordinates": [ -87.241815, 14.060602 ] } },
{ "type": "Feature", "properties": { "Latitud Origen": 14.060725, "Longitud Origen": -87.25381, "Usuario Origen": "Douglas Geovanny Bustillo/Andys Iraheta/Samir Antonio Talhami Bustillo" }, "geometry": { "type": "Point", "coordinates": [ -87.25381, 14.060725 ] } },
{ "type": "Feature", "properties": { "Latitud Origen": 14.06072543, "Longitud Origen": -87.2538099, "Usuario Origen": "Douglas Geovanny Bustillo/Andys Iraheta/Samir Antonio Talhami Bustillo" }, "geometry": { "type": "Point", "coordinates": [ -87.2538099, 14.06072543 ] } },
{ "type": "Feature", "properties": { "Latitud Origen": 14.06093745, "Longitud Origen": -87.2221512, "Usuario Origen": "Douglas Geovanny Bustillo/Andys Iraheta/Samir Antonio Talhami Bustillo" }, "geometry": { "type": "Point", "coordinates": [ -87.2221512, 14.06093745 ] } },
{ "type": "Feature", "properties": { "Latitud Origen": 14.06102272, "Longitud Origen": -87.2076093, "Usuario Origen": "Douglas Geovanny Bustillo/Andys Iraheta/Samir Antonio Talhami Bustillo" }, "geometry": { "type": "Point", "coordinates": [ -87.2076093, 14.06102272 ] } },
{ "type": "Feature", "properties": { "Latitud Origen": 14.06123561, "Longitud Origen": -87.2223923, "Usuario Origen": "Douglas Geovanny Bustillo/Andys Iraheta/Samir Antonio Talhami Bustillo" }, "geometry": { "type": "Point", "coordinates": [ -87.2223923, 14.06123561 ] } },
{ "type": "Feature", "properties": { "Latitud Origen": 14.061299, "Longitud Origen": -87.221994, "Usuario Origen": "Douglas Geovanny Bustillo/Andys Iraheta/Samir Antonio Talhami Bustillo" }, "geometry": { "type": "Point", "coordinates": [ -87.221994, 14.061299 ] } },
{ "type": "Feature", "properties": { "Latitud Origen": 14.06211111, "Longitud Origen": -87.2233333, "Usuario Origen": "Douglas Geovanny Bustillo/Andys Iraheta/Samir Antonio Talhami Bustillo" }, "geometry": { "type": "Point", "coordinates": [ -87.2233333, 14.06211111 ] } },
{ "type": "Feature", "properties": { "Latitud Origen": 14.062315, "Longitud Origen": -87.220803, "Usuario Origen": "Douglas Geovanny Bustillo/Andys Iraheta/Samir Antonio Talhami Bustillo" }, "geometry": { "type": "Point", "coordinates": [ -87.220803, 14.062315 ] } },
{ "type": "Feature", "properties": { "Latitud Origen": 14.0628045, "Longitud Origen": -87.1846954, "Usuario Origen": "Douglas Geovanny Bustillo/Andys Iraheta/Samir Antonio Talhami Bustillo" }, "geometry": { "type": "Point", "coordinates": [ -87.1846954, 14.0628045 ] } },
{ "type": "Feature", "properties": { "Latitud Origen": 14.06322222, "Longitud Origen": -87.2001111, "Usuario Origen": "Douglas Geovanny Bustillo/Andys Iraheta/Samir Antonio Talhami Bustillo" }, "geometry": { "type": "Point", "coordinates": [ -87.2001111, 14.06322222 ] } },
{ "type": "Feature", "properties": { "Latitud Origen": 14.06327778, "Longitud Origen": -87.1895861, "Usuario Origen": "Douglas Geovanny Bustillo/Andys Iraheta/Samir Antonio Talhami Bustillo" }, "geometry": { "type": "Point", "coordinates": [ -87.1895861, 14.06327778 ] } },
{ "type": "Feature", "properties": { "Latitud Origen": 14.06411111, "Longitud Origen": -87.1818889, "Usuario Origen": "Douglas Geovanny Bustillo/Andys Iraheta/Samir Antonio Talhami Bustillo" }, "geometry": { "type": "Point", "coordinates": [ -87.1818889, 14.06411111 ] } },
{ "type": "Feature", "properties": { "Latitud Origen": 14.06419722, "Longitud Origen": -87.1941, "Usuario Origen": "Douglas Geovanny Bustillo/Andys Iraheta/Samir Antonio Talhami Bustillo" }, "geometry": { "type": "Point", "coordinates": [ -87.1941, 14.06419722 ] } },
{ "type": "Feature", "properties": { "Latitud Origen": 14.06433086, "Longitud Origen": -87.1748597, "Usuario Origen": "Douglas Geovanny Bustillo/Andys Iraheta/Samir Antonio Talhami Bustillo" }, "geometry": { "type": "Point", "coordinates": [ -87.1748597, 14.06433086 ] } },
{ "type": "Feature", "properties": { "Latitud Origen": 14.06461667, "Longitud Origen": -87.2086667, "Usuario Origen": "Douglas Geovanny Bustillo/Andys Iraheta/Samir Antonio Talhami Bustillo" }, "geometry": { "type": "Point", "coordinates": [ -87.2086667, 14.06461667 ] } },
{ "type": "Feature", "properties": { "Latitud Origen": 14.06477387, "Longitud Origen": -87.2289907, "Usuario Origen": "Douglas Geovanny Bustillo/Andys Iraheta/Samir Antonio Talhami Bustillo" }, "geometry": { "type": "Point", "coordinates": [ -87.2289907, 14.06477387 ] } },
{ "type": "Feature", "properties": { "Latitud Origen": 14.06575, "Longitud Origen": -87.178805, "Usuario Origen": "Douglas Geovanny Bustillo/Andys Iraheta/Samir Antonio Talhami Bustillo" }, "geometry": { "type": "Point", "coordinates": [ -87.178805, 14.06575 ] } },
{ "type": "Feature", "properties": { "Latitud Origen": 14.06602569, "Longitud Origen": -87.1906638, "Usuario Origen": "Douglas Geovanny Bustillo/Andys Iraheta/Samir Antonio Talhami Bustillo" }, "geometry": { "type": "Point", "coordinates": [ -87.1906638, 14.06602569 ] } },
{ "type": "Feature", "properties": { "Latitud Origen": 14.06602782, "Longitud Origen": -87.1906631, "Usuario Origen": "Douglas Geovanny Bustillo/Andys Iraheta/Samir Antonio Talhami Bustillo" }, "geometry": { "type": "Point", "coordinates": [ -87.1906631, 14.06602782 ] } },
{ "type": "Feature", "properties": { "Latitud Origen": 14.06626389, "Longitud Origen": -87.2193306, "Usuario Origen": "Douglas Geovanny Bustillo/Andys Iraheta/Samir Antonio Talhami Bustillo" }, "geometry": { "type": "Point", "coordinates": [ -87.2193306, 14.06626389 ] } },
{ "type": "Feature", "properties": { "Latitud Origen": 14.06640556, "Longitud Origen": -87.1715417, "Usuario Origen": "Douglas Geovanny Bustillo/Andys Iraheta/Samir Antonio Talhami Bustillo" }, "geometry": { "type": "Point", "coordinates": [ -87.1715417, 14.06640556 ] } },
{ "type": "Feature", "properties": { "Latitud Origen": 14.06691667, "Longitud Origen": -87.1873611, "Usuario Origen": "Douglas Geovanny Bustillo/Andys Iraheta/Samir Antonio Talhami Bustillo" }, "geometry": { "type": "Point", "coordinates": [ -87.1873611, 14.06691667 ] } },
{ "type": "Feature", "properties": { "Latitud Origen": 14.06694167, "Longitud Origen": -87.1668889, "Usuario Origen": "Douglas Geovanny Bustillo/Andys Iraheta/Samir Antonio Talhami Bustillo" }, "geometry": { "type": "Point", "coordinates": [ -87.1668889, 14.06694167 ] } },
{ "type": "Feature", "properties": { "Latitud Origen": 14.06705556, "Longitud Origen": -87.21075, "Usuario Origen": "Douglas Geovanny Bustillo/Andys Iraheta/Samir Antonio Talhami Bustillo" }, "geometry": { "type": "Point", "coordinates": [ -87.21075, 14.06705556 ] } },
{ "type": "Feature", "properties": { "Latitud Origen": 14.06780557, "Longitud Origen": -87.2003056, "Usuario Origen": "Douglas Geovanny Bustillo/Andys Iraheta/Samir Antonio Talhami Bustillo" }, "geometry": { "type": "Point", "coordinates": [ -87.2003056, 14.06780557 ] } },
{ "type": "Feature", "properties": { "Latitud Origen": 14.06802778, "Longitud Origen": -87.1949167, "Usuario Origen": "Douglas Geovanny Bustillo/Andys Iraheta/Samir Antonio Talhami Bustillo" }, "geometry": { "type": "Point", "coordinates": [ -87.1949167, 14.06802778 ] } },
{ "type": "Feature", "properties": { "Latitud Origen": 14.06838698, "Longitud Origen": -87.2132199, "Usuario Origen": "Douglas Geovanny Bustillo/Andys Iraheta/Samir Antonio Talhami Bustillo" }, "geometry": { "type": "Point", "coordinates": [ -87.2132199, 14.06838698 ] } },
{ "type": "Feature", "properties": { "Latitud Origen": 14.06905556, "Longitud Origen": -87.1848056, "Usuario Origen": "Douglas Geovanny Bustillo/Andys Iraheta/Samir Antonio Talhami Bustillo" }, "geometry": { "type": "Point", "coordinates": [ -87.1848056, 14.06905556 ] } },
{ "type": "Feature", "properties": { "Latitud Origen": 14.06937308, "Longitud Origen": -87.17918, "Usuario Origen": "Douglas Geovanny Bustillo/Andys Iraheta/Samir Antonio Talhami Bustillo" }, "geometry": { "type": "Point", "coordinates": [ -87.17918, 14.06937308 ] } },
{ "type": "Feature", "properties": { "Latitud Origen": 14.070026, "Longitud Origen": -87.273244, "Usuario Origen": "Douglas Geovanny Bustillo/Andys Iraheta/Samir Antonio Talhami Bustillo" }, "geometry": { "type": "Point", "coordinates": [ -87.273244, 14.070026 ] } },
{ "type": "Feature", "properties": { "Latitud Origen": 14.07003, "Longitud Origen": -87.2343, "Usuario Origen": "Douglas Geovanny Bustillo/Andys Iraheta/Samir Antonio Talhami Bustillo" }, "geometry": { "type": "Point", "coordinates": [ -87.2343, 14.07003 ] } },
{ "type": "Feature", "properties": { "Latitud Origen": 14.07041543, "Longitud Origen": -87.2730317, "Usuario Origen": "Douglas Geovanny Bustillo/Andys Iraheta/Samir Antonio Talhami Bustillo" }, "geometry": { "type": "Point", "coordinates": [ -87.2730317, 14.07041543 ] } },
{ "type": "Feature", "properties": { "Latitud Origen": 14.07122222, "Longitud Origen": -87.2078889, "Usuario Origen": "Douglas Geovanny Bustillo/Andys Iraheta/Samir Antonio Talhami Bustillo" }, "geometry": { "type": "Point", "coordinates": [ -87.2078889, 14.07122222 ] } },
{ "type": "Feature", "properties": { "Latitud Origen": 14.07241978, "Longitud Origen": -87.1671684, "Usuario Origen": "Douglas Geovanny Bustillo/Andys Iraheta/Samir Antonio Talhami Bustillo" }, "geometry": { "type": "Point", "coordinates": [ -87.1671684, 14.07241978 ] } },
{ "type": "Feature", "properties": { "Latitud Origen": 14.07273048, "Longitud Origen": -87.2195227, "Usuario Origen": "Douglas Geovanny Bustillo/Andys Iraheta/Samir Antonio Talhami Bustillo" }, "geometry": { "type": "Point", "coordinates": [ -87.2195227, 14.07273048 ] } },
{ "type": "Feature", "properties": { "Latitud Origen": 14.073271, "Longitud Origen": -87.212122, "Usuario Origen": "Douglas Geovanny Bustillo/Andys Iraheta/Samir Antonio Talhami Bustillo" }, "geometry": { "type": "Point", "coordinates": [ -87.212122, 14.073271 ] } },
{ "type": "Feature", "properties": { "Latitud Origen": 14.07327778, "Longitud Origen": -87.1942472, "Usuario Origen": "Douglas Geovanny Bustillo/Andys Iraheta/Samir Antonio Talhami Bustillo" }, "geometry": { "type": "Point", "coordinates": [ -87.1942472, 14.07327778 ] } },
{ "type": "Feature", "properties": { "Latitud Origen": 14.07380556, "Longitud Origen": -87.1686667, "Usuario Origen": "Douglas Geovanny Bustillo/Andys Iraheta/Samir Antonio Talhami Bustillo" }, "geometry": { "type": "Point", "coordinates": [ -87.1686667, 14.07380556 ] } },
{ "type": "Feature", "properties": { "Latitud Origen": 14.07391667, "Longitud Origen": -87.2036389, "Usuario Origen": "Douglas Geovanny Bustillo/Andys Iraheta/Samir Antonio Talhami Bustillo" }, "geometry": { "type": "Point", "coordinates": [ -87.2036389, 14.07391667 ] } },
{ "type": "Feature", "properties": { "Latitud Origen": 14.07402778, "Longitud Origen": -87.1883611, "Usuario Origen": "Douglas Geovanny Bustillo/Andys Iraheta/Samir Antonio Talhami Bustillo" }, "geometry": { "type": "Point", "coordinates": [ -87.1883611, 14.07402778 ] } },
{ "type": "Feature", "properties": { "Latitud Origen": 14.07436413, "Longitud Origen": -87.212697, "Usuario Origen": "Douglas Geovanny Bustillo/Andys Iraheta/Samir Antonio Talhami Bustillo" }, "geometry": { "type": "Point", "coordinates": [ -87.212697, 14.07436413 ] } },
{ "type": "Feature", "properties": { "Latitud Origen": 14.07436413, "Longitud Origen": -87.2126974, "Usuario Origen": "Douglas Geovanny Bustillo/Andys Iraheta/Samir Antonio Talhami Bustillo" }, "geometry": { "type": "Point", "coordinates": [ -87.2126974, 14.07436413 ] } },
{ "type": "Feature", "properties": { "Latitud Origen": 14.07521143, "Longitud Origen": -87.1704588, "Usuario Origen": "Douglas Geovanny Bustillo/Andys Iraheta/Samir Antonio Talhami Bustillo" }, "geometry": { "type": "Point", "coordinates": [ -87.1704588, 14.07521143 ] } },
{ "type": "Feature", "properties": { "Latitud Origen": 14.07539259, "Longitud Origen": -87.1823897, "Usuario Origen": "Douglas Geovanny Bustillo/Andys Iraheta/Samir Antonio Talhami Bustillo" }, "geometry": { "type": "Point", "coordinates": [ -87.1823897, 14.07539259 ] } },
{ "type": "Feature", "properties": { "Latitud Origen": 14.075707, "Longitud Origen": -87.207604, "Usuario Origen": "Douglas Geovanny Bustillo/Andys Iraheta/Samir Antonio Talhami Bustillo" }, "geometry": { "type": "Point", "coordinates": [ -87.207604, 14.075707 ] } },
{ "type": "Feature", "properties": { "Latitud Origen": 14.07575219, "Longitud Origen": -87.1851041, "Usuario Origen": "Douglas Geovanny Bustillo/Andys Iraheta/Samir Antonio Talhami Bustillo" }, "geometry": { "type": "Point", "coordinates": [ -87.1851041, 14.07575219 ] } },
{ "type": "Feature", "properties": { "Latitud Origen": 14.07594801, "Longitud Origen": -87.1644198, "Usuario Origen": "Douglas Geovanny Bustillo/Andys Iraheta/Samir Antonio Talhami Bustillo" }, "geometry": { "type": "Point", "coordinates": [ -87.1644198, 14.07594801 ] } },
{ "type": "Feature", "properties": { "Latitud Origen": 14.07623056, "Longitud Origen": -87.2011889, "Usuario Origen": "Douglas Geovanny Bustillo/Andys Iraheta/Samir Antonio Talhami Bustillo" }, "geometry": { "type": "Point", "coordinates": [ -87.2011889, 14.07623056 ] } },
{ "type": "Feature", "properties": { "Latitud Origen": 14.076236, "Longitud Origen": -87.166561, "Usuario Origen": "Douglas Geovanny Bustillo/Andys Iraheta/Samir Antonio Talhami Bustillo" }, "geometry": { "type": "Point", "coordinates": [ -87.166561, 14.076236 ] } },
{ "type": "Feature", "properties": { "Latitud Origen": 14.07628, "Longitud Origen": -87.19333, "Usuario Origen": "Douglas Geovanny Bustillo/Andys Iraheta/Samir Antonio Talhami Bustillo" }, "geometry": { "type": "Point", "coordinates": [ -87.19333, 14.07628 ] } },
{ "type": "Feature", "properties": { "Latitud Origen": 14.07697212, "Longitud Origen": -87.1860592, "Usuario Origen": "Douglas Geovanny Bustillo/Andys Iraheta/Samir Antonio Talhami Bustillo" }, "geometry": { "type": "Point", "coordinates": [ -87.1860592, 14.07697212 ] } },
{ "type": "Feature", "properties": { "Latitud Origen": 14.0772246, "Longitud Origen": -87.1869486, "Usuario Origen": "Douglas Geovanny Bustillo/Andys Iraheta/Samir Antonio Talhami Bustillo" }, "geometry": { "type": "Point", "coordinates": [ -87.1869486, 14.0772246 ] } },
{ "type": "Feature", "properties": { "Latitud Origen": 14.07738939, "Longitud Origen": -87.2361914, "Usuario Origen": "Douglas Geovanny Bustillo/Andys Iraheta/Samir Antonio Talhami Bustillo" }, "geometry": { "type": "Point", "coordinates": [ -87.2361914, 14.07738939 ] } },
{ "type": "Feature", "properties": { "Latitud Origen": 14.07778012, "Longitud Origen": -87.1933962, "Usuario Origen": "Douglas Geovanny Bustillo/Andys Iraheta/Samir Antonio Talhami Bustillo" }, "geometry": { "type": "Point", "coordinates": [ -87.1933962, 14.07778012 ] } },
{ "type": "Feature", "properties": { "Latitud Origen": 14.07817212, "Longitud Origen": -87.200557, "Usuario Origen": "Douglas Geovanny Bustillo/Andys Iraheta/Samir Antonio Talhami Bustillo" }, "geometry": { "type": "Point", "coordinates": [ -87.200557, 14.07817212 ] } },
{ "type": "Feature", "properties": { "Latitud Origen": 14.07825451, "Longitud Origen": -87.2201393, "Usuario Origen": "Douglas Geovanny Bustillo/Andys Iraheta/Samir Antonio Talhami Bustillo" }, "geometry": { "type": "Point", "coordinates": [ -87.2201393, 14.07825451 ] } },
{ "type": "Feature", "properties": { "Latitud Origen": 14.07872478, "Longitud Origen": -87.2098854, "Usuario Origen": "Douglas Geovanny Bustillo/Andys Iraheta/Samir Antonio Talhami Bustillo" }, "geometry": { "type": "Point", "coordinates": [ -87.2098854, 14.07872478 ] } },
{ "type": "Feature", "properties": { "Latitud Origen": 14.07897456, "Longitud Origen": -87.2137484, "Usuario Origen": "Douglas Geovanny Bustillo/Andys Iraheta/Samir Antonio Talhami Bustillo" }, "geometry": { "type": "Point", "coordinates": [ -87.2137484, 14.07897456 ] } },
{ "type": "Feature", "properties": { "Latitud Origen": 14.07912495, "Longitud Origen": -87.2366841, "Usuario Origen": "Douglas Geovanny Bustillo/Andys Iraheta/Samir Antonio Talhami Bustillo" }, "geometry": { "type": "Point", "coordinates": [ -87.2366841, 14.07912495 ] } },
{ "type": "Feature", "properties": { "Latitud Origen": 14.07944167, "Longitud Origen": -87.1963583, "Usuario Origen": "Douglas Geovanny Bustillo/Andys Iraheta/Samir Antonio Talhami Bustillo" }, "geometry": { "type": "Point", "coordinates": [ -87.1963583, 14.07944167 ] } },
{ "type": "Feature", "properties": { "Latitud Origen": 14.07976111, "Longitud Origen": -87.1857083, "Usuario Origen": "Douglas Geovanny Bustillo/Andys Iraheta/Samir Antonio Talhami Bustillo" }, "geometry": { "type": "Point", "coordinates": [ -87.1857083, 14.07976111 ] } },
{ "type": "Feature", "properties": { "Latitud Origen": 14.079955, "Longitud Origen": -87.209238, "Usuario Origen": "Douglas Geovanny Bustillo/Andys Iraheta/Samir Antonio Talhami Bustillo" }, "geometry": { "type": "Point", "coordinates": [ -87.209238, 14.079955 ] } },
{ "type": "Feature", "properties": { "Latitud Origen": 14.080084, "Longitud Origen": -87.180053, "Usuario Origen": "Douglas Geovanny Bustillo/Andys Iraheta/Samir Antonio Talhami Bustillo" }, "geometry": { "type": "Point", "coordinates": [ -87.180053, 14.080084 ] } },
{ "type": "Feature", "properties": { "Latitud Origen": 14.08054437, "Longitud Origen": -87.185145, "Usuario Origen": "Douglas Geovanny Bustillo/Andys Iraheta/Samir Antonio Talhami Bustillo" }, "geometry": { "type": "Point", "coordinates": [ -87.185145, 14.08054437 ] } },
{ "type": "Feature", "properties": { "Latitud Origen": 14.08144167, "Longitud Origen": -87.2427194, "Usuario Origen": "Douglas Geovanny Bustillo/Andys Iraheta/Samir Antonio Talhami Bustillo" }, "geometry": { "type": "Point", "coordinates": [ -87.2427194, 14.08144167 ] } },
{ "type": "Feature", "properties": { "Latitud Origen": 14.08146091, "Longitud Origen": -87.1682773, "Usuario Origen": "Douglas Geovanny Bustillo/Andys Iraheta/Samir Antonio Talhami Bustillo" }, "geometry": { "type": "Point", "coordinates": [ -87.1682773, 14.08146091 ] } },
{ "type": "Feature", "properties": { "Latitud Origen": 14.08158221, "Longitud Origen": -87.2295262, "Usuario Origen": "Douglas Geovanny Bustillo/Andys Iraheta/Samir Antonio Talhami Bustillo" }, "geometry": { "type": "Point", "coordinates": [ -87.2295262, 14.08158221 ] } },
{ "type": "Feature", "properties": { "Latitud Origen": 14.08177778, "Longitud Origen": -86.77425, "Usuario Origen": "Douglas Geovanny Bustillo/Andys Iraheta/Samir Antonio Talhami Bustillo" }, "geometry": { "type": "Point", "coordinates": [ -86.77425, 14.08177778 ] } },
{ "type": "Feature", "properties": { "Latitud Origen": 14.082389, "Longitud Origen": -87.163611, "Usuario Origen": "Douglas Geovanny Bustillo/Andys Iraheta/Samir Antonio Talhami Bustillo" }, "geometry": { "type": "Point", "coordinates": [ -87.163611, 14.082389 ] } },
{ "type": "Feature", "properties": { "Latitud Origen": 14.082442, "Longitud Origen": -87.198004, "Usuario Origen": "Douglas Geovanny Bustillo/Andys Iraheta/Samir Antonio Talhami Bustillo" }, "geometry": { "type": "Point", "coordinates": [ -87.198004, 14.082442 ] } },
{ "type": "Feature", "properties": { "Latitud Origen": 14.08250278, "Longitud Origen": -87.219975, "Usuario Origen": "Douglas Geovanny Bustillo/Andys Iraheta/Samir Antonio Talhami Bustillo" }, "geometry": { "type": "Point", "coordinates": [ -87.219975, 14.08250278 ] } },
{ "type": "Feature", "properties": { "Latitud Origen": 14.08276944, "Longitud Origen": -87.1755944, "Usuario Origen": "Douglas Geovanny Bustillo/Andys Iraheta/Samir Antonio Talhami Bustillo" }, "geometry": { "type": "Point", "coordinates": [ -87.1755944, 14.08276944 ] } },
{ "type": "Feature", "properties": { "Latitud Origen": 14.08277501, "Longitud Origen": -87.2105005, "Usuario Origen": "Douglas Geovanny Bustillo/Andys Iraheta/Samir Antonio Talhami Bustillo" }, "geometry": { "type": "Point", "coordinates": [ -87.2105005, 14.08277501 ] } },
{ "type": "Feature", "properties": { "Latitud Origen": 14.08277778, "Longitud Origen": -87.2105, "Usuario Origen": "Douglas Geovanny Bustillo/Andys Iraheta/Samir Antonio Talhami Bustillo" }, "geometry": { "type": "Point", "coordinates": [ -87.2105, 14.08277778 ] } },
{ "type": "Feature", "properties": { "Latitud Origen": 14.08279784, "Longitud Origen": -87.1940489, "Usuario Origen": "Douglas Geovanny Bustillo/Andys Iraheta/Samir Antonio Talhami Bustillo" }, "geometry": { "type": "Point", "coordinates": [ -87.1940489, 14.08279784 ] } },
{ "type": "Feature", "properties": { "Latitud Origen": 14.0828521, "Longitud Origen": -87.1940489, "Usuario Origen": "Douglas Geovanny Bustillo/Andys Iraheta/Samir Antonio Talhami Bustillo" }, "geometry": { "type": "Point", "coordinates": [ -87.1940489, 14.0828521 ] } },
{ "type": "Feature", "properties": { "Latitud Origen": 14.08296561, "Longitud Origen": -87.1600902, "Usuario Origen": "Douglas Geovanny Bustillo/Andys Iraheta/Samir Antonio Talhami Bustillo" }, "geometry": { "type": "Point", "coordinates": [ -87.1600902, 14.08296561 ] } },
{ "type": "Feature", "properties": { "Latitud Origen": 14.08296667, "Longitud Origen": -87.1600889, "Usuario Origen": "Douglas Geovanny Bustillo/Andys Iraheta/Samir Antonio Talhami Bustillo" }, "geometry": { "type": "Point", "coordinates": [ -87.1600889, 14.08296667 ] } },
{ "type": "Feature", "properties": { "Latitud Origen": 14.08296744, "Longitud Origen": -87.1600896, "Usuario Origen": "Douglas Geovanny Bustillo/Andys Iraheta/Samir Antonio Talhami Bustillo" }, "geometry": { "type": "Point", "coordinates": [ -87.1600896, 14.08296744 ] } },
{ "type": "Feature", "properties": { "Latitud Origen": 14.08305556, "Longitud Origen": -87.1663889, "Usuario Origen": "Douglas Geovanny Bustillo/Andys Iraheta/Samir Antonio Talhami Bustillo" }, "geometry": { "type": "Point", "coordinates": [ -87.1663889, 14.08305556 ] } },
{ "type": "Feature", "properties": { "Latitud Origen": 14.083119, "Longitud Origen": -87.178549, "Usuario Origen": "Douglas Geovanny Bustillo/Andys Iraheta/Samir Antonio Talhami Bustillo" }, "geometry": { "type": "Point", "coordinates": [ -87.178549, 14.083119 ] } },
{ "type": "Feature", "properties": { "Latitud Origen": 14.083913, "Longitud Origen": -87.184661, "Usuario Origen": "Douglas Geovanny Bustillo/Andys Iraheta/Samir Antonio Talhami Bustillo" }, "geometry": { "type": "Point", "coordinates": [ -87.184661, 14.083913 ] } },
{ "type": "Feature", "properties": { "Latitud Origen": 14.084632, "Longitud Origen": -87.186117, "Usuario Origen": "Douglas Geovanny Bustillo/Andys Iraheta/Samir Antonio Talhami Bustillo" }, "geometry": { "type": "Point", "coordinates": [ -87.186117, 14.084632 ] } },
{ "type": "Feature", "properties": { "Latitud Origen": 14.084691, "Longitud Origen": -87.2103056, "Usuario Origen": "Douglas Geovanny Bustillo/Andys Iraheta/Samir Antonio Talhami Bustillo" }, "geometry": { "type": "Point", "coordinates": [ -87.2103056, 14.084691 ] } },
{ "type": "Feature", "properties": { "Latitud Origen": 14.08469444, "Longitud Origen": -87.1559028, "Usuario Origen": "Douglas Geovanny Bustillo/Andys Iraheta/Samir Antonio Talhami Bustillo" }, "geometry": { "type": "Point", "coordinates": [ -87.1559028, 14.08469444 ] } },
{ "type": "Feature", "properties": { "Latitud Origen": 14.084908, "Longitud Origen": -87.176694, "Usuario Origen": "Douglas Geovanny Bustillo/Andys Iraheta/Samir Antonio Talhami Bustillo" }, "geometry": { "type": "Point", "coordinates": [ -87.176694, 14.084908 ] } },
{ "type": "Feature", "properties": { "Latitud Origen": 14.08513875, "Longitud Origen": -87.1714203, "Usuario Origen": "Douglas Geovanny Bustillo/Andys Iraheta/Samir Antonio Talhami Bustillo" }, "geometry": { "type": "Point", "coordinates": [ -87.1714203, 14.08513875 ] } },
{ "type": "Feature", "properties": { "Latitud Origen": 14.08563759, "Longitud Origen": -87.2042781, "Usuario Origen": "Douglas Geovanny Bustillo/Andys Iraheta/Samir Antonio Talhami Bustillo" }, "geometry": { "type": "Point", "coordinates": [ -87.2042781, 14.08563759 ] } },
{ "type": "Feature", "properties": { "Latitud Origen": 14.085638, "Longitud Origen": -87.204278, "Usuario Origen": "Douglas Geovanny Bustillo/Andys Iraheta/Samir Antonio Talhami Bustillo" }, "geometry": { "type": "Point", "coordinates": [ -87.204278, 14.085638 ] } },
{ "type": "Feature", "properties": { "Latitud Origen": 14.08576049, "Longitud Origen": -87.1978587, "Usuario Origen": "Douglas Geovanny Bustillo/Andys Iraheta/Samir Antonio Talhami Bustillo" }, "geometry": { "type": "Point", "coordinates": [ -87.1978587, 14.08576049 ] } },
{ "type": "Feature", "properties": { "Latitud Origen": 14.08591534, "Longitud Origen": -87.1850289, "Usuario Origen": "Douglas Geovanny Bustillo/Andys Iraheta/Samir Antonio Talhami Bustillo" }, "geometry": { "type": "Point", "coordinates": [ -87.1850289, 14.08591534 ] } },
{ "type": "Feature", "properties": { "Latitud Origen": 14.08616667, "Longitud Origen": -87.1913333, "Usuario Origen": "Douglas Geovanny Bustillo/Andys Iraheta/Samir Antonio Talhami Bustillo" }, "geometry": { "type": "Point", "coordinates": [ -87.1913333, 14.08616667 ] } },
{ "type": "Feature", "properties": { "Latitud Origen": 14.08649, "Longitud Origen": -87.22362, "Usuario Origen": "Douglas Geovanny Bustillo/Andys Iraheta/Samir Antonio Talhami Bustillo" }, "geometry": { "type": "Point", "coordinates": [ -87.22362, 14.08649 ] } },
{ "type": "Feature", "properties": { "Latitud Origen": 14.08652318, "Longitud Origen": -87.1939501, "Usuario Origen": "Douglas Geovanny Bustillo/Andys Iraheta/Samir Antonio Talhami Bustillo" }, "geometry": { "type": "Point", "coordinates": [ -87.1939501, 14.08652318 ] } },
{ "type": "Feature", "properties": { "Latitud Origen": 14.086559, "Longitud Origen": -87.18226, "Usuario Origen": "Douglas Geovanny Bustillo/Andys Iraheta/Samir Antonio Talhami Bustillo" }, "geometry": { "type": "Point", "coordinates": [ -87.18226, 14.086559 ] } },
{ "type": "Feature", "properties": { "Latitud Origen": 14.08655943, "Longitud Origen": -87.1822596, "Usuario Origen": "Douglas Geovanny Bustillo/Andys Iraheta/Samir Antonio Talhami Bustillo" }, "geometry": { "type": "Point", "coordinates": [ -87.1822596, 14.08655943 ] } },
{ "type": "Feature", "properties": { "Latitud Origen": 14.0866075, "Longitud Origen": -87.1878092, "Usuario Origen": "Douglas Geovanny Bustillo/Andys Iraheta/Samir Antonio Talhami Bustillo" }, "geometry": { "type": "Point", "coordinates": [ -87.1878092, 14.0866075 ] } },
{ "type": "Feature", "properties": { "Latitud Origen": 14.08660942, "Longitud Origen": -87.1878085, "Usuario Origen": "Douglas Geovanny Bustillo/Andys Iraheta/Samir Antonio Talhami Bustillo" }, "geometry": { "type": "Point", "coordinates": [ -87.1878085, 14.08660942 ] } },
{ "type": "Feature", "properties": { "Latitud Origen": 14.08662248, "Longitud Origen": -87.194154, "Usuario Origen": "Douglas Geovanny Bustillo/Andys Iraheta/Samir Antonio Talhami Bustillo" }, "geometry": { "type": "Point", "coordinates": [ -87.194154, 14.08662248 ] } },
{ "type": "Feature", "properties": { "Latitud Origen": 14.08795556, "Longitud Origen": -87.1832833, "Usuario Origen": "Douglas Geovanny Bustillo/Andys Iraheta/Samir Antonio Talhami Bustillo" }, "geometry": { "type": "Point", "coordinates": [ -87.1832833, 14.08795556 ] } },
{ "type": "Feature", "properties": { "Latitud Origen": 14.08844167, "Longitud Origen": -87.2020556, "Usuario Origen": "Douglas Geovanny Bustillo/Andys Iraheta/Samir Antonio Talhami Bustillo" }, "geometry": { "type": "Point", "coordinates": [ -87.2020556, 14.08844167 ] } },
{ "type": "Feature", "properties": { "Latitud Origen": 14.08849511, "Longitud Origen": -87.214368, "Usuario Origen": "Douglas Geovanny Bustillo/Andys Iraheta/Samir Antonio Talhami Bustillo" }, "geometry": { "type": "Point", "coordinates": [ -87.214368, 14.08849511 ] } },
{ "type": "Feature", "properties": { "Latitud Origen": 14.08864445, "Longitud Origen": -87.2116083, "Usuario Origen": "Douglas Geovanny Bustillo/Andys Iraheta/Samir Antonio Talhami Bustillo" }, "geometry": { "type": "Point", "coordinates": [ -87.2116083, 14.08864445 ] } },
{ "type": "Feature", "properties": { "Latitud Origen": 14.08873334, "Longitud Origen": -87.1774861, "Usuario Origen": "Douglas Geovanny Bustillo/Andys Iraheta/Samir Antonio Talhami Bustillo" }, "geometry": { "type": "Point", "coordinates": [ -87.1774861, 14.08873334 ] } },
{ "type": "Feature", "properties": { "Latitud Origen": 14.088734, "Longitud Origen": -87.177488, "Usuario Origen": "Douglas Geovanny Bustillo/Andys Iraheta/Samir Antonio Talhami Bustillo" }, "geometry": { "type": "Point", "coordinates": [ -87.177488, 14.088734 ] } },
{ "type": "Feature", "properties": { "Latitud Origen": 14.08934098, "Longitud Origen": -87.1956114, "Usuario Origen": "Douglas Geovanny Bustillo/Andys Iraheta/Samir Antonio Talhami Bustillo" }, "geometry": { "type": "Point", "coordinates": [ -87.1956114, 14.08934098 ] } },
{ "type": "Feature", "properties": { "Latitud Origen": 14.08934291, "Longitud Origen": -87.1956107, "Usuario Origen": "Douglas Geovanny Bustillo/Andys Iraheta/Samir Antonio Talhami Bustillo" }, "geometry": { "type": "Point", "coordinates": [ -87.1956107, 14.08934291 ] } },
{ "type": "Feature", "properties": { "Latitud Origen": 14.089405, "Longitud Origen": -87.17998, "Usuario Origen": "Douglas Geovanny Bustillo/Andys Iraheta/Samir Antonio Talhami Bustillo" }, "geometry": { "type": "Point", "coordinates": [ -87.17998, 14.089405 ] } },
{ "type": "Feature", "properties": { "Latitud Origen": 14.08947223, "Longitud Origen": -87.1906944, "Usuario Origen": "Douglas Geovanny Bustillo/Andys Iraheta/Samir Antonio Talhami Bustillo" }, "geometry": { "type": "Point", "coordinates": [ -87.1906944, 14.08947223 ] } },
{ "type": "Feature", "properties": { "Latitud Origen": 14.08983018, "Longitud Origen": -87.2076075, "Usuario Origen": "Douglas Geovanny Bustillo/Andys Iraheta/Samir Antonio Talhami Bustillo" }, "geometry": { "type": "Point", "coordinates": [ -87.2076075, 14.08983018 ] } },
{ "type": "Feature", "properties": { "Latitud Origen": 14.089977, "Longitud Origen": -87.178104, "Usuario Origen": "Douglas Geovanny Bustillo/Andys Iraheta/Samir Antonio Talhami Bustillo" }, "geometry": { "type": "Point", "coordinates": [ -87.178104, 14.089977 ] } },
{ "type": "Feature", "properties": { "Latitud Origen": 14.08999, "Longitud Origen": -87.18642, "Usuario Origen": "Douglas Geovanny Bustillo/Andys Iraheta/Samir Antonio Talhami Bustillo" }, "geometry": { "type": "Point", "coordinates": [ -87.18642, 14.08999 ] } },
{ "type": "Feature", "properties": { "Latitud Origen": 14.09019444, "Longitud Origen": -87.2382222, "Usuario Origen": "Douglas Geovanny Bustillo/Andys Iraheta/Samir Antonio Talhami Bustillo" }, "geometry": { "type": "Point", "coordinates": [ -87.2382222, 14.09019444 ] } },
{ "type": "Feature", "properties": { "Latitud Origen": 14.09072223, "Longitud Origen": -87.1620806, "Usuario Origen": "Douglas Geovanny Bustillo/Andys Iraheta/Samir Antonio Talhami Bustillo" }, "geometry": { "type": "Point", "coordinates": [ -87.1620806, 14.09072223 ] } },
{ "type": "Feature", "properties": { "Latitud Origen": 14.09075, "Longitud Origen": -87.1873861, "Usuario Origen": "Douglas Geovanny Bustillo/Andys Iraheta/Samir Antonio Talhami Bustillo" }, "geometry": { "type": "Point", "coordinates": [ -87.1873861, 14.09075 ] } },
{ "type": "Feature", "properties": { "Latitud Origen": 14.09091461, "Longitud Origen": -87.2282756, "Usuario Origen": "Douglas Geovanny Bustillo/Andys Iraheta/Samir Antonio Talhami Bustillo" }, "geometry": { "type": "Point", "coordinates": [ -87.2282756, 14.09091461 ] } },
{ "type": "Feature", "properties": { "Latitud Origen": 14.09094663, "Longitud Origen": -87.2418006, "Usuario Origen": "Douglas Geovanny Bustillo/Andys Iraheta/Samir Antonio Talhami Bustillo" }, "geometry": { "type": "Point", "coordinates": [ -87.2418006, 14.09094663 ] } },
{ "type": "Feature", "properties": { "Latitud Origen": 14.09108334, "Longitud Origen": -87.2131945, "Usuario Origen": "Douglas Geovanny Bustillo/Andys Iraheta/Samir Antonio Talhami Bustillo" }, "geometry": { "type": "Point", "coordinates": [ -87.2131945, 14.09108334 ] } },
{ "type": "Feature", "properties": { "Latitud Origen": 14.0911456, "Longitud Origen": -87.1678768, "Usuario Origen": "Douglas Geovanny Bustillo/Andys Iraheta/Samir Antonio Talhami Bustillo" }, "geometry": { "type": "Point", "coordinates": [ -87.1678768, 14.0911456 ] } },
{ "type": "Feature", "properties": { "Latitud Origen": 14.09135833, "Longitud Origen": -87.2341056, "Usuario Origen": "Douglas Geovanny Bustillo/Andys Iraheta/Samir Antonio Talhami Bustillo" }, "geometry": { "type": "Point", "coordinates": [ -87.2341056, 14.09135833 ] } },
{ "type": "Feature", "properties": { "Latitud Origen": 14.09191337, "Longitud Origen": -87.2513617, "Usuario Origen": "Douglas Geovanny Bustillo/Andys Iraheta/Samir Antonio Talhami Bustillo" }, "geometry": { "type": "Point", "coordinates": [ -87.2513617, 14.09191337 ] } },
{ "type": "Feature", "properties": { "Latitud Origen": 14.09199817, "Longitud Origen": -87.1880816, "Usuario Origen": "Douglas Geovanny Bustillo/Andys Iraheta/Samir Antonio Talhami Bustillo" }, "geometry": { "type": "Point", "coordinates": [ -87.1880816, 14.09199817 ] } },
{ "type": "Feature", "properties": { "Latitud Origen": 14.0922753, "Longitud Origen": -87.22354, "Usuario Origen": "Douglas Geovanny Bustillo/Andys Iraheta/Samir Antonio Talhami Bustillo" }, "geometry": { "type": "Point", "coordinates": [ -87.22354, 14.0922753 ] } },
{ "type": "Feature", "properties": { "Latitud Origen": 14.0924965, "Longitud Origen": -87.1980868, "Usuario Origen": "Douglas Geovanny Bustillo/Andys Iraheta/Samir Antonio Talhami Bustillo" }, "geometry": { "type": "Point", "coordinates": [ -87.1980868, 14.0924965 ] } },
{ "type": "Feature", "properties": { "Latitud Origen": 14.092549, "Longitud Origen": -87.188136, "Usuario Origen": "Douglas Geovanny Bustillo/Andys Iraheta/Samir Antonio Talhami Bustillo" }, "geometry": { "type": "Point", "coordinates": [ -87.188136, 14.092549 ] } },
{ "type": "Feature", "properties": { "Latitud Origen": 14.09266667, "Longitud Origen": -87.1955278, "Usuario Origen": "Douglas Geovanny Bustillo/Andys Iraheta/Samir Antonio Talhami Bustillo" }, "geometry": { "type": "Point", "coordinates": [ -87.1955278, 14.09266667 ] } },
{ "type": "Feature", "properties": { "Latitud Origen": 14.09283056, "Longitud Origen": -87.2104694, "Usuario Origen": "Douglas Geovanny Bustillo/Andys Iraheta/Samir Antonio Talhami Bustillo" }, "geometry": { "type": "Point", "coordinates": [ -87.2104694, 14.09283056 ] } },
{ "type": "Feature", "properties": { "Latitud Origen": 14.0930804, "Longitud Origen": -87.1916397, "Usuario Origen": "Douglas Geovanny Bustillo/Andys Iraheta/Samir Antonio Talhami Bustillo" }, "geometry": { "type": "Point", "coordinates": [ -87.1916397, 14.0930804 ] } },
{ "type": "Feature", "properties": { "Latitud Origen": 14.09327908, "Longitud Origen": -87.1802177, "Usuario Origen": "Douglas Geovanny Bustillo/Andys Iraheta/Samir Antonio Talhami Bustillo" }, "geometry": { "type": "Point", "coordinates": [ -87.1802177, 14.09327908 ] } },
{ "type": "Feature", "properties": { "Latitud Origen": 14.09329719, "Longitud Origen": -87.1801899, "Usuario Origen": "Douglas Geovanny Bustillo/Andys Iraheta/Samir Antonio Talhami Bustillo" }, "geometry": { "type": "Point", "coordinates": [ -87.1801899, 14.09329719 ] } },
{ "type": "Feature", "properties": { "Latitud Origen": 14.09396, "Longitud Origen": -87.21872, "Usuario Origen": "Douglas Geovanny Bustillo/Andys Iraheta/Samir Antonio Talhami Bustillo" }, "geometry": { "type": "Point", "coordinates": [ -87.21872, 14.09396 ] } },
{ "type": "Feature", "properties": { "Latitud Origen": 14.09441667, "Longitud Origen": -87.2148889, "Usuario Origen": "Douglas Geovanny Bustillo/Andys Iraheta/Samir Antonio Talhami Bustillo" }, "geometry": { "type": "Point", "coordinates": [ -87.2148889, 14.09441667 ] } },
{ "type": "Feature", "properties": { "Latitud Origen": 14.0945, "Longitud Origen": -87.2256944, "Usuario Origen": "Douglas Geovanny Bustillo/Andys Iraheta/Samir Antonio Talhami Bustillo" }, "geometry": { "type": "Point", "coordinates": [ -87.2256944, 14.0945 ] } },
{ "type": "Feature", "properties": { "Latitud Origen": 14.09463889, "Longitud Origen": -87.1588889, "Usuario Origen": "Douglas Geovanny Bustillo/Andys Iraheta/Samir Antonio Talhami Bustillo" }, "geometry": { "type": "Point", "coordinates": [ -87.1588889, 14.09463889 ] } },
{ "type": "Feature", "properties": { "Latitud Origen": 14.09557682, "Longitud Origen": -87.212189, "Usuario Origen": "Douglas Geovanny Bustillo/Andys Iraheta/Samir Antonio Talhami Bustillo" }, "geometry": { "type": "Point", "coordinates": [ -87.212189, 14.09557682 ] } },
{ "type": "Feature", "properties": { "Latitud Origen": 14.09587778, "Longitud Origen": -87.1778278, "Usuario Origen": "Douglas Geovanny Bustillo/Andys Iraheta/Samir Antonio Talhami Bustillo" }, "geometry": { "type": "Point", "coordinates": [ -87.1778278, 14.09587778 ] } },
{ "type": "Feature", "properties": { "Latitud Origen": 14.09608917, "Longitud Origen": -87.1943565, "Usuario Origen": "Douglas Geovanny Bustillo/Andys Iraheta/Samir Antonio Talhami Bustillo" }, "geometry": { "type": "Point", "coordinates": [ -87.1943565, 14.09608917 ] } },
{ "type": "Feature", "properties": { "Latitud Origen": 14.0966, "Longitud Origen": -87.191799, "Usuario Origen": "Douglas Geovanny Bustillo/Andys Iraheta/Samir Antonio Talhami Bustillo" }, "geometry": { "type": "Point", "coordinates": [ -87.191799, 14.0966 ] } },
{ "type": "Feature", "properties": { "Latitud Origen": 14.09660935, "Longitud Origen": -87.207985, "Usuario Origen": "Douglas Geovanny Bustillo/Andys Iraheta/Samir Antonio Talhami Bustillo" }, "geometry": { "type": "Point", "coordinates": [ -87.207985, 14.09660935 ] } },
{ "type": "Feature", "properties": { "Latitud Origen": 14.09661126, "Longitud Origen": -87.2079842, "Usuario Origen": "Douglas Geovanny Bustillo/Andys Iraheta/Samir Antonio Talhami Bustillo" }, "geometry": { "type": "Point", "coordinates": [ -87.2079842, 14.09661126 ] } },
{ "type": "Feature", "properties": { "Latitud Origen": 14.09759, "Longitud Origen": -87.2042795, "Usuario Origen": "Douglas Geovanny Bustillo/Andys Iraheta/Samir Antonio Talhami Bustillo" }, "geometry": { "type": "Point", "coordinates": [ -87.2042795, 14.09759 ] } },
{ "type": "Feature", "properties": { "Latitud Origen": 14.09763509, "Longitud Origen": -87.2137203, "Usuario Origen": "Douglas Geovanny Bustillo/Andys Iraheta/Samir Antonio Talhami Bustillo" }, "geometry": { "type": "Point", "coordinates": [ -87.2137203, 14.09763509 ] } },
{ "type": "Feature", "properties": { "Latitud Origen": 14.09763702, "Longitud Origen": -87.2137195, "Usuario Origen": "Douglas Geovanny Bustillo/Andys Iraheta/Samir Antonio Talhami Bustillo" }, "geometry": { "type": "Point", "coordinates": [ -87.2137195, 14.09763702 ] } },
{ "type": "Feature", "properties": { "Latitud Origen": 14.09817041, "Longitud Origen": -87.2033629, "Usuario Origen": "Douglas Geovanny Bustillo/Andys Iraheta/Samir Antonio Talhami Bustillo" }, "geometry": { "type": "Point", "coordinates": [ -87.2033629, 14.09817041 ] } },
{ "type": "Feature", "properties": { "Latitud Origen": 14.098253, "Longitud Origen": -87.178341, "Usuario Origen": "Douglas Geovanny Bustillo/Andys Iraheta/Samir Antonio Talhami Bustillo" }, "geometry": { "type": "Point", "coordinates": [ -87.178341, 14.098253 ] } },
{ "type": "Feature", "properties": { "Latitud Origen": 14.09830556, "Longitud Origen": -87.1916389, "Usuario Origen": "Douglas Geovanny Bustillo/Andys Iraheta/Samir Antonio Talhami Bustillo" }, "geometry": { "type": "Point", "coordinates": [ -87.1916389, 14.09830556 ] } },
{ "type": "Feature", "properties": { "Latitud Origen": 14.09839255, "Longitud Origen": -87.227931, "Usuario Origen": "Douglas Geovanny Bustillo/Andys Iraheta/Samir Antonio Talhami Bustillo" }, "geometry": { "type": "Point", "coordinates": [ -87.227931, 14.09839255 ] } },
{ "type": "Feature", "properties": { "Latitud Origen": 14.09851067, "Longitud Origen": -87.1850576, "Usuario Origen": "Douglas Geovanny Bustillo/Andys Iraheta/Samir Antonio Talhami Bustillo" }, "geometry": { "type": "Point", "coordinates": [ -87.1850576, 14.09851067 ] } },
{ "type": "Feature", "properties": { "Latitud Origen": 14.098557, "Longitud Origen": -87.204429, "Usuario Origen": "Douglas Geovanny Bustillo/Andys Iraheta/Samir Antonio Talhami Bustillo" }, "geometry": { "type": "Point", "coordinates": [ -87.204429, 14.098557 ] } },
{ "type": "Feature", "properties": { "Latitud Origen": 14.09899444, "Longitud Origen": -87.2107722, "Usuario Origen": "Douglas Geovanny Bustillo/Andys Iraheta/Samir Antonio Talhami Bustillo" }, "geometry": { "type": "Point", "coordinates": [ -87.2107722, 14.09899444 ] } },
{ "type": "Feature", "properties": { "Latitud Origen": 14.099201, "Longitud Origen": -87.204392, "Usuario Origen": "Douglas Geovanny Bustillo/Andys Iraheta/Samir Antonio Talhami Bustillo" }, "geometry": { "type": "Point", "coordinates": [ -87.204392, 14.099201 ] } },
{ "type": "Feature", "properties": { "Latitud Origen": 14.09947222, "Longitud Origen": -87.2317778, "Usuario Origen": "Douglas Geovanny Bustillo/Andys Iraheta/Samir Antonio Talhami Bustillo" }, "geometry": { "type": "Point", "coordinates": [ -87.2317778, 14.09947222 ] } },
{ "type": "Feature", "properties": { "Latitud Origen": 14.09983734, "Longitud Origen": -87.1995012, "Usuario Origen": "Douglas Geovanny Bustillo/Andys Iraheta/Samir Antonio Talhami Bustillo" }, "geometry": { "type": "Point", "coordinates": [ -87.1995012, 14.09983734 ] } },
{ "type": "Feature", "properties": { "Latitud Origen": 14.100139, "Longitud Origen": -87.18927, "Usuario Origen": "Douglas Geovanny Bustillo/Andys Iraheta/Samir Antonio Talhami Bustillo" }, "geometry": { "type": "Point", "coordinates": [ -87.18927, 14.100139 ] } },
{ "type": "Feature", "properties": { "Latitud Origen": 14.1001425, "Longitud Origen": -87.2503609, "Usuario Origen": "Douglas Geovanny Bustillo/Andys Iraheta/Samir Antonio Talhami Bustillo" }, "geometry": { "type": "Point", "coordinates": [ -87.2503609, 14.1001425 ] } },
{ "type": "Feature", "properties": { "Latitud Origen": 14.10041797, "Longitud Origen": -87.1857539, "Usuario Origen": "Douglas Geovanny Bustillo/Andys Iraheta/Samir Antonio Talhami Bustillo" }, "geometry": { "type": "Point", "coordinates": [ -87.1857539, 14.10041797 ] } },
{ "type": "Feature", "properties": { "Latitud Origen": 14.100555, "Longitud Origen": -87.1948889, "Usuario Origen": "Douglas Geovanny Bustillo/Andys Iraheta/Samir Antonio Talhami Bustillo" }, "geometry": { "type": "Point", "coordinates": [ -87.1948889, 14.100555 ] } },
{ "type": "Feature", "properties": { "Latitud Origen": 14.100899, "Longitud Origen": -87.18766, "Usuario Origen": "Douglas Geovanny Bustillo/Andys Iraheta/Samir Antonio Talhami Bustillo" }, "geometry": { "type": "Point", "coordinates": [ -87.18766, 14.100899 ] } },
{ "type": "Feature", "properties": { "Latitud Origen": 14.10096982, "Longitud Origen": -87.192031, "Usuario Origen": "Douglas Geovanny Bustillo/Andys Iraheta/Samir Antonio Talhami Bustillo" }, "geometry": { "type": "Point", "coordinates": [ -87.192031, 14.10096982 ] } },
{ "type": "Feature", "properties": { "Latitud Origen": 14.10105, "Longitud Origen": -87.2070222, "Usuario Origen": "Douglas Geovanny Bustillo/Andys Iraheta/Samir Antonio Talhami Bustillo" }, "geometry": { "type": "Point", "coordinates": [ -87.2070222, 14.10105 ] } },
{ "type": "Feature", "properties": { "Latitud Origen": 14.10109271, "Longitud Origen": -87.1782876, "Usuario Origen": "Douglas Geovanny Bustillo/Andys Iraheta/Samir Antonio Talhami Bustillo" }, "geometry": { "type": "Point", "coordinates": [ -87.1782876, 14.10109271 ] } },
{ "type": "Feature", "properties": { "Latitud Origen": 14.10163773, "Longitud Origen": -87.1869129, "Usuario Origen": "Douglas Geovanny Bustillo/Andys Iraheta/Samir Antonio Talhami Bustillo" }, "geometry": { "type": "Point", "coordinates": [ -87.1869129, 14.10163773 ] } },
{ "type": "Feature", "properties": { "Latitud Origen": 14.10258334, "Longitud Origen": -87.1838611, "Usuario Origen": "Douglas Geovanny Bustillo/Andys Iraheta/Samir Antonio Talhami Bustillo" }, "geometry": { "type": "Point", "coordinates": [ -87.1838611, 14.10258334 ] } },
{ "type": "Feature", "properties": { "Latitud Origen": 14.103172, "Longitud Origen": -87.197425, "Usuario Origen": "Douglas Geovanny Bustillo/Andys Iraheta/Samir Antonio Talhami Bustillo" }, "geometry": { "type": "Point", "coordinates": [ -87.197425, 14.103172 ] } },
{ "type": "Feature", "properties": { "Latitud Origen": 14.10335, "Longitud Origen": -87.23425, "Usuario Origen": "Douglas Geovanny Bustillo/Andys Iraheta/Samir Antonio Talhami Bustillo" }, "geometry": { "type": "Point", "coordinates": [ -87.23425, 14.10335 ] } },
{ "type": "Feature", "properties": { "Latitud Origen": 14.103536, "Longitud Origen": -87.204989, "Usuario Origen": "Douglas Geovanny Bustillo/Andys Iraheta/Samir Antonio Talhami Bustillo" }, "geometry": { "type": "Point", "coordinates": [ -87.204989, 14.103536 ] } },
{ "type": "Feature", "properties": { "Latitud Origen": 14.10372061, "Longitud Origen": -87.2439448, "Usuario Origen": "Douglas Geovanny Bustillo/Andys Iraheta/Samir Antonio Talhami Bustillo" }, "geometry": { "type": "Point", "coordinates": [ -87.2439448, 14.10372061 ] } },
{ "type": "Feature", "properties": { "Latitud Origen": 14.10464728, "Longitud Origen": -87.2302904, "Usuario Origen": "Douglas Geovanny Bustillo/Andys Iraheta/Samir Antonio Talhami Bustillo" }, "geometry": { "type": "Point", "coordinates": [ -87.2302904, 14.10464728 ] } },
{ "type": "Feature", "properties": { "Latitud Origen": 14.10480409, "Longitud Origen": -87.2069447, "Usuario Origen": "Douglas Geovanny Bustillo/Andys Iraheta/Samir Antonio Talhami Bustillo" }, "geometry": { "type": "Point", "coordinates": [ -87.2069447, 14.10480409 ] } },
{ "type": "Feature", "properties": { "Latitud Origen": 14.10491668, "Longitud Origen": -87.2021367, "Usuario Origen": "Douglas Geovanny Bustillo/Andys Iraheta/Samir Antonio Talhami Bustillo" }, "geometry": { "type": "Point", "coordinates": [ -87.2021367, 14.10491668 ] } },
{ "type": "Feature", "properties": { "Latitud Origen": 14.10580233, "Longitud Origen": -87.232691, "Usuario Origen": "Douglas Geovanny Bustillo/Andys Iraheta/Samir Antonio Talhami Bustillo" }, "geometry": { "type": "Point", "coordinates": [ -87.232691, 14.10580233 ] } },
{ "type": "Feature", "properties": { "Latitud Origen": 14.1062215, "Longitud Origen": -87.1987749, "Usuario Origen": "Douglas Geovanny Bustillo/Andys Iraheta/Samir Antonio Talhami Bustillo" }, "geometry": { "type": "Point", "coordinates": [ -87.1987749, 14.1062215 ] } },
{ "type": "Feature", "properties": { "Latitud Origen": 14.10630583, "Longitud Origen": -87.2060289, "Usuario Origen": "Douglas Geovanny Bustillo/Andys Iraheta/Samir Antonio Talhami Bustillo" }, "geometry": { "type": "Point", "coordinates": [ -87.2060289, 14.10630583 ] } },
{ "type": "Feature", "properties": { "Latitud Origen": 14.10652778, "Longitud Origen": -87.2044722, "Usuario Origen": "Douglas Geovanny Bustillo/Andys Iraheta/Samir Antonio Talhami Bustillo" }, "geometry": { "type": "Point", "coordinates": [ -87.2044722, 14.10652778 ] } },
{ "type": "Feature", "properties": { "Latitud Origen": 14.10791667, "Longitud Origen": -87.2456389, "Usuario Origen": "Douglas Geovanny Bustillo/Andys Iraheta/Samir Antonio Talhami Bustillo" }, "geometry": { "type": "Point", "coordinates": [ -87.2456389, 14.10791667 ] } },
{ "type": "Feature", "properties": { "Latitud Origen": 14.10843709, "Longitud Origen": -87.2090695, "Usuario Origen": "Douglas Geovanny Bustillo/Andys Iraheta/Samir Antonio Talhami Bustillo" }, "geometry": { "type": "Point", "coordinates": [ -87.2090695, 14.10843709 ] } },
{ "type": "Feature", "properties": { "Latitud Origen": 14.11255833, "Longitud Origen": -87.200225, "Usuario Origen": "Douglas Geovanny Bustillo/Andys Iraheta/Samir Antonio Talhami Bustillo" }, "geometry": { "type": "Point", "coordinates": [ -87.200225, 14.11255833 ] } },
{ "type": "Feature", "properties": { "Latitud Origen": 14.11266252, "Longitud Origen": -87.1833365, "Usuario Origen": "Douglas Geovanny Bustillo/Andys Iraheta/Samir Antonio Talhami Bustillo" }, "geometry": { "type": "Point", "coordinates": [ -87.1833365, 14.11266252 ] } },
{ "type": "Feature", "properties": { "Latitud Origen": 14.11839045, "Longitud Origen": -87.2211135, "Usuario Origen": "Douglas Geovanny Bustillo/Andys Iraheta/Samir Antonio Talhami Bustillo" }, "geometry": { "type": "Point", "coordinates": [ -87.2211135, 14.11839045 ] } },
{ "type": "Feature", "properties": { "Latitud Origen": 14.12228889, "Longitud Origen": -87.185075, "Usuario Origen": "Douglas Geovanny Bustillo/Andys Iraheta/Samir Antonio Talhami Bustillo" }, "geometry": { "type": "Point", "coordinates": [ -87.185075, 14.12228889 ] } },
{ "type": "Feature", "properties": { "Latitud Origen": 14.12253056, "Longitud Origen": -87.1181639, "Usuario Origen": "Douglas Geovanny Bustillo/Andys Iraheta/Samir Antonio Talhami Bustillo" }, "geometry": { "type": "Point", "coordinates": [ -87.1181639, 14.12253056 ] } },
{ "type": "Feature", "properties": { "Latitud Origen": 14.123567, "Longitud Origen": -87.223442, "Usuario Origen": "Douglas Geovanny Bustillo/Andys Iraheta/Samir Antonio Talhami Bustillo" }, "geometry": { "type": "Point", "coordinates": [ -87.223442, 14.123567 ] } },
{ "type": "Feature", "properties": { "Latitud Origen": 14.12597222, "Longitud Origen": -87.2245556, "Usuario Origen": "Douglas Geovanny Bustillo/Andys Iraheta/Samir Antonio Talhami Bustillo" }, "geometry": { "type": "Point", "coordinates": [ -87.2245556, 14.12597222 ] } },
{ "type": "Feature", "properties": { "Latitud Origen": 14.12689026, "Longitud Origen": -87.2484167, "Usuario Origen": "Douglas Geovanny Bustillo/Andys Iraheta/Samir Antonio Talhami Bustillo" }, "geometry": { "type": "Point", "coordinates": [ -87.2484167, 14.12689026 ] } },
{ "type": "Feature", "properties": { "Latitud Origen": 14.12905885, "Longitud Origen": -87.1787819, "Usuario Origen": "Douglas Geovanny Bustillo/Andys Iraheta/Samir Antonio Talhami Bustillo" }, "geometry": { "type": "Point", "coordinates": [ -87.1787819, 14.12905885 ] } },
{ "type": "Feature", "properties": { "Latitud Origen": 14.13805462, "Longitud Origen": -87.2658306, "Usuario Origen": "Douglas Geovanny Bustillo/Andys Iraheta/Samir Antonio Talhami Bustillo" }, "geometry": { "type": "Point", "coordinates": [ -87.2658306, 14.13805462 ] } },
{ "type": "Feature", "properties": { "Latitud Origen": 14.15344024, "Longitud Origen": -87.2705545, "Usuario Origen": "Douglas Geovanny Bustillo/Andys Iraheta/Samir Antonio Talhami Bustillo" }, "geometry": { "type": "Point", "coordinates": [ -87.2705545, 14.15344024 ] } },
{ "type": "Feature", "properties": { "Latitud Origen": 14.15456, "Longitud Origen": -87.03224, "Usuario Origen": "Douglas Geovanny Bustillo/Andys Iraheta/Samir Antonio Talhami Bustillo" }, "geometry": { "type": "Point", "coordinates": [ -87.03224, 14.15456 ] } },
{ "type": "Feature", "properties": { "Latitud Origen": 14.15822222, "Longitud Origen": -87.2848833, "Usuario Origen": "Douglas Geovanny Bustillo/Andys Iraheta/Samir Antonio Talhami Bustillo" }, "geometry": { "type": "Point", "coordinates": [ -87.2848833, 14.15822222 ] } },
{ "type": "Feature", "properties": { "Latitud Origen": 14.15822485, "Longitud Origen": -87.2848859, "Usuario Origen": "Douglas Geovanny Bustillo/Andys Iraheta/Samir Antonio Talhami Bustillo" }, "geometry": { "type": "Point", "coordinates": [ -87.2848859, 14.15822485 ] } },
{ "type": "Feature", "properties": { "Latitud Origen": 14.15875042, "Longitud Origen": -87.0497237, "Usuario Origen": "Douglas Geovanny Bustillo/Andys Iraheta/Samir Antonio Talhami Bustillo" }, "geometry": { "type": "Point", "coordinates": [ -87.0497237, 14.15875042 ] } },
{ "type": "Feature", "properties": { "Latitud Origen": 14.16888889, "Longitud Origen": -87.3088611, "Usuario Origen": "Douglas Geovanny Bustillo/Andys Iraheta/Samir Antonio Talhami Bustillo" }, "geometry": { "type": "Point", "coordinates": [ -87.3088611, 14.16888889 ] } },
{ "type": "Feature", "properties": { "Latitud Origen": 14.17421944, "Longitud Origen": -87.3336667, "Usuario Origen": "Douglas Geovanny Bustillo/Andys Iraheta/Samir Antonio Talhami Bustillo" }, "geometry": { "type": "Point", "coordinates": [ -87.3336667, 14.17421944 ] } },
{ "type": "Feature", "properties": { "Latitud Origen": 14.19172222, "Longitud Origen": -87.3768611, "Usuario Origen": "Douglas Geovanny Bustillo/Andys Iraheta/Samir Antonio Talhami Bustillo" }, "geometry": { "type": "Point", "coordinates": [ -87.3768611, 14.19172222 ] } },
{ "type": "Feature", "properties": { "Latitud Origen": 14.19321, "Longitud Origen": -87.62257, "Usuario Origen": "Douglas Geovanny Bustillo/Andys Iraheta/Samir Antonio Talhami Bustillo" }, "geometry": { "type": "Point", "coordinates": [ -87.62257, 14.19321 ] } },
{ "type": "Feature", "properties": { "Latitud Origen": 14.21448739, "Longitud Origen": -87.3676041, "Usuario Origen": "Douglas Geovanny Bustillo/Andys Iraheta/Samir Antonio Talhami Bustillo" }, "geometry": { "type": "Point", "coordinates": [ -87.3676041, 14.21448739 ] } },
{ "type": "Feature", "properties": { "Latitud Origen": 14.22055556, "Longitud Origen": -87.3808889, "Usuario Origen": "Douglas Geovanny Bustillo/Andys Iraheta/Samir Antonio Talhami Bustillo" }, "geometry": { "type": "Point", "coordinates": [ -87.3808889, 14.22055556 ] } },
{ "type": "Feature", "properties": { "Latitud Origen": 14.24546944, "Longitud Origen": -87.3776667, "Usuario Origen": "Douglas Geovanny Bustillo/Andys Iraheta/Samir Antonio Talhami Bustillo" }, "geometry": { "type": "Point", "coordinates": [ -87.3776667, 14.24546944 ] } },
{ "type": "Feature", "properties": { "Latitud Origen": 14.26652778, "Longitud Origen": -87.5515, "Usuario Origen": "Douglas Geovanny Bustillo/Andys Iraheta/Samir Antonio Talhami Bustillo" }, "geometry": { "type": "Point", "coordinates": [ -87.5515, 14.26652778 ] } },
{ "type": "Feature", "properties": { "Latitud Origen": 14.27491667, "Longitud Origen": -87.4034111, "Usuario Origen": "Douglas Geovanny Bustillo/Andys Iraheta/Samir Antonio Talhami Bustillo" }, "geometry": { "type": "Point", "coordinates": [ -87.4034111, 14.27491667 ] } },
{ "type": "Feature", "properties": { "Latitud Origen": 14.2755, "Longitud Origen": -87.5168611, "Usuario Origen": "Douglas Geovanny Bustillo/Andys Iraheta/Samir Antonio Talhami Bustillo" }, "geometry": { "type": "Point", "coordinates": [ -87.5168611, 14.2755 ] } },
{ "type": "Feature", "properties": { "Latitud Origen": 14.27808333, "Longitud Origen": -87.6648889, "Usuario Origen": "Douglas Geovanny Bustillo/Andys Iraheta/Samir Antonio Talhami Bustillo" }, "geometry": { "type": "Point", "coordinates": [ -87.6648889, 14.27808333 ] } },
{ "type": "Feature", "properties": { "Latitud Origen": 14.27916773, "Longitud Origen": -87.3694445, "Usuario Origen": "Douglas Geovanny Bustillo/Andys Iraheta/Samir Antonio Talhami Bustillo" }, "geometry": { "type": "Point", "coordinates": [ -87.3694445, 14.27916773 ] } },
{ "type": "Feature", "properties": { "Latitud Origen": 14.28363889, "Longitud Origen": -87.4973889, "Usuario Origen": "Douglas Geovanny Bustillo/Andys Iraheta/Samir Antonio Talhami Bustillo" }, "geometry": { "type": "Point", "coordinates": [ -87.4973889, 14.28363889 ] } },
{ "type": "Feature", "properties": { "Latitud Origen": 14.28516667, "Longitud Origen": -87.4657778, "Usuario Origen": "Douglas Geovanny Bustillo/Andys Iraheta/Samir Antonio Talhami Bustillo" }, "geometry": { "type": "Point", "coordinates": [ -87.4657778, 14.28516667 ] } },
{ "type": "Feature", "properties": { "Latitud Origen": 14.29077778, "Longitud Origen": -87.4373889, "Usuario Origen": "Douglas Geovanny Bustillo/Andys Iraheta/Samir Antonio Talhami Bustillo" }, "geometry": { "type": "Point", "coordinates": [ -87.4373889, 14.29077778 ] } },
{ "type": "Feature", "properties": { "Latitud Origen": 14.29133333, "Longitud Origen": -87.4904444, "Usuario Origen": "Douglas Geovanny Bustillo/Andys Iraheta/Samir Antonio Talhami Bustillo" }, "geometry": { "type": "Point", "coordinates": [ -87.4904444, 14.29133333 ] } },
{ "type": "Feature", "properties": { "Latitud Origen": 14.30141389, "Longitud Origen": -87.57325, "Usuario Origen": "Douglas Geovanny Bustillo/Andys Iraheta/Samir Antonio Talhami Bustillo" }, "geometry": { "type": "Point", "coordinates": [ -87.57325, 14.30141389 ] } },
{ "type": "Feature", "properties": { "Latitud Origen": 14.30663462, "Longitud Origen": -88.2172527, "Usuario Origen": "Douglas Geovanny Bustillo/Andys Iraheta/Samir Antonio Talhami Bustillo" }, "geometry": { "type": "Point", "coordinates": [ -88.2172527, 14.30663462 ] } },
{ "type": "Feature", "properties": { "Latitud Origen": 14.30900578, "Longitud Origen": -88.1686992, "Usuario Origen": "Douglas Geovanny Bustillo/Andys Iraheta/Samir Antonio Talhami Bustillo" }, "geometry": { "type": "Point", "coordinates": [ -88.1686992, 14.30900578 ] } },
{ "type": "Feature", "properties": { "Latitud Origen": 14.309009, "Longitud Origen": -88.168697, "Usuario Origen": "Douglas Geovanny Bustillo/Andys Iraheta/Samir Antonio Talhami Bustillo" }, "geometry": { "type": "Point", "coordinates": [ -88.168697, 14.309009 ] } },
{ "type": "Feature", "properties": { "Latitud Origen": 14.30991944, "Longitud Origen": -88.17662, "Usuario Origen": "Douglas Geovanny Bustillo/Andys Iraheta/Samir Antonio Talhami Bustillo" }, "geometry": { "type": "Point", "coordinates": [ -88.17662, 14.30991944 ] } },
{ "type": "Feature", "properties": { "Latitud Origen": 14.30991944, "Longitud Origen": -88.17665, "Usuario Origen": "Douglas Geovanny Bustillo/Andys Iraheta/Samir Antonio Talhami Bustillo" }, "geometry": { "type": "Point", "coordinates": [ -88.17665, 14.30991944 ] } },
{ "type": "Feature", "properties": { "Latitud Origen": 14.31186111, "Longitud Origen": -88.1861111, "Usuario Origen": "Douglas Geovanny Bustillo/Andys Iraheta/Samir Antonio Talhami Bustillo" }, "geometry": { "type": "Point", "coordinates": [ -88.1861111, 14.31186111 ] } },
{ "type": "Feature", "properties": { "Latitud Origen": 14.31332, "Longitud Origen": -88.1706, "Usuario Origen": "Douglas Geovanny Bustillo/Andys Iraheta/Samir Antonio Talhami Bustillo" }, "geometry": { "type": "Point", "coordinates": [ -88.1706, 14.31332 ] } },
{ "type": "Feature", "properties": { "Latitud Origen": 14.32883839, "Longitud Origen": -87.6122466, "Usuario Origen": "Douglas Geovanny Bustillo/Andys Iraheta/Samir Antonio Talhami Bustillo" }, "geometry": { "type": "Point", "coordinates": [ -87.6122466, 14.32883839 ] } },
{ "type": "Feature", "properties": { "Latitud Origen": 14.330963, "Longitud Origen": -87.594207, "Usuario Origen": "Douglas Geovanny Bustillo/Andys Iraheta/Samir Antonio Talhami Bustillo" }, "geometry": { "type": "Point", "coordinates": [ -87.594207, 14.330963 ] } },
{ "type": "Feature", "properties": { "Latitud Origen": 14.36508534, "Longitud Origen": -88.00639, "Usuario Origen": "Douglas Geovanny Bustillo/Andys Iraheta/Samir Antonio Talhami Bustillo" }, "geometry": { "type": "Point", "coordinates": [ -88.00639, 14.36508534 ] } },
{ "type": "Feature", "properties": { "Latitud Origen": 14.381889, "Longitud Origen": -87.614493, "Usuario Origen": "Douglas Geovanny Bustillo/Andys Iraheta/Samir Antonio Talhami Bustillo" }, "geometry": { "type": "Point", "coordinates": [ -87.614493, 14.381889 ] } },
{ "type": "Feature", "properties": { "Latitud Origen": 14.39002778, "Longitud Origen": -87.6156111, "Usuario Origen": "Douglas Geovanny Bustillo/Andys Iraheta/Samir Antonio Talhami Bustillo" }, "geometry": { "type": "Point", "coordinates": [ -87.6156111, 14.39002778 ] } },
{ "type": "Feature", "properties": { "Latitud Origen": 14.40571667, "Longitud Origen": -87.0771333, "Usuario Origen": "Douglas Geovanny Bustillo/Andys Iraheta/Samir Antonio Talhami Bustillo" }, "geometry": { "type": "Point", "coordinates": [ -87.0771333, 14.40571667 ] } },
{ "type": "Feature", "properties": { "Latitud Origen": 14.432797, "Longitud Origen": -87.634101, "Usuario Origen": "Douglas Geovanny Bustillo/Andys Iraheta/Samir Antonio Talhami Bustillo" }, "geometry": { "type": "Point", "coordinates": [ -87.634101, 14.432797 ] } },
{ "type": "Feature", "properties": { "Latitud Origen": 14.4400034, "Longitud Origen": -87.5563924, "Usuario Origen": "Douglas Geovanny Bustillo/Andys Iraheta/Samir Antonio Talhami Bustillo" }, "geometry": { "type": "Point", "coordinates": [ -87.5563924, 14.4400034 ] } },
{ "type": "Feature", "properties": { "Latitud Origen": 14.44103153, "Longitud Origen": -87.6427228, "Usuario Origen": "Douglas Geovanny Bustillo/Andys Iraheta/Samir Antonio Talhami Bustillo" }, "geometry": { "type": "Point", "coordinates": [ -87.6427228, 14.44103153 ] } },
{ "type": "Feature", "properties": { "Latitud Origen": 14.44699722, "Longitud Origen": -87.6334694, "Usuario Origen": "Douglas Geovanny Bustillo/Andys Iraheta/Samir Antonio Talhami Bustillo" }, "geometry": { "type": "Point", "coordinates": [ -87.6334694, 14.44699722 ] } },
{ "type": "Feature", "properties": { "Latitud Origen": 14.44736111, "Longitud Origen": -87.6459722, "Usuario Origen": "Douglas Geovanny Bustillo/Andys Iraheta/Samir Antonio Talhami Bustillo" }, "geometry": { "type": "Point", "coordinates": [ -87.6459722, 14.44736111 ] } },
{ "type": "Feature", "properties": { "Latitud Origen": 14.447754, "Longitud Origen": -87.639886, "Usuario Origen": "Douglas Geovanny Bustillo/Andys Iraheta/Samir Antonio Talhami Bustillo" }, "geometry": { "type": "Point", "coordinates": [ -87.639886, 14.447754 ] } },
{ "type": "Feature", "properties": { "Latitud Origen": 14.453503, "Longitud Origen": -87.644251, "Usuario Origen": "Douglas Geovanny Bustillo/Andys Iraheta/Samir Antonio Talhami Bustillo" }, "geometry": { "type": "Point", "coordinates": [ -87.644251, 14.453503 ] } },
{ "type": "Feature", "properties": { "Latitud Origen": 14.45527778, "Longitud Origen": -87.6386111, "Usuario Origen": "Douglas Geovanny Bustillo/Andys Iraheta/Samir Antonio Talhami Bustillo" }, "geometry": { "type": "Point", "coordinates": [ -87.6386111, 14.45527778 ] } },
{ "type": "Feature", "properties": { "Latitud Origen": 14.46119444, "Longitud Origen": -87.6455833, "Usuario Origen": "Douglas Geovanny Bustillo/Andys Iraheta/Samir Antonio Talhami Bustillo" }, "geometry": { "type": "Point", "coordinates": [ -87.6455833, 14.46119444 ] } },
{ "type": "Feature", "properties": { "Latitud Origen": 14.46349444, "Longitud Origen": -87.6424972, "Usuario Origen": "Douglas Geovanny Bustillo/Andys Iraheta/Samir Antonio Talhami Bustillo" }, "geometry": { "type": "Point", "coordinates": [ -87.6424972, 14.46349444 ] } },
{ "type": "Feature", "properties": { "Latitud Origen": 14.46413, "Longitud Origen": -87.66346, "Usuario Origen": "Douglas Geovanny Bustillo/Andys Iraheta/Samir Antonio Talhami Bustillo" }, "geometry": { "type": "Point", "coordinates": [ -87.66346, 14.46413 ] } },
{ "type": "Feature", "properties": { "Latitud Origen": 14.46430635, "Longitud Origen": -87.635083, "Usuario Origen": "Douglas Geovanny Bustillo/Andys Iraheta/Samir Antonio Talhami Bustillo" }, "geometry": { "type": "Point", "coordinates": [ -87.635083, 14.46430635 ] } },
{ "type": "Feature", "properties": { "Latitud Origen": 14.48541667, "Longitud Origen": -87.7185556, "Usuario Origen": "Douglas Geovanny Bustillo/Andys Iraheta/Samir Antonio Talhami Bustillo" }, "geometry": { "type": "Point", "coordinates": [ -87.7185556, 14.48541667 ] } },
{ "type": "Feature", "properties": { "Latitud Origen": 14.4856427, "Longitud Origen": -87.9927964, "Usuario Origen": "Douglas Geovanny Bustillo/Andys Iraheta/Samir Antonio Talhami Bustillo" }, "geometry": { "type": "Point", "coordinates": [ -87.9927964, 14.4856427 ] } },
{ "type": "Feature", "properties": { "Latitud Origen": 14.49061172, "Longitud Origen": -87.6595593, "Usuario Origen": "Douglas Geovanny Bustillo/Andys Iraheta/Samir Antonio Talhami Bustillo" }, "geometry": { "type": "Point", "coordinates": [ -87.6595593, 14.49061172 ] } },
{ "type": "Feature", "properties": { "Latitud Origen": 14.50471822, "Longitud Origen": -87.7797215, "Usuario Origen": "Douglas Geovanny Bustillo/Andys Iraheta/Samir Antonio Talhami Bustillo" }, "geometry": { "type": "Point", "coordinates": [ -87.7797215, 14.50471822 ] } },
{ "type": "Feature", "properties": { "Latitud Origen": 14.51060733, "Longitud Origen": -87.7395311, "Usuario Origen": "Douglas Geovanny Bustillo/Andys Iraheta/Samir Antonio Talhami Bustillo" }, "geometry": { "type": "Point", "coordinates": [ -87.7395311, 14.51060733 ] } },
{ "type": "Feature", "properties": { "Latitud Origen": 14.52441667, "Longitud Origen": -88.0898333, "Usuario Origen": "Douglas Geovanny Bustillo/Andys Iraheta/Samir Antonio Talhami Bustillo" }, "geometry": { "type": "Point", "coordinates": [ -88.0898333, 14.52441667 ] } },
{ "type": "Feature", "properties": { "Latitud Origen": 14.53044444, "Longitud Origen": -87.7908333, "Usuario Origen": "Douglas Geovanny Bustillo/Andys Iraheta/Samir Antonio Talhami Bustillo" }, "geometry": { "type": "Point", "coordinates": [ -87.7908333, 14.53044444 ] } },
{ "type": "Feature", "properties": { "Latitud Origen": 14.53336111, "Longitud Origen": -87.8016667, "Usuario Origen": "Douglas Geovanny Bustillo/Andys Iraheta/Samir Antonio Talhami Bustillo" }, "geometry": { "type": "Point", "coordinates": [ -87.8016667, 14.53336111 ] } },
{ "type": "Feature", "properties": { "Latitud Origen": 14.54649998, "Longitud Origen": -86.6737528, "Usuario Origen": "Douglas Geovanny Bustillo/Andys Iraheta/Samir Antonio Talhami Bustillo" }, "geometry": { "type": "Point", "coordinates": [ -86.6737528, 14.54649998 ] } },
{ "type": "Feature", "properties": { "Latitud Origen": 14.54861111, "Longitud Origen": -86.5938611, "Usuario Origen": "Douglas Geovanny Bustillo/Andys Iraheta/Samir Antonio Talhami Bustillo" }, "geometry": { "type": "Point", "coordinates": [ -86.5938611, 14.54861111 ] } },
{ "type": "Feature", "properties": { "Latitud Origen": 14.55052688, "Longitud Origen": -87.8249729, "Usuario Origen": "Douglas Geovanny Bustillo/Andys Iraheta/Samir Antonio Talhami Bustillo" }, "geometry": { "type": "Point", "coordinates": [ -87.8249729, 14.55052688 ] } },
{ "type": "Feature", "properties": { "Latitud Origen": 14.56794444, "Longitud Origen": -87.8972194, "Usuario Origen": "Douglas Geovanny Bustillo/Andys Iraheta/Samir Antonio Talhami Bustillo" }, "geometry": { "type": "Point", "coordinates": [ -87.8972194, 14.56794444 ] } },
{ "type": "Feature", "properties": { "Latitud Origen": 14.57077778, "Longitud Origen": -87.95125, "Usuario Origen": "Douglas Geovanny Bustillo/Andys Iraheta/Samir Antonio Talhami Bustillo" }, "geometry": { "type": "Point", "coordinates": [ -87.95125, 14.57077778 ] } },
{ "type": "Feature", "properties": { "Latitud Origen": 14.57472303, "Longitud Origen": -86.7224968, "Usuario Origen": "Douglas Geovanny Bustillo/Andys Iraheta/Samir Antonio Talhami Bustillo" }, "geometry": { "type": "Point", "coordinates": [ -86.7224968, 14.57472303 ] } },
{ "type": "Feature", "properties": { "Latitud Origen": 14.5785, "Longitud Origen": -87.8415, "Usuario Origen": "Douglas Geovanny Bustillo/Andys Iraheta/Samir Antonio Talhami Bustillo" }, "geometry": { "type": "Point", "coordinates": [ -87.8415, 14.5785 ] } },
{ "type": "Feature", "properties": { "Latitud Origen": 14.58680556, "Longitud Origen": -87.8546111, "Usuario Origen": "Douglas Geovanny Bustillo/Andys Iraheta/Samir Antonio Talhami Bustillo" }, "geometry": { "type": "Point", "coordinates": [ -87.8546111, 14.58680556 ] } },
{ "type": "Feature", "properties": { "Latitud Origen": 14.58688889, "Longitud Origen": -87.8426389, "Usuario Origen": "Douglas Geovanny Bustillo/Andys Iraheta/Samir Antonio Talhami Bustillo" }, "geometry": { "type": "Point", "coordinates": [ -87.8426389, 14.58688889 ] } },
{ "type": "Feature", "properties": { "Latitud Origen": 14.58925, "Longitud Origen": -87.8360556, "Usuario Origen": "Douglas Geovanny Bustillo/Andys Iraheta/Samir Antonio Talhami Bustillo" }, "geometry": { "type": "Point", "coordinates": [ -87.8360556, 14.58925 ] } },
{ "type": "Feature", "properties": { "Latitud Origen": 14.58925278, "Longitud Origen": -87.8360417, "Usuario Origen": "Douglas Geovanny Bustillo/Andys Iraheta/Samir Antonio Talhami Bustillo" }, "geometry": { "type": "Point", "coordinates": [ -87.8360417, 14.58925278 ] } },
{ "type": "Feature", "properties": { "Latitud Origen": 14.59269444, "Longitud Origen": -86.2901111, "Usuario Origen": "Douglas Geovanny Bustillo/Andys Iraheta/Samir Antonio Talhami Bustillo" }, "geometry": { "type": "Point", "coordinates": [ -86.2901111, 14.59269444 ] } },
{ "type": "Feature", "properties": { "Latitud Origen": 14.5936329, "Longitud Origen": -87.8301371, "Usuario Origen": "Douglas Geovanny Bustillo/Andys Iraheta/Samir Antonio Talhami Bustillo" }, "geometry": { "type": "Point", "coordinates": [ -87.8301371, 14.5936329 ] } },
{ "type": "Feature", "properties": { "Latitud Origen": 14.59480556, "Longitud Origen": -86.7604417, "Usuario Origen": "Douglas Geovanny Bustillo/Andys Iraheta/Samir Antonio Talhami Bustillo" }, "geometry": { "type": "Point", "coordinates": [ -86.7604417, 14.59480556 ] } },
{ "type": "Feature", "properties": { "Latitud Origen": 14.59636111, "Longitud Origen": -87.8466944, "Usuario Origen": "Douglas Geovanny Bustillo/Andys Iraheta/Samir Antonio Talhami Bustillo" }, "geometry": { "type": "Point", "coordinates": [ -87.8466944, 14.59636111 ] } },
{ "type": "Feature", "properties": { "Latitud Origen": 14.59703056, "Longitud Origen": -87.8355833, "Usuario Origen": "Douglas Geovanny Bustillo/Andys Iraheta/Samir Antonio Talhami Bustillo" }, "geometry": { "type": "Point", "coordinates": [ -87.8355833, 14.59703056 ] } },
{ "type": "Feature", "properties": { "Latitud Origen": 14.59703192, "Longitud Origen": -87.8355861, "Usuario Origen": "Douglas Geovanny Bustillo/Andys Iraheta/Samir Antonio Talhami Bustillo" }, "geometry": { "type": "Point", "coordinates": [ -87.8355861, 14.59703192 ] } },
{ "type": "Feature", "properties": { "Latitud Origen": 14.60086111, "Longitud Origen": -87.8683611, "Usuario Origen": "Douglas Geovanny Bustillo/Andys Iraheta/Samir Antonio Talhami Bustillo" }, "geometry": { "type": "Point", "coordinates": [ -87.8683611, 14.60086111 ] } },
{ "type": "Feature", "properties": { "Latitud Origen": 14.60202778, "Longitud Origen": -87.8311667, "Usuario Origen": "Douglas Geovanny Bustillo/Andys Iraheta/Samir Antonio Talhami Bustillo" }, "geometry": { "type": "Point", "coordinates": [ -87.8311667, 14.60202778 ] } },
{ "type": "Feature", "properties": { "Latitud Origen": 14.62411111, "Longitud Origen": -87.8874722, "Usuario Origen": "Douglas Geovanny Bustillo/Andys Iraheta/Samir Antonio Talhami Bustillo" }, "geometry": { "type": "Point", "coordinates": [ -87.8874722, 14.62411111 ] } },
{ "type": "Feature", "properties": { "Latitud Origen": 14.64725, "Longitud Origen": -87.9065556, "Usuario Origen": "Douglas Geovanny Bustillo/Andys Iraheta/Samir Antonio Talhami Bustillo" }, "geometry": { "type": "Point", "coordinates": [ -87.9065556, 14.64725 ] } },
{ "type": "Feature", "properties": { "Latitud Origen": 14.65102778, "Longitud Origen": -86.2238611, "Usuario Origen": "Douglas Geovanny Bustillo/Andys Iraheta/Samir Antonio Talhami Bustillo" }, "geometry": { "type": "Point", "coordinates": [ -86.2238611, 14.65102778 ] } },
{ "type": "Feature", "properties": { "Latitud Origen": 14.65266667, "Longitud Origen": -86.2080278, "Usuario Origen": "Douglas Geovanny Bustillo/Andys Iraheta/Samir Antonio Talhami Bustillo" }, "geometry": { "type": "Point", "coordinates": [ -86.2080278, 14.65266667 ] } },
{ "type": "Feature", "properties": { "Latitud Origen": 14.65544578, "Longitud Origen": -88.0039698, "Usuario Origen": "Douglas Geovanny Bustillo/Andys Iraheta/Samir Antonio Talhami Bustillo" }, "geometry": { "type": "Point", "coordinates": [ -88.0039698, 14.65544578 ] } },
{ "type": "Feature", "properties": { "Latitud Origen": 14.65602778, "Longitud Origen": -87.9404722, "Usuario Origen": "Douglas Geovanny Bustillo/Andys Iraheta/Samir Antonio Talhami Bustillo" }, "geometry": { "type": "Point", "coordinates": [ -87.9404722, 14.65602778 ] } },
{ "type": "Feature", "properties": { "Latitud Origen": 14.65982969, "Longitud Origen": -86.2144485, "Usuario Origen": "Douglas Geovanny Bustillo/Andys Iraheta/Samir Antonio Talhami Bustillo" }, "geometry": { "type": "Point", "coordinates": [ -86.2144485, 14.65982969 ] } },
{ "type": "Feature", "properties": { "Latitud Origen": 14.66122222, "Longitud Origen": -87.9473611, "Usuario Origen": "Douglas Geovanny Bustillo/Andys Iraheta/Samir Antonio Talhami Bustillo" }, "geometry": { "type": "Point", "coordinates": [ -87.9473611, 14.66122222 ] } },
{ "type": "Feature", "properties": { "Latitud Origen": 14.66658451, "Longitud Origen": -86.2337223, "Usuario Origen": "Douglas Geovanny Bustillo/Andys Iraheta/Samir Antonio Talhami Bustillo" }, "geometry": { "type": "Point", "coordinates": [ -86.2337223, 14.66658451 ] } },
{ "type": "Feature", "properties": { "Latitud Origen": 14.67038889, "Longitud Origen": -86.2183333, "Usuario Origen": "Douglas Geovanny Bustillo/Andys Iraheta/Samir Antonio Talhami Bustillo" }, "geometry": { "type": "Point", "coordinates": [ -86.2183333, 14.67038889 ] } },
{ "type": "Feature", "properties": { "Latitud Origen": 14.67150278, "Longitud Origen": -86.2257167, "Usuario Origen": "Douglas Geovanny Bustillo/Andys Iraheta/Samir Antonio Talhami Bustillo" }, "geometry": { "type": "Point", "coordinates": [ -86.2257167, 14.67150278 ] } },
{ "type": "Feature", "properties": { "Latitud Origen": 14.70239735, "Longitud Origen": -87.9665036, "Usuario Origen": "Douglas Geovanny Bustillo/Andys Iraheta/Samir Antonio Talhami Bustillo" }, "geometry": { "type": "Point", "coordinates": [ -87.9665036, 14.70239735 ] } },
{ "type": "Feature", "properties": { "Latitud Origen": 14.714248, "Longitud Origen": -88.107758, "Usuario Origen": "Douglas Geovanny Bustillo/Andys Iraheta/Samir Antonio Talhami Bustillo" }, "geometry": { "type": "Point", "coordinates": [ -88.107758, 14.714248 ] } },
{ "type": "Feature", "properties": { "Latitud Origen": 14.716417, "Longitud Origen": -85.898548, "Usuario Origen": "Douglas Geovanny Bustillo/Andys Iraheta/Samir Antonio Talhami Bustillo" }, "geometry": { "type": "Point", "coordinates": [ -85.898548, 14.716417 ] } },
{ "type": "Feature", "properties": { "Latitud Origen": 14.72683333, "Longitud Origen": -87.9986944, "Usuario Origen": "Douglas Geovanny Bustillo/Andys Iraheta/Samir Antonio Talhami Bustillo" }, "geometry": { "type": "Point", "coordinates": [ -87.9986944, 14.72683333 ] } },
{ "type": "Feature", "properties": { "Latitud Origen": 14.72777849, "Longitud Origen": -87.9008372, "Usuario Origen": "Douglas Geovanny Bustillo/Andys Iraheta/Samir Antonio Talhami Bustillo" }, "geometry": { "type": "Point", "coordinates": [ -87.9008372, 14.72777849 ] } },
{ "type": "Feature", "properties": { "Latitud Origen": 14.72976413, "Longitud Origen": -87.963921, "Usuario Origen": "Douglas Geovanny Bustillo/Andys Iraheta/Samir Antonio Talhami Bustillo" }, "geometry": { "type": "Point", "coordinates": [ -87.963921, 14.72976413 ] } },
{ "type": "Feature", "properties": { "Latitud Origen": 14.74597222, "Longitud Origen": -86.1011667, "Usuario Origen": "Douglas Geovanny Bustillo/Andys Iraheta/Samir Antonio Talhami Bustillo" }, "geometry": { "type": "Point", "coordinates": [ -86.1011667, 14.74597222 ] } },
{ "type": "Feature", "properties": { "Latitud Origen": 14.74613709, "Longitud Origen": -88.1907743, "Usuario Origen": "Douglas Geovanny Bustillo/Andys Iraheta/Samir Antonio Talhami Bustillo" }, "geometry": { "type": "Point", "coordinates": [ -88.1907743, 14.74613709 ] } },
{ "type": "Feature", "properties": { "Latitud Origen": 14.75311111, "Longitud Origen": -87.95725, "Usuario Origen": "Douglas Geovanny Bustillo/Andys Iraheta/Samir Antonio Talhami Bustillo" }, "geometry": { "type": "Point", "coordinates": [ -87.95725, 14.75311111 ] } },
{ "type": "Feature", "properties": { "Latitud Origen": 14.75658411, "Longitud Origen": -88.1077262, "Usuario Origen": "Douglas Geovanny Bustillo/Andys Iraheta/Samir Antonio Talhami Bustillo" }, "geometry": { "type": "Point", "coordinates": [ -88.1077262, 14.75658411 ] } },
{ "type": "Feature", "properties": { "Latitud Origen": 14.76447222, "Longitud Origen": -86.01725, "Usuario Origen": "Douglas Geovanny Bustillo/Andys Iraheta/Samir Antonio Talhami Bustillo" }, "geometry": { "type": "Point", "coordinates": [ -86.01725, 14.76447222 ] } },
{ "type": "Feature", "properties": { "Latitud Origen": 14.76572222, "Longitud Origen": -87.9607222, "Usuario Origen": "Douglas Geovanny Bustillo/Andys Iraheta/Samir Antonio Talhami Bustillo" }, "geometry": { "type": "Point", "coordinates": [ -87.9607222, 14.76572222 ] } },
{ "type": "Feature", "properties": { "Latitud Origen": 14.77647222, "Longitud Origen": -88.7778611, "Usuario Origen": "Douglas Geovanny Bustillo/Andys Iraheta/Samir Antonio Talhami Bustillo" }, "geometry": { "type": "Point", "coordinates": [ -88.7778611, 14.77647222 ] } },
{ "type": "Feature", "properties": { "Latitud Origen": 14.780548, "Longitud Origen": -88.784581, "Usuario Origen": "Douglas Geovanny Bustillo/Andys Iraheta/Samir Antonio Talhami Bustillo" }, "geometry": { "type": "Point", "coordinates": [ -88.784581, 14.780548 ] } },
{ "type": "Feature", "properties": { "Latitud Origen": 14.78332, "Longitud Origen": -88.7803, "Usuario Origen": "Douglas Geovanny Bustillo/Andys Iraheta/Samir Antonio Talhami Bustillo" }, "geometry": { "type": "Point", "coordinates": [ -88.7803, 14.78332 ] } },
{ "type": "Feature", "properties": { "Latitud Origen": 14.80358605, "Longitud Origen": -88.0147208, "Usuario Origen": "Douglas Geovanny Bustillo/Andys Iraheta/Samir Antonio Talhami Bustillo" }, "geometry": { "type": "Point", "coordinates": [ -88.0147208, 14.80358605 ] } },
{ "type": "Feature", "properties": { "Latitud Origen": 14.80408333, "Longitud Origen": -88.156, "Usuario Origen": "Douglas Geovanny Bustillo/Andys Iraheta/Samir Antonio Talhami Bustillo" }, "geometry": { "type": "Point", "coordinates": [ -88.156, 14.80408333 ] } },
{ "type": "Feature", "properties": { "Latitud Origen": 14.80763889, "Longitud Origen": -88.8048889, "Usuario Origen": "Douglas Geovanny Bustillo/Andys Iraheta/Samir Antonio Talhami Bustillo" }, "geometry": { "type": "Point", "coordinates": [ -88.8048889, 14.80763889 ] } },
{ "type": "Feature", "properties": { "Latitud Origen": 14.80838536, "Longitud Origen": -88.2027746, "Usuario Origen": "Douglas Geovanny Bustillo/Andys Iraheta/Samir Antonio Talhami Bustillo" }, "geometry": { "type": "Point", "coordinates": [ -88.2027746, 14.80838536 ] } },
{ "type": "Feature", "properties": { "Latitud Origen": 14.82777549, "Longitud Origen": -85.9328845, "Usuario Origen": "Douglas Geovanny Bustillo/Andys Iraheta/Samir Antonio Talhami Bustillo" }, "geometry": { "type": "Point", "coordinates": [ -85.9328845, 14.82777549 ] } },
{ "type": "Feature", "properties": { "Latitud Origen": 14.8310818, "Longitud Origen": -88.3559456, "Usuario Origen": "Douglas Geovanny Bustillo/Andys Iraheta/Samir Antonio Talhami Bustillo" }, "geometry": { "type": "Point", "coordinates": [ -88.3559456, 14.8310818 ] } },
{ "type": "Feature", "properties": { "Latitud Origen": 14.83269444, "Longitud Origen": -85.8439444, "Usuario Origen": "Douglas Geovanny Bustillo/Andys Iraheta/Samir Antonio Talhami Bustillo" }, "geometry": { "type": "Point", "coordinates": [ -85.8439444, 14.83269444 ] } },
{ "type": "Feature", "properties": { "Latitud Origen": 14.83799722, "Longitud Origen": -87.9517667, "Usuario Origen": "Douglas Geovanny Bustillo/Andys Iraheta/Samir Antonio Talhami Bustillo" }, "geometry": { "type": "Point", "coordinates": [ -87.9517667, 14.83799722 ] } },
{ "type": "Feature", "properties": { "Latitud Origen": 14.84682898, "Longitud Origen": -88.2946361, "Usuario Origen": "Douglas Geovanny Bustillo/Andys Iraheta/Samir Antonio Talhami Bustillo" }, "geometry": { "type": "Point", "coordinates": [ -88.2946361, 14.84682898 ] } },
{ "type": "Feature", "properties": { "Latitud Origen": 14.84977878, "Longitud Origen": -85.8927484, "Usuario Origen": "Douglas Geovanny Bustillo/Andys Iraheta/Samir Antonio Talhami Bustillo" }, "geometry": { "type": "Point", "coordinates": [ -85.8927484, 14.84977878 ] } },
{ "type": "Feature", "properties": { "Latitud Origen": 14.85663889, "Longitud Origen": -87.9545556, "Usuario Origen": "Douglas Geovanny Bustillo/Andys Iraheta/Samir Antonio Talhami Bustillo" }, "geometry": { "type": "Point", "coordinates": [ -87.9545556, 14.85663889 ] } },
{ "type": "Feature", "properties": { "Latitud Origen": 14.85855556, "Longitud Origen": -88.0742444, "Usuario Origen": "Douglas Geovanny Bustillo/Andys Iraheta/Samir Antonio Talhami Bustillo" }, "geometry": { "type": "Point", "coordinates": [ -88.0742444, 14.85855556 ] } },
{ "type": "Feature", "properties": { "Latitud Origen": 14.86566389, "Longitud Origen": -88.7998889, "Usuario Origen": "Douglas Geovanny Bustillo/Andys Iraheta/Samir Antonio Talhami Bustillo" }, "geometry": { "type": "Point", "coordinates": [ -88.7998889, 14.86566389 ] } },
{ "type": "Feature", "properties": { "Latitud Origen": 14.87780117, "Longitud Origen": -88.0623867, "Usuario Origen": "Douglas Geovanny Bustillo/Andys Iraheta/Samir Antonio Talhami Bustillo" }, "geometry": { "type": "Point", "coordinates": [ -88.0623867, 14.87780117 ] } },
{ "type": "Feature", "properties": { "Latitud Origen": 14.88744444, "Longitud Origen": -87.9397222, "Usuario Origen": "Douglas Geovanny Bustillo/Andys Iraheta/Samir Antonio Talhami Bustillo" }, "geometry": { "type": "Point", "coordinates": [ -87.9397222, 14.88744444 ] } },
{ "type": "Feature", "properties": { "Latitud Origen": 14.89216, "Longitud Origen": -88.29226, "Usuario Origen": "Douglas Geovanny Bustillo/Andys Iraheta/Samir Antonio Talhami Bustillo" }, "geometry": { "type": "Point", "coordinates": [ -88.29226, 14.89216 ] } },
{ "type": "Feature", "properties": { "Latitud Origen": 14.90146826, "Longitud Origen": -87.9337497, "Usuario Origen": "Douglas Geovanny Bustillo/Andys Iraheta/Samir Antonio Talhami Bustillo" }, "geometry": { "type": "Point", "coordinates": [ -87.9337497, 14.90146826 ] } },
{ "type": "Feature", "properties": { "Latitud Origen": 14.91176239, "Longitud Origen": -88.2433478, "Usuario Origen": "Douglas Geovanny Bustillo/Andys Iraheta/Samir Antonio Talhami Bustillo" }, "geometry": { "type": "Point", "coordinates": [ -88.2433478, 14.91176239 ] } },
{ "type": "Feature", "properties": { "Latitud Origen": 14.91508657, "Longitud Origen": -88.7496406, "Usuario Origen": "Douglas Geovanny Bustillo/Andys Iraheta/Samir Antonio Talhami Bustillo" }, "geometry": { "type": "Point", "coordinates": [ -88.7496406, 14.91508657 ] } },
{ "type": "Feature", "properties": { "Latitud Origen": 14.919182, "Longitud Origen": -88.23618, "Usuario Origen": "Douglas Geovanny Bustillo/Andys Iraheta/Samir Antonio Talhami Bustillo" }, "geometry": { "type": "Point", "coordinates": [ -88.23618, 14.919182 ] } },
{ "type": "Feature", "properties": { "Latitud Origen": 14.92613889, "Longitud Origen": -88.2408333, "Usuario Origen": "Douglas Geovanny Bustillo/Andys Iraheta/Samir Antonio Talhami Bustillo" }, "geometry": { "type": "Point", "coordinates": [ -88.2408333, 14.92613889 ] } },
{ "type": "Feature", "properties": { "Latitud Origen": 14.92944836, "Longitud Origen": -87.9566701, "Usuario Origen": "Douglas Geovanny Bustillo/Andys Iraheta/Samir Antonio Talhami Bustillo" }, "geometry": { "type": "Point", "coordinates": [ -87.9566701, 14.92944836 ] } },
{ "type": "Feature", "properties": { "Latitud Origen": 14.94336981, "Longitud Origen": -88.3188277, "Usuario Origen": "Douglas Geovanny Bustillo/Andys Iraheta/Samir Antonio Talhami Bustillo" }, "geometry": { "type": "Point", "coordinates": [ -88.3188277, 14.94336981 ] } },
{ "type": "Feature", "properties": { "Latitud Origen": 14.95741667, "Longitud Origen": -88.2317222, "Usuario Origen": "Douglas Geovanny Bustillo/Andys Iraheta/Samir Antonio Talhami Bustillo" }, "geometry": { "type": "Point", "coordinates": [ -88.2317222, 14.95741667 ] } },
{ "type": "Feature", "properties": { "Latitud Origen": 14.96288, "Longitud Origen": -88.025174, "Usuario Origen": "Douglas Geovanny Bustillo/Andys Iraheta/Samir Antonio Talhami Bustillo" }, "geometry": { "type": "Point", "coordinates": [ -88.025174, 14.96288 ] } },
{ "type": "Feature", "properties": { "Latitud Origen": 14.97235708, "Longitud Origen": -88.034444, "Usuario Origen": "Douglas Geovanny Bustillo/Andys Iraheta/Samir Antonio Talhami Bustillo" }, "geometry": { "type": "Point", "coordinates": [ -88.034444, 14.97235708 ] } },
{ "type": "Feature", "properties": { "Latitud Origen": 14.97755833, "Longitud Origen": -87.8824722, "Usuario Origen": "Douglas Geovanny Bustillo/Andys Iraheta/Samir Antonio Talhami Bustillo" }, "geometry": { "type": "Point", "coordinates": [ -87.8824722, 14.97755833 ] } },
{ "type": "Feature", "properties": { "Latitud Origen": 14.98194378, "Longitud Origen": -87.9772212, "Usuario Origen": "Douglas Geovanny Bustillo/Andys Iraheta/Samir Antonio Talhami Bustillo" }, "geometry": { "type": "Point", "coordinates": [ -87.9772212, 14.98194378 ] } },
{ "type": "Feature", "properties": { "Latitud Origen": 15.00599724, "Longitud Origen": -88.7564684, "Usuario Origen": "Douglas Geovanny Bustillo/Andys Iraheta/Samir Antonio Talhami Bustillo" }, "geometry": { "type": "Point", "coordinates": [ -88.7564684, 15.00599724 ] } },
{ "type": "Feature", "properties": { "Latitud Origen": 15.00963889, "Longitud Origen": -87.9281389, "Usuario Origen": "Douglas Geovanny Bustillo/Andys Iraheta/Samir Antonio Talhami Bustillo" }, "geometry": { "type": "Point", "coordinates": [ -87.9281389, 15.00963889 ] } },
{ "type": "Feature", "properties": { "Latitud Origen": 15.0439435, "Longitud Origen": -87.9323319, "Usuario Origen": "Douglas Geovanny Bustillo/Andys Iraheta/Samir Antonio Talhami Bustillo" }, "geometry": { "type": "Point", "coordinates": [ -87.9323319, 15.0439435 ] } },
{ "type": "Feature", "properties": { "Latitud Origen": 15.04435, "Longitud Origen": -88.30527, "Usuario Origen": "Douglas Geovanny Bustillo/Andys Iraheta/Samir Antonio Talhami Bustillo" }, "geometry": { "type": "Point", "coordinates": [ -88.30527, 15.04435 ] } },
{ "type": "Feature", "properties": { "Latitud Origen": 15.05785682, "Longitud Origen": -88.2515868, "Usuario Origen": "Douglas Geovanny Bustillo/Andys Iraheta/Samir Antonio Talhami Bustillo" }, "geometry": { "type": "Point", "coordinates": [ -88.2515868, 15.05785682 ] } },
{ "type": "Feature", "properties": { "Latitud Origen": 15.05919036, "Longitud Origen": -88.7520025, "Usuario Origen": "Douglas Geovanny Bustillo/Andys Iraheta/Samir Antonio Talhami Bustillo" }, "geometry": { "type": "Point", "coordinates": [ -88.7520025, 15.05919036 ] } },
{ "type": "Feature", "properties": { "Latitud Origen": 15.06453611, "Longitud Origen": -88.7499167, "Usuario Origen": "Douglas Geovanny Bustillo/Andys Iraheta/Samir Antonio Talhami Bustillo" }, "geometry": { "type": "Point", "coordinates": [ -88.7499167, 15.06453611 ] } },
{ "type": "Feature", "properties": { "Latitud Origen": 15.06542, "Longitud Origen": -88.74201, "Usuario Origen": "Douglas Geovanny Bustillo/Andys Iraheta/Samir Antonio Talhami Bustillo" }, "geometry": { "type": "Point", "coordinates": [ -88.74201, 15.06542 ] } },
{ "type": "Feature", "properties": { "Latitud Origen": 15.06855556, "Longitud Origen": -88.7454694, "Usuario Origen": "Douglas Geovanny Bustillo/Andys Iraheta/Samir Antonio Talhami Bustillo" }, "geometry": { "type": "Point", "coordinates": [ -88.7454694, 15.06855556 ] } },
{ "type": "Feature", "properties": { "Latitud Origen": 15.07796853, "Longitud Origen": -87.2955555, "Usuario Origen": "Douglas Geovanny Bustillo/Andys Iraheta/Samir Antonio Talhami Bustillo" }, "geometry": { "type": "Point", "coordinates": [ -87.2955555, 15.07796853 ] } },
{ "type": "Feature", "properties": { "Latitud Origen": 15.09183333, "Longitud Origen": -87.9253889, "Usuario Origen": "Douglas Geovanny Bustillo/Andys Iraheta/Samir Antonio Talhami Bustillo" }, "geometry": { "type": "Point", "coordinates": [ -87.9253889, 15.09183333 ] } },
{ "type": "Feature", "properties": { "Latitud Origen": 15.10916667, "Longitud Origen": -88.1914167, "Usuario Origen": "Douglas Geovanny Bustillo/Andys Iraheta/Samir Antonio Talhami Bustillo" }, "geometry": { "type": "Point", "coordinates": [ -88.1914167, 15.10916667 ] } },
{ "type": "Feature", "properties": { "Latitud Origen": 15.13812, "Longitud Origen": -87.12574, "Usuario Origen": "Douglas Geovanny Bustillo/Andys Iraheta/Samir Antonio Talhami Bustillo" }, "geometry": { "type": "Point", "coordinates": [ -87.12574, 15.13812 ] } },
{ "type": "Feature", "properties": { "Latitud Origen": 15.13923889, "Longitud Origen": -87.2643333, "Usuario Origen": "Douglas Geovanny Bustillo/Andys Iraheta/Samir Antonio Talhami Bustillo" }, "geometry": { "type": "Point", "coordinates": [ -87.2643333, 15.13923889 ] } },
{ "type": "Feature", "properties": { "Latitud Origen": 15.14239103, "Longitud Origen": -87.1250232, "Usuario Origen": "Douglas Geovanny Bustillo/Andys Iraheta/Samir Antonio Talhami Bustillo" }, "geometry": { "type": "Point", "coordinates": [ -87.1250232, 15.14239103 ] } },
{ "type": "Feature", "properties": { "Latitud Origen": 15.14944444, "Longitud Origen": -88.2395028, "Usuario Origen": "Douglas Geovanny Bustillo/Andys Iraheta/Samir Antonio Talhami Bustillo" }, "geometry": { "type": "Point", "coordinates": [ -88.2395028, 15.14944444 ] } },
{ "type": "Feature", "properties": { "Latitud Origen": 15.16185602, "Longitud Origen": -88.3498883, "Usuario Origen": "Douglas Geovanny Bustillo/Andys Iraheta/Samir Antonio Talhami Bustillo" }, "geometry": { "type": "Point", "coordinates": [ -88.3498883, 15.16185602 ] } },
{ "type": "Feature", "properties": { "Latitud Origen": 15.19680102, "Longitud Origen": -87.8670999, "Usuario Origen": "Douglas Geovanny Bustillo/Andys Iraheta/Samir Antonio Talhami Bustillo" }, "geometry": { "type": "Point", "coordinates": [ -87.8670999, 15.19680102 ] } },
{ "type": "Feature", "properties": { "Latitud Origen": 15.23005565, "Longitud Origen": -87.9613949, "Usuario Origen": "Douglas Geovanny Bustillo/Andys Iraheta/Samir Antonio Talhami Bustillo" }, "geometry": { "type": "Point", "coordinates": [ -87.9613949, 15.23005565 ] } },
{ "type": "Feature", "properties": { "Latitud Origen": 15.231, "Longitud Origen": -87.3436111, "Usuario Origen": "Douglas Geovanny Bustillo/Andys Iraheta/Samir Antonio Talhami Bustillo" }, "geometry": { "type": "Point", "coordinates": [ -87.3436111, 15.231 ] } },
{ "type": "Feature", "properties": { "Latitud Origen": 15.25080282, "Longitud Origen": -88.5635793, "Usuario Origen": "Douglas Geovanny Bustillo/Andys Iraheta/Samir Antonio Talhami Bustillo" }, "geometry": { "type": "Point", "coordinates": [ -88.5635793, 15.25080282 ] } },
{ "type": "Feature", "properties": { "Latitud Origen": 15.27447222, "Longitud Origen": -87.9729722, "Usuario Origen": "Douglas Geovanny Bustillo/Andys Iraheta/Samir Antonio Talhami Bustillo" }, "geometry": { "type": "Point", "coordinates": [ -87.9729722, 15.27447222 ] } },
{ "type": "Feature", "properties": { "Latitud Origen": 15.28633334, "Longitud Origen": -87.9732806, "Usuario Origen": "Douglas Geovanny Bustillo/Andys Iraheta/Samir Antonio Talhami Bustillo" }, "geometry": { "type": "Point", "coordinates": [ -87.9732806, 15.28633334 ] } },
{ "type": "Feature", "properties": { "Latitud Origen": 15.30133333, "Longitud Origen": -88.3570556, "Usuario Origen": "Douglas Geovanny Bustillo/Andys Iraheta/Samir Antonio Talhami Bustillo" }, "geometry": { "type": "Point", "coordinates": [ -88.3570556, 15.30133333 ] } },
{ "type": "Feature", "properties": { "Latitud Origen": 15.30169275, "Longitud Origen": -88.4176627, "Usuario Origen": "Douglas Geovanny Bustillo/Andys Iraheta/Samir Antonio Talhami Bustillo" }, "geometry": { "type": "Point", "coordinates": [ -88.4176627, 15.30169275 ] } },
{ "type": "Feature", "properties": { "Latitud Origen": 15.31196871, "Longitud Origen": -88.5433313, "Usuario Origen": "Douglas Geovanny Bustillo/Andys Iraheta/Samir Antonio Talhami Bustillo" }, "geometry": { "type": "Point", "coordinates": [ -88.5433313, 15.31196871 ] } },
{ "type": "Feature", "properties": { "Latitud Origen": 15.312862, "Longitud Origen": -87.992164, "Usuario Origen": "Douglas Geovanny Bustillo/Andys Iraheta/Samir Antonio Talhami Bustillo" }, "geometry": { "type": "Point", "coordinates": [ -87.992164, 15.312862 ] } },
{ "type": "Feature", "properties": { "Latitud Origen": 15.31744444, "Longitud Origen": -87.9918889, "Usuario Origen": "Douglas Geovanny Bustillo/Andys Iraheta/Samir Antonio Talhami Bustillo" }, "geometry": { "type": "Point", "coordinates": [ -87.9918889, 15.31744444 ] } },
{ "type": "Feature", "properties": { "Latitud Origen": 15.3201908, "Longitud Origen": -87.5995853, "Usuario Origen": "Douglas Geovanny Bustillo/Andys Iraheta/Samir Antonio Talhami Bustillo" }, "geometry": { "type": "Point", "coordinates": [ -87.5995853, 15.3201908 ] } },
{ "type": "Feature", "properties": { "Latitud Origen": 15.32891256, "Longitud Origen": -88.4864399, "Usuario Origen": "Douglas Geovanny Bustillo/Andys Iraheta/Samir Antonio Talhami Bustillo" }, "geometry": { "type": "Point", "coordinates": [ -88.4864399, 15.32891256 ] } },
{ "type": "Feature", "properties": { "Latitud Origen": 15.34052778, "Longitud Origen": -87.8048056, "Usuario Origen": "Douglas Geovanny Bustillo/Andys Iraheta/Samir Antonio Talhami Bustillo" }, "geometry": { "type": "Point", "coordinates": [ -87.8048056, 15.34052778 ] } },
{ "type": "Feature", "properties": { "Latitud Origen": 15.34111111, "Longitud Origen": -88.2889444, "Usuario Origen": "Douglas Geovanny Bustillo/Andys Iraheta/Samir Antonio Talhami Bustillo" }, "geometry": { "type": "Point", "coordinates": [ -88.2889444, 15.34111111 ] } },
{ "type": "Feature", "properties": { "Latitud Origen": 15.34111477, "Longitud Origen": -87.9175034, "Usuario Origen": "Douglas Geovanny Bustillo/Andys Iraheta/Samir Antonio Talhami Bustillo" }, "geometry": { "type": "Point", "coordinates": [ -87.9175034, 15.34111477 ] } },
{ "type": "Feature", "properties": { "Latitud Origen": 15.34330556, "Longitud Origen": -88.5525, "Usuario Origen": "Douglas Geovanny Bustillo/Andys Iraheta/Samir Antonio Talhami Bustillo" }, "geometry": { "type": "Point", "coordinates": [ -88.5525, 15.34330556 ] } },
{ "type": "Feature", "properties": { "Latitud Origen": 15.3438355, "Longitud Origen": -88.4040219, "Usuario Origen": "Douglas Geovanny Bustillo/Andys Iraheta/Samir Antonio Talhami Bustillo" }, "geometry": { "type": "Point", "coordinates": [ -88.4040219, 15.3438355 ] } },
{ "type": "Feature", "properties": { "Latitud Origen": 15.381314, "Longitud Origen": -87.989266, "Usuario Origen": "Douglas Geovanny Bustillo/Andys Iraheta/Samir Antonio Talhami Bustillo" }, "geometry": { "type": "Point", "coordinates": [ -87.989266, 15.381314 ] } },
{ "type": "Feature", "properties": { "Latitud Origen": 15.38369223, "Longitud Origen": -87.8055524, "Usuario Origen": "Douglas Geovanny Bustillo/Andys Iraheta/Samir Antonio Talhami Bustillo" }, "geometry": { "type": "Point", "coordinates": [ -87.8055524, 15.38369223 ] } },
{ "type": "Feature", "properties": { "Latitud Origen": 15.38572, "Longitud Origen": -87.79523, "Usuario Origen": "Douglas Geovanny Bustillo/Andys Iraheta/Samir Antonio Talhami Bustillo" }, "geometry": { "type": "Point", "coordinates": [ -87.79523, 15.38572 ] } },
{ "type": "Feature", "properties": { "Latitud Origen": 15.3885, "Longitud Origen": -87.7993333, "Usuario Origen": "Douglas Geovanny Bustillo/Andys Iraheta/Samir Antonio Talhami Bustillo" }, "geometry": { "type": "Point", "coordinates": [ -87.7993333, 15.3885 ] } },
{ "type": "Feature", "properties": { "Latitud Origen": 15.39147222, "Longitud Origen": -87.8120278, "Usuario Origen": "Douglas Geovanny Bustillo/Andys Iraheta/Samir Antonio Talhami Bustillo" }, "geometry": { "type": "Point", "coordinates": [ -87.8120278, 15.39147222 ] } },
{ "type": "Feature", "properties": { "Latitud Origen": 15.39452, "Longitud Origen": -87.99632, "Usuario Origen": "Douglas Geovanny Bustillo/Andys Iraheta/Samir Antonio Talhami Bustillo" }, "geometry": { "type": "Point", "coordinates": [ -87.99632, 15.39452 ] } },
{ "type": "Feature", "properties": { "Latitud Origen": 15.39622, "Longitud Origen": -87.8044, "Usuario Origen": "Douglas Geovanny Bustillo/Andys Iraheta/Samir Antonio Talhami Bustillo" }, "geometry": { "type": "Point", "coordinates": [ -87.8044, 15.39622 ] } },
{ "type": "Feature", "properties": { "Latitud Origen": 15.39694091, "Longitud Origen": -87.7991923, "Usuario Origen": "Douglas Geovanny Bustillo/Andys Iraheta/Samir Antonio Talhami Bustillo" }, "geometry": { "type": "Point", "coordinates": [ -87.7991923, 15.39694091 ] } },
{ "type": "Feature", "properties": { "Latitud Origen": 15.39906667, "Longitud Origen": -87.7930306, "Usuario Origen": "Douglas Geovanny Bustillo/Andys Iraheta/Samir Antonio Talhami Bustillo" }, "geometry": { "type": "Point", "coordinates": [ -87.7930306, 15.39906667 ] } },
{ "type": "Feature", "properties": { "Latitud Origen": 15.40077778, "Longitud Origen": -87.8065833, "Usuario Origen": "Douglas Geovanny Bustillo/Andys Iraheta/Samir Antonio Talhami Bustillo" }, "geometry": { "type": "Point", "coordinates": [ -87.8065833, 15.40077778 ] } },
{ "type": "Feature", "properties": { "Latitud Origen": 15.402012, "Longitud Origen": -87.79559, "Usuario Origen": "Douglas Geovanny Bustillo/Andys Iraheta/Samir Antonio Talhami Bustillo" }, "geometry": { "type": "Point", "coordinates": [ -87.79559, 15.402012 ] } },
{ "type": "Feature", "properties": { "Latitud Origen": 15.40208333, "Longitud Origen": -87.8141667, "Usuario Origen": "Douglas Geovanny Bustillo/Andys Iraheta/Samir Antonio Talhami Bustillo" }, "geometry": { "type": "Point", "coordinates": [ -87.8141667, 15.40208333 ] } },
{ "type": "Feature", "properties": { "Latitud Origen": 15.40260556, "Longitud Origen": -87.8118861, "Usuario Origen": "Douglas Geovanny Bustillo/Andys Iraheta/Samir Antonio Talhami Bustillo" }, "geometry": { "type": "Point", "coordinates": [ -87.8118861, 15.40260556 ] } },
{ "type": "Feature", "properties": { "Latitud Origen": 15.40261, "Longitud Origen": -87.81189, "Usuario Origen": "Douglas Geovanny Bustillo/Andys Iraheta/Samir Antonio Talhami Bustillo" }, "geometry": { "type": "Point", "coordinates": [ -87.81189, 15.40261 ] } },
{ "type": "Feature", "properties": { "Latitud Origen": 15.4032776, "Longitud Origen": -88.1620572, "Usuario Origen": "Douglas Geovanny Bustillo/Andys Iraheta/Samir Antonio Talhami Bustillo" }, "geometry": { "type": "Point", "coordinates": [ -88.1620572, 15.4032776 ] } },
{ "type": "Feature", "properties": { "Latitud Origen": 15.403879, "Longitud Origen": -87.818182, "Usuario Origen": "Douglas Geovanny Bustillo/Andys Iraheta/Samir Antonio Talhami Bustillo" }, "geometry": { "type": "Point", "coordinates": [ -87.818182, 15.403879 ] } },
{ "type": "Feature", "properties": { "Latitud Origen": 15.40455982, "Longitud Origen": -88.1413881, "Usuario Origen": "Douglas Geovanny Bustillo/Andys Iraheta/Samir Antonio Talhami Bustillo" }, "geometry": { "type": "Point", "coordinates": [ -88.1413881, 15.40455982 ] } },
{ "type": "Feature", "properties": { "Latitud Origen": 15.40466667, "Longitud Origen": -88.0050556, "Usuario Origen": "Douglas Geovanny Bustillo/Andys Iraheta/Samir Antonio Talhami Bustillo" }, "geometry": { "type": "Point", "coordinates": [ -88.0050556, 15.40466667 ] } },
{ "type": "Feature", "properties": { "Latitud Origen": 15.4069, "Longitud Origen": -87.80936, "Usuario Origen": "Douglas Geovanny Bustillo/Andys Iraheta/Samir Antonio Talhami Bustillo" }, "geometry": { "type": "Point", "coordinates": [ -87.80936, 15.4069 ] } },
{ "type": "Feature", "properties": { "Latitud Origen": 15.40951, "Longitud Origen": -88.15223, "Usuario Origen": "Douglas Geovanny Bustillo/Andys Iraheta/Samir Antonio Talhami Bustillo" }, "geometry": { "type": "Point", "coordinates": [ -88.15223, 15.40951 ] } },
{ "type": "Feature", "properties": { "Latitud Origen": 15.40958333, "Longitud Origen": -88.1118056, "Usuario Origen": "Douglas Geovanny Bustillo/Andys Iraheta/Samir Antonio Talhami Bustillo" }, "geometry": { "type": "Point", "coordinates": [ -88.1118056, 15.40958333 ] } },
{ "type": "Feature", "properties": { "Latitud Origen": 15.40975, "Longitud Origen": -87.8038889, "Usuario Origen": "Douglas Geovanny Bustillo/Andys Iraheta/Samir Antonio Talhami Bustillo" }, "geometry": { "type": "Point", "coordinates": [ -87.8038889, 15.40975 ] } },
{ "type": "Feature", "properties": { "Latitud Origen": 15.411, "Longitud Origen": -87.8508056, "Usuario Origen": "Douglas Geovanny Bustillo/Andys Iraheta/Samir Antonio Talhami Bustillo" }, "geometry": { "type": "Point", "coordinates": [ -87.8508056, 15.411 ] } },
{ "type": "Feature", "properties": { "Latitud Origen": 15.41213889, "Longitud Origen": -87.88675, "Usuario Origen": "Douglas Geovanny Bustillo/Andys Iraheta/Samir Antonio Talhami Bustillo" }, "geometry": { "type": "Point", "coordinates": [ -87.88675, 15.41213889 ] } },
{ "type": "Feature", "properties": { "Latitud Origen": 15.41413889, "Longitud Origen": -88.0158056, "Usuario Origen": "Douglas Geovanny Bustillo/Andys Iraheta/Samir Antonio Talhami Bustillo" }, "geometry": { "type": "Point", "coordinates": [ -88.0158056, 15.41413889 ] } },
{ "type": "Feature", "properties": { "Latitud Origen": 15.41555904, "Longitud Origen": -88.1221964, "Usuario Origen": "Douglas Geovanny Bustillo/Andys Iraheta/Samir Antonio Talhami Bustillo" }, "geometry": { "type": "Point", "coordinates": [ -88.1221964, 15.41555904 ] } },
{ "type": "Feature", "properties": { "Latitud Origen": 15.41583299, "Longitud Origen": -88.0609196, "Usuario Origen": "Douglas Geovanny Bustillo/Andys Iraheta/Samir Antonio Talhami Bustillo" }, "geometry": { "type": "Point", "coordinates": [ -88.0609196, 15.41583299 ] } },
{ "type": "Feature", "properties": { "Latitud Origen": 15.41916667, "Longitud Origen": -87.8016667, "Usuario Origen": "Douglas Geovanny Bustillo/Andys Iraheta/Samir Antonio Talhami Bustillo" }, "geometry": { "type": "Point", "coordinates": [ -87.8016667, 15.41916667 ] } },
{ "type": "Feature", "properties": { "Latitud Origen": 15.41984, "Longitud Origen": -87.80182, "Usuario Origen": "Douglas Geovanny Bustillo/Andys Iraheta/Samir Antonio Talhami Bustillo" }, "geometry": { "type": "Point", "coordinates": [ -87.80182, 15.41984 ] } },
{ "type": "Feature", "properties": { "Latitud Origen": 15.42666351, "Longitud Origen": -87.9295832, "Usuario Origen": "Douglas Geovanny Bustillo/Andys Iraheta/Samir Antonio Talhami Bustillo" }, "geometry": { "type": "Point", "coordinates": [ -87.9295832, 15.42666351 ] } },
{ "type": "Feature", "properties": { "Latitud Origen": 15.427, "Longitud Origen": -87.9202778, "Usuario Origen": "Douglas Geovanny Bustillo/Andys Iraheta/Samir Antonio Talhami Bustillo" }, "geometry": { "type": "Point", "coordinates": [ -87.9202778, 15.427 ] } },
{ "type": "Feature", "properties": { "Latitud Origen": 15.42963889, "Longitud Origen": -87.79675, "Usuario Origen": "Douglas Geovanny Bustillo/Andys Iraheta/Samir Antonio Talhami Bustillo" }, "geometry": { "type": "Point", "coordinates": [ -87.79675, 15.42963889 ] } },
{ "type": "Feature", "properties": { "Latitud Origen": 15.42995556, "Longitud Origen": -87.9006417, "Usuario Origen": "Douglas Geovanny Bustillo/Andys Iraheta/Samir Antonio Talhami Bustillo" }, "geometry": { "type": "Point", "coordinates": [ -87.9006417, 15.42995556 ] } },
{ "type": "Feature", "properties": { "Latitud Origen": 15.43097569, "Longitud Origen": -88.0201128, "Usuario Origen": "Douglas Geovanny Bustillo/Andys Iraheta/Samir Antonio Talhami Bustillo" }, "geometry": { "type": "Point", "coordinates": [ -88.0201128, 15.43097569 ] } },
{ "type": "Feature", "properties": { "Latitud Origen": 15.43610819, "Longitud Origen": -87.9129988, "Usuario Origen": "Douglas Geovanny Bustillo/Andys Iraheta/Samir Antonio Talhami Bustillo" }, "geometry": { "type": "Point", "coordinates": [ -87.9129988, 15.43610819 ] } },
{ "type": "Feature", "properties": { "Latitud Origen": 15.43972222, "Longitud Origen": -87.9268889, "Usuario Origen": "Douglas Geovanny Bustillo/Andys Iraheta/Samir Antonio Talhami Bustillo" }, "geometry": { "type": "Point", "coordinates": [ -87.9268889, 15.43972222 ] } },
{ "type": "Feature", "properties": { "Latitud Origen": 15.44166667, "Longitud Origen": -88.0191111, "Usuario Origen": "Douglas Geovanny Bustillo/Andys Iraheta/Samir Antonio Talhami Bustillo" }, "geometry": { "type": "Point", "coordinates": [ -88.0191111, 15.44166667 ] } },
{ "type": "Feature", "properties": { "Latitud Origen": 15.445281, "Longitud Origen": -87.94085, "Usuario Origen": "Douglas Geovanny Bustillo/Andys Iraheta/Samir Antonio Talhami Bustillo" }, "geometry": { "type": "Point", "coordinates": [ -87.94085, 15.445281 ] } },
{ "type": "Feature", "properties": { "Latitud Origen": 15.4577, "Longitud Origen": -88.02726, "Usuario Origen": "Douglas Geovanny Bustillo/Andys Iraheta/Samir Antonio Talhami Bustillo" }, "geometry": { "type": "Point", "coordinates": [ -88.02726, 15.4577 ] } },
{ "type": "Feature", "properties": { "Latitud Origen": 15.4577, "Longitud Origen": -88.0272611, "Usuario Origen": "Douglas Geovanny Bustillo/Andys Iraheta/Samir Antonio Talhami Bustillo" }, "geometry": { "type": "Point", "coordinates": [ -88.0272611, 15.4577 ] } },
{ "type": "Feature", "properties": { "Latitud Origen": 15.45800049, "Longitud Origen": -87.949753, "Usuario Origen": "Douglas Geovanny Bustillo/Andys Iraheta/Samir Antonio Talhami Bustillo" }, "geometry": { "type": "Point", "coordinates": [ -87.949753, 15.45800049 ] } },
{ "type": "Feature", "properties": { "Latitud Origen": 15.45977778, "Longitud Origen": -87.9562222, "Usuario Origen": "Douglas Geovanny Bustillo/Andys Iraheta/Samir Antonio Talhami Bustillo" }, "geometry": { "type": "Point", "coordinates": [ -87.9562222, 15.45977778 ] } },
{ "type": "Feature", "properties": { "Latitud Origen": 15.46119, "Longitud Origen": -88.0295, "Usuario Origen": "Douglas Geovanny Bustillo/Andys Iraheta/Samir Antonio Talhami Bustillo" }, "geometry": { "type": "Point", "coordinates": [ -88.0295, 15.46119 ] } },
{ "type": "Feature", "properties": { "Latitud Origen": 15.46152667, "Longitud Origen": -87.7464575, "Usuario Origen": "Douglas Geovanny Bustillo/Andys Iraheta/Samir Antonio Talhami Bustillo" }, "geometry": { "type": "Point", "coordinates": [ -87.7464575, 15.46152667 ] } },
{ "type": "Feature", "properties": { "Latitud Origen": 15.46515, "Longitud Origen": -88.03259, "Usuario Origen": "Douglas Geovanny Bustillo/Andys Iraheta/Samir Antonio Talhami Bustillo" }, "geometry": { "type": "Point", "coordinates": [ -88.03259, 15.46515 ] } },
{ "type": "Feature", "properties": { "Latitud Origen": 15.46544444, "Longitud Origen": -87.9684444, "Usuario Origen": "Douglas Geovanny Bustillo/Andys Iraheta/Samir Antonio Talhami Bustillo" }, "geometry": { "type": "Point", "coordinates": [ -87.9684444, 15.46544444 ] } },
{ "type": "Feature", "properties": { "Latitud Origen": 15.465988, "Longitud Origen": -87.96074, "Usuario Origen": "Douglas Geovanny Bustillo/Andys Iraheta/Samir Antonio Talhami Bustillo" }, "geometry": { "type": "Point", "coordinates": [ -87.96074, 15.465988 ] } },
{ "type": "Feature", "properties": { "Latitud Origen": 15.46941, "Longitud Origen": -88.03432, "Usuario Origen": "Douglas Geovanny Bustillo/Andys Iraheta/Samir Antonio Talhami Bustillo" }, "geometry": { "type": "Point", "coordinates": [ -88.03432, 15.46941 ] } },
{ "type": "Feature", "properties": { "Latitud Origen": 15.470933, "Longitud Origen": -88.028387, "Usuario Origen": "Douglas Geovanny Bustillo/Andys Iraheta/Samir Antonio Talhami Bustillo" }, "geometry": { "type": "Point", "coordinates": [ -88.028387, 15.470933 ] } },
{ "type": "Feature", "properties": { "Latitud Origen": 15.47151396, "Longitud Origen": -87.9810875, "Usuario Origen": "Douglas Geovanny Bustillo/Andys Iraheta/Samir Antonio Talhami Bustillo" }, "geometry": { "type": "Point", "coordinates": [ -87.9810875, 15.47151396 ] } },
{ "type": "Feature", "properties": { "Latitud Origen": 15.472026, "Longitud Origen": -88.032706, "Usuario Origen": "Douglas Geovanny Bustillo/Andys Iraheta/Samir Antonio Talhami Bustillo" }, "geometry": { "type": "Point", "coordinates": [ -88.032706, 15.472026 ] } },
{ "type": "Feature", "properties": { "Latitud Origen": 15.47255556, "Longitud Origen": -87.9737778, "Usuario Origen": "Douglas Geovanny Bustillo/Andys Iraheta/Samir Antonio Talhami Bustillo" }, "geometry": { "type": "Point", "coordinates": [ -87.9737778, 15.47255556 ] } },
{ "type": "Feature", "properties": { "Latitud Origen": 15.47788889, "Longitud Origen": -88.0118611, "Usuario Origen": "Douglas Geovanny Bustillo/Andys Iraheta/Samir Antonio Talhami Bustillo" }, "geometry": { "type": "Point", "coordinates": [ -88.0118611, 15.47788889 ] } },
{ "type": "Feature", "properties": { "Latitud Origen": 15.478597, "Longitud Origen": -88.035453, "Usuario Origen": "Douglas Geovanny Bustillo/Andys Iraheta/Samir Antonio Talhami Bustillo" }, "geometry": { "type": "Point", "coordinates": [ -88.035453, 15.478597 ] } },
{ "type": "Feature", "properties": { "Latitud Origen": 15.47924765, "Longitud Origen": -88.0356083, "Usuario Origen": "Douglas Geovanny Bustillo/Andys Iraheta/Samir Antonio Talhami Bustillo" }, "geometry": { "type": "Point", "coordinates": [ -88.0356083, 15.47924765 ] } },
{ "type": "Feature", "properties": { "Latitud Origen": 15.47938889, "Longitud Origen": -88.0155278, "Usuario Origen": "Douglas Geovanny Bustillo/Andys Iraheta/Samir Antonio Talhami Bustillo" }, "geometry": { "type": "Point", "coordinates": [ -88.0155278, 15.47938889 ] } },
{ "type": "Feature", "properties": { "Latitud Origen": 15.47944545, "Longitud Origen": -88.0300257, "Usuario Origen": "Douglas Geovanny Bustillo/Andys Iraheta/Samir Antonio Talhami Bustillo" }, "geometry": { "type": "Point", "coordinates": [ -88.0300257, 15.47944545 ] } },
{ "type": "Feature", "properties": { "Latitud Origen": 15.48157587, "Longitud Origen": -88.0209011, "Usuario Origen": "Douglas Geovanny Bustillo/Andys Iraheta/Samir Antonio Talhami Bustillo" }, "geometry": { "type": "Point", "coordinates": [ -88.0209011, 15.48157587 ] } },
{ "type": "Feature", "properties": { "Latitud Origen": 15.48394761, "Longitud Origen": -88.0083377, "Usuario Origen": "Douglas Geovanny Bustillo/Andys Iraheta/Samir Antonio Talhami Bustillo" }, "geometry": { "type": "Point", "coordinates": [ -88.0083377, 15.48394761 ] } },
{ "type": "Feature", "properties": { "Latitud Origen": 15.48458732, "Longitud Origen": -87.9806458, "Usuario Origen": "Douglas Geovanny Bustillo/Andys Iraheta/Samir Antonio Talhami Bustillo" }, "geometry": { "type": "Point", "coordinates": [ -87.9806458, 15.48458732 ] } },
{ "type": "Feature", "properties": { "Latitud Origen": 15.48480892, "Longitud Origen": -88.0215788, "Usuario Origen": "Douglas Geovanny Bustillo/Andys Iraheta/Samir Antonio Talhami Bustillo" }, "geometry": { "type": "Point", "coordinates": [ -88.0215788, 15.48480892 ] } },
{ "type": "Feature", "properties": { "Latitud Origen": 15.48659515, "Longitud Origen": -88.0340322, "Usuario Origen": "Douglas Geovanny Bustillo/Andys Iraheta/Samir Antonio Talhami Bustillo" }, "geometry": { "type": "Point", "coordinates": [ -88.0340322, 15.48659515 ] } },
{ "type": "Feature", "properties": { "Latitud Origen": 15.48686111, "Longitud Origen": -87.9845, "Usuario Origen": "Douglas Geovanny Bustillo/Andys Iraheta/Samir Antonio Talhami Bustillo" }, "geometry": { "type": "Point", "coordinates": [ -87.9845, 15.48686111 ] } },
{ "type": "Feature", "properties": { "Latitud Origen": 15.48855, "Longitud Origen": -87.98866, "Usuario Origen": "Douglas Geovanny Bustillo/Andys Iraheta/Samir Antonio Talhami Bustillo" }, "geometry": { "type": "Point", "coordinates": [ -87.98866, 15.48855 ] } },
{ "type": "Feature", "properties": { "Latitud Origen": 15.48925176, "Longitud Origen": -88.0088015, "Usuario Origen": "Douglas Geovanny Bustillo/Andys Iraheta/Samir Antonio Talhami Bustillo" }, "geometry": { "type": "Point", "coordinates": [ -88.0088015, 15.48925176 ] } },
{ "type": "Feature", "properties": { "Latitud Origen": 15.49035914, "Longitud Origen": -87.9978349, "Usuario Origen": "Douglas Geovanny Bustillo/Andys Iraheta/Samir Antonio Talhami Bustillo" }, "geometry": { "type": "Point", "coordinates": [ -87.9978349, 15.49035914 ] } },
{ "type": "Feature", "properties": { "Latitud Origen": 15.4911, "Longitud Origen": -88.0285, "Usuario Origen": "Douglas Geovanny Bustillo/Andys Iraheta/Samir Antonio Talhami Bustillo" }, "geometry": { "type": "Point", "coordinates": [ -88.0285, 15.4911 ] } },
{ "type": "Feature", "properties": { "Latitud Origen": 15.4911, "Longitud Origen": -88.03444, "Usuario Origen": "Douglas Geovanny Bustillo/Andys Iraheta/Samir Antonio Talhami Bustillo" }, "geometry": { "type": "Point", "coordinates": [ -88.03444, 15.4911 ] } },
{ "type": "Feature", "properties": { "Latitud Origen": 15.49180556, "Longitud Origen": -88.0181944, "Usuario Origen": "Douglas Geovanny Bustillo/Andys Iraheta/Samir Antonio Talhami Bustillo" }, "geometry": { "type": "Point", "coordinates": [ -88.0181944, 15.49180556 ] } },
{ "type": "Feature", "properties": { "Latitud Origen": 15.49192863, "Longitud Origen": -88.0242892, "Usuario Origen": "Douglas Geovanny Bustillo/Andys Iraheta/Samir Antonio Talhami Bustillo" }, "geometry": { "type": "Point", "coordinates": [ -88.0242892, 15.49192863 ] } },
{ "type": "Feature", "properties": { "Latitud Origen": 15.493476, "Longitud Origen": -88.034377, "Usuario Origen": "Douglas Geovanny Bustillo/Andys Iraheta/Samir Antonio Talhami Bustillo" }, "geometry": { "type": "Point", "coordinates": [ -88.034377, 15.493476 ] } },
{ "type": "Feature", "properties": { "Latitud Origen": 15.49369139, "Longitud Origen": -87.9864964, "Usuario Origen": "Douglas Geovanny Bustillo/Andys Iraheta/Samir Antonio Talhami Bustillo" }, "geometry": { "type": "Point", "coordinates": [ -87.9864964, 15.49369139 ] } },
{ "type": "Feature", "properties": { "Latitud Origen": 15.495096, "Longitud Origen": -88.022577, "Usuario Origen": "Douglas Geovanny Bustillo/Andys Iraheta/Samir Antonio Talhami Bustillo" }, "geometry": { "type": "Point", "coordinates": [ -88.022577, 15.495096 ] } },
{ "type": "Feature", "properties": { "Latitud Origen": 15.495192, "Longitud Origen": -87.996553, "Usuario Origen": "Douglas Geovanny Bustillo/Andys Iraheta/Samir Antonio Talhami Bustillo" }, "geometry": { "type": "Point", "coordinates": [ -87.996553, 15.495192 ] } },
{ "type": "Feature", "properties": { "Latitud Origen": 15.49525239, "Longitud Origen": -88.0170622, "Usuario Origen": "Douglas Geovanny Bustillo/Andys Iraheta/Samir Antonio Talhami Bustillo" }, "geometry": { "type": "Point", "coordinates": [ -88.0170622, 15.49525239 ] } },
{ "type": "Feature", "properties": { "Latitud Origen": 15.49530556, "Longitud Origen": -88.0390278, "Usuario Origen": "Douglas Geovanny Bustillo/Andys Iraheta/Samir Antonio Talhami Bustillo" }, "geometry": { "type": "Point", "coordinates": [ -88.0390278, 15.49530556 ] } },
{ "type": "Feature", "properties": { "Latitud Origen": 15.49677, "Longitud Origen": -88.01347, "Usuario Origen": "Douglas Geovanny Bustillo/Andys Iraheta/Samir Antonio Talhami Bustillo" }, "geometry": { "type": "Point", "coordinates": [ -88.01347, 15.49677 ] } },
{ "type": "Feature", "properties": { "Latitud Origen": 15.497, "Longitud Origen": -88.0361111, "Usuario Origen": "Douglas Geovanny Bustillo/Andys Iraheta/Samir Antonio Talhami Bustillo" }, "geometry": { "type": "Point", "coordinates": [ -88.0361111, 15.497 ] } },
{ "type": "Feature", "properties": { "Latitud Origen": 15.49700715, "Longitud Origen": -88.0324339, "Usuario Origen": "Douglas Geovanny Bustillo/Andys Iraheta/Samir Antonio Talhami Bustillo" }, "geometry": { "type": "Point", "coordinates": [ -88.0324339, 15.49700715 ] } },
{ "type": "Feature", "properties": { "Latitud Origen": 15.49771862, "Longitud Origen": -88.0368655, "Usuario Origen": "Douglas Geovanny Bustillo/Andys Iraheta/Samir Antonio Talhami Bustillo" }, "geometry": { "type": "Point", "coordinates": [ -88.0368655, 15.49771862 ] } },
{ "type": "Feature", "properties": { "Latitud Origen": 15.49786922, "Longitud Origen": -88.0239455, "Usuario Origen": "Douglas Geovanny Bustillo/Andys Iraheta/Samir Antonio Talhami Bustillo" }, "geometry": { "type": "Point", "coordinates": [ -88.0239455, 15.49786922 ] } },
{ "type": "Feature", "properties": { "Latitud Origen": 15.498712, "Longitud Origen": -87.686417, "Usuario Origen": "Douglas Geovanny Bustillo/Andys Iraheta/Samir Antonio Talhami Bustillo" }, "geometry": { "type": "Point", "coordinates": [ -87.686417, 15.498712 ] } },
{ "type": "Feature", "properties": { "Latitud Origen": 15.49872283, "Longitud Origen": -87.6863643, "Usuario Origen": "Douglas Geovanny Bustillo/Andys Iraheta/Samir Antonio Talhami Bustillo" }, "geometry": { "type": "Point", "coordinates": [ -87.6863643, 15.49872283 ] } },
{ "type": "Feature", "properties": { "Latitud Origen": 15.499472, "Longitud Origen": -88.013889, "Usuario Origen": "Douglas Geovanny Bustillo/Andys Iraheta/Samir Antonio Talhami Bustillo" }, "geometry": { "type": "Point", "coordinates": [ -88.013889, 15.499472 ] } },
{ "type": "Feature", "properties": { "Latitud Origen": 15.50016667, "Longitud Origen": -88.0449444, "Usuario Origen": "Douglas Geovanny Bustillo/Andys Iraheta/Samir Antonio Talhami Bustillo" }, "geometry": { "type": "Point", "coordinates": [ -88.0449444, 15.50016667 ] } },
{ "type": "Feature", "properties": { "Latitud Origen": 15.50022222, "Longitud Origen": -88.0312778, "Usuario Origen": "Douglas Geovanny Bustillo/Andys Iraheta/Samir Antonio Talhami Bustillo" }, "geometry": { "type": "Point", "coordinates": [ -88.0312778, 15.50022222 ] } },
{ "type": "Feature", "properties": { "Latitud Origen": 15.50088889, "Longitud Origen": -88.0215556, "Usuario Origen": "Douglas Geovanny Bustillo/Andys Iraheta/Samir Antonio Talhami Bustillo" }, "geometry": { "type": "Point", "coordinates": [ -88.0215556, 15.50088889 ] } },
{ "type": "Feature", "properties": { "Latitud Origen": 15.50089, "Longitud Origen": -88.0215555, "Usuario Origen": "Douglas Geovanny Bustillo/Andys Iraheta/Samir Antonio Talhami Bustillo" }, "geometry": { "type": "Point", "coordinates": [ -88.0215555, 15.50089 ] } },
{ "type": "Feature", "properties": { "Latitud Origen": 15.50163889, "Longitud Origen": -88.0384167, "Usuario Origen": "Douglas Geovanny Bustillo/Andys Iraheta/Samir Antonio Talhami Bustillo" }, "geometry": { "type": "Point", "coordinates": [ -88.0384167, 15.50163889 ] } },
{ "type": "Feature", "properties": { "Latitud Origen": 15.5023627, "Longitud Origen": -88.0354157, "Usuario Origen": "Douglas Geovanny Bustillo/Andys Iraheta/Samir Antonio Talhami Bustillo" }, "geometry": { "type": "Point", "coordinates": [ -88.0354157, 15.5023627 ] } },
{ "type": "Feature", "properties": { "Latitud Origen": 15.50236473, "Longitud Origen": -88.0354167, "Usuario Origen": "Douglas Geovanny Bustillo/Andys Iraheta/Samir Antonio Talhami Bustillo" }, "geometry": { "type": "Point", "coordinates": [ -88.0354167, 15.50236473 ] } },
{ "type": "Feature", "properties": { "Latitud Origen": 15.50266383, "Longitud Origen": -88.0290033, "Usuario Origen": "Douglas Geovanny Bustillo/Andys Iraheta/Samir Antonio Talhami Bustillo" }, "geometry": { "type": "Point", "coordinates": [ -88.0290033, 15.50266383 ] } },
{ "type": "Feature", "properties": { "Latitud Origen": 15.50316159, "Longitud Origen": -88.0210816, "Usuario Origen": "Douglas Geovanny Bustillo/Andys Iraheta/Samir Antonio Talhami Bustillo" }, "geometry": { "type": "Point", "coordinates": [ -88.0210816, 15.50316159 ] } },
{ "type": "Feature", "properties": { "Latitud Origen": 15.50327778, "Longitud Origen": -88.0355556, "Usuario Origen": "Douglas Geovanny Bustillo/Andys Iraheta/Samir Antonio Talhami Bustillo" }, "geometry": { "type": "Point", "coordinates": [ -88.0355556, 15.50327778 ] } },
{ "type": "Feature", "properties": { "Latitud Origen": 15.5035821, "Longitud Origen": -88.0413882, "Usuario Origen": "Douglas Geovanny Bustillo/Andys Iraheta/Samir Antonio Talhami Bustillo" }, "geometry": { "type": "Point", "coordinates": [ -88.0413882, 15.5035821 ] } },
{ "type": "Feature", "properties": { "Latitud Origen": 15.503611, "Longitud Origen": -88.004917, "Usuario Origen": "Douglas Geovanny Bustillo/Andys Iraheta/Samir Antonio Talhami Bustillo" }, "geometry": { "type": "Point", "coordinates": [ -88.004917, 15.503611 ] } },
{ "type": "Feature", "properties": { "Latitud Origen": 15.504, "Longitud Origen": -88.009833, "Usuario Origen": "Douglas Geovanny Bustillo/Andys Iraheta/Samir Antonio Talhami Bustillo" }, "geometry": { "type": "Point", "coordinates": [ -88.009833, 15.504 ] } },
{ "type": "Feature", "properties": { "Latitud Origen": 15.504, "Longitud Origen": -88.0098333, "Usuario Origen": "Douglas Geovanny Bustillo/Andys Iraheta/Samir Antonio Talhami Bustillo" }, "geometry": { "type": "Point", "coordinates": [ -88.0098333, 15.504 ] } },
{ "type": "Feature", "properties": { "Latitud Origen": 15.504111, "Longitud Origen": -88.0241389, "Usuario Origen": "Douglas Geovanny Bustillo/Andys Iraheta/Samir Antonio Talhami Bustillo" }, "geometry": { "type": "Point", "coordinates": [ -88.0241389, 15.504111 ] } },
{ "type": "Feature", "properties": { "Latitud Origen": 15.50411111, "Longitud Origen": -88.0241389, "Usuario Origen": "Douglas Geovanny Bustillo/Andys Iraheta/Samir Antonio Talhami Bustillo" }, "geometry": { "type": "Point", "coordinates": [ -88.0241389, 15.50411111 ] } },
{ "type": "Feature", "properties": { "Latitud Origen": 15.50483333, "Longitud Origen": -88.0146944, "Usuario Origen": "Douglas Geovanny Bustillo/Andys Iraheta/Samir Antonio Talhami Bustillo" }, "geometry": { "type": "Point", "coordinates": [ -88.0146944, 15.50483333 ] } },
{ "type": "Feature", "properties": { "Latitud Origen": 15.50530556, "Longitud Origen": -88.0188889, "Usuario Origen": "Douglas Geovanny Bustillo/Andys Iraheta/Samir Antonio Talhami Bustillo" }, "geometry": { "type": "Point", "coordinates": [ -88.0188889, 15.50530556 ] } },
{ "type": "Feature", "properties": { "Latitud Origen": 15.5055, "Longitud Origen": -88.0301667, "Usuario Origen": "Douglas Geovanny Bustillo/Andys Iraheta/Samir Antonio Talhami Bustillo" }, "geometry": { "type": "Point", "coordinates": [ -88.0301667, 15.5055 ] } },
{ "type": "Feature", "properties": { "Latitud Origen": 15.50597222, "Longitud Origen": -88.0250278, "Usuario Origen": "Douglas Geovanny Bustillo/Andys Iraheta/Samir Antonio Talhami Bustillo" }, "geometry": { "type": "Point", "coordinates": [ -88.0250278, 15.50597222 ] } },
{ "type": "Feature", "properties": { "Latitud Origen": 15.5059727, "Longitud Origen": -88.0250296, "Usuario Origen": "Douglas Geovanny Bustillo/Andys Iraheta/Samir Antonio Talhami Bustillo" }, "geometry": { "type": "Point", "coordinates": [ -88.0250296, 15.5059727 ] } },
{ "type": "Feature", "properties": { "Latitud Origen": 15.50605556, "Longitud Origen": -88.0363611, "Usuario Origen": "Douglas Geovanny Bustillo/Andys Iraheta/Samir Antonio Talhami Bustillo" }, "geometry": { "type": "Point", "coordinates": [ -88.0363611, 15.50605556 ] } },
{ "type": "Feature", "properties": { "Latitud Origen": 15.50636111, "Longitud Origen": -88.0233333, "Usuario Origen": "Douglas Geovanny Bustillo/Andys Iraheta/Samir Antonio Talhami Bustillo" }, "geometry": { "type": "Point", "coordinates": [ -88.0233333, 15.50636111 ] } },
{ "type": "Feature", "properties": { "Latitud Origen": 15.50652778, "Longitud Origen": -87.9911389, "Usuario Origen": "Douglas Geovanny Bustillo/Andys Iraheta/Samir Antonio Talhami Bustillo" }, "geometry": { "type": "Point", "coordinates": [ -87.9911389, 15.50652778 ] } },
{ "type": "Feature", "properties": { "Latitud Origen": 15.50734, "Longitud Origen": -88.03048, "Usuario Origen": "Douglas Geovanny Bustillo/Andys Iraheta/Samir Antonio Talhami Bustillo" }, "geometry": { "type": "Point", "coordinates": [ -88.03048, 15.50734 ] } },
{ "type": "Feature", "properties": { "Latitud Origen": 15.50789, "Longitud Origen": -88.03257, "Usuario Origen": "Douglas Geovanny Bustillo/Andys Iraheta/Samir Antonio Talhami Bustillo" }, "geometry": { "type": "Point", "coordinates": [ -88.03257, 15.50789 ] } },
{ "type": "Feature", "properties": { "Latitud Origen": 15.50792046, "Longitud Origen": -88.0083887, "Usuario Origen": "Douglas Geovanny Bustillo/Andys Iraheta/Samir Antonio Talhami Bustillo" }, "geometry": { "type": "Point", "coordinates": [ -88.0083887, 15.50792046 ] } },
{ "type": "Feature", "properties": { "Latitud Origen": 15.50813889, "Longitud Origen": -88.0011111, "Usuario Origen": "Douglas Geovanny Bustillo/Andys Iraheta/Samir Antonio Talhami Bustillo" }, "geometry": { "type": "Point", "coordinates": [ -88.0011111, 15.50813889 ] } },
{ "type": "Feature", "properties": { "Latitud Origen": 15.508383, "Longitud Origen": -88.036067, "Usuario Origen": "Douglas Geovanny Bustillo/Andys Iraheta/Samir Antonio Talhami Bustillo" }, "geometry": { "type": "Point", "coordinates": [ -88.036067, 15.508383 ] } },
{ "type": "Feature", "properties": { "Latitud Origen": 15.50858333, "Longitud Origen": -88.0238889, "Usuario Origen": "Douglas Geovanny Bustillo/Andys Iraheta/Samir Antonio Talhami Bustillo" }, "geometry": { "type": "Point", "coordinates": [ -88.0238889, 15.50858333 ] } },
{ "type": "Feature", "properties": { "Latitud Origen": 15.50989837, "Longitud Origen": -88.0438065, "Usuario Origen": "Douglas Geovanny Bustillo/Andys Iraheta/Samir Antonio Talhami Bustillo" }, "geometry": { "type": "Point", "coordinates": [ -88.0438065, 15.50989837 ] } },
{ "type": "Feature", "properties": { "Latitud Origen": 15.51008276, "Longitud Origen": -88.0295528, "Usuario Origen": "Douglas Geovanny Bustillo/Andys Iraheta/Samir Antonio Talhami Bustillo" }, "geometry": { "type": "Point", "coordinates": [ -88.0295528, 15.51008276 ] } },
{ "type": "Feature", "properties": { "Latitud Origen": 15.51031, "Longitud Origen": -88.01709, "Usuario Origen": "Douglas Geovanny Bustillo/Andys Iraheta/Samir Antonio Talhami Bustillo" }, "geometry": { "type": "Point", "coordinates": [ -88.01709, 15.51031 ] } },
{ "type": "Feature", "properties": { "Latitud Origen": 15.51061407, "Longitud Origen": -88.0182841, "Usuario Origen": "Douglas Geovanny Bustillo/Andys Iraheta/Samir Antonio Talhami Bustillo" }, "geometry": { "type": "Point", "coordinates": [ -88.0182841, 15.51061407 ] } },
{ "type": "Feature", "properties": { "Latitud Origen": 15.51205, "Longitud Origen": -88.03062, "Usuario Origen": "Douglas Geovanny Bustillo/Andys Iraheta/Samir Antonio Talhami Bustillo" }, "geometry": { "type": "Point", "coordinates": [ -88.03062, 15.51205 ] } },
{ "type": "Feature", "properties": { "Latitud Origen": 15.51262, "Longitud Origen": -88.01089, "Usuario Origen": "Douglas Geovanny Bustillo/Andys Iraheta/Samir Antonio Talhami Bustillo" }, "geometry": { "type": "Point", "coordinates": [ -88.01089, 15.51262 ] } },
{ "type": "Feature", "properties": { "Latitud Origen": 15.51288889, "Longitud Origen": -88.0245556, "Usuario Origen": "Douglas Geovanny Bustillo/Andys Iraheta/Samir Antonio Talhami Bustillo" }, "geometry": { "type": "Point", "coordinates": [ -88.0245556, 15.51288889 ] } },
{ "type": "Feature", "properties": { "Latitud Origen": 15.51338889, "Longitud Origen": -88.0140833, "Usuario Origen": "Douglas Geovanny Bustillo/Andys Iraheta/Samir Antonio Talhami Bustillo" }, "geometry": { "type": "Point", "coordinates": [ -88.0140833, 15.51338889 ] } },
{ "type": "Feature", "properties": { "Latitud Origen": 15.51380082, "Longitud Origen": -88.0366847, "Usuario Origen": "Douglas Geovanny Bustillo/Andys Iraheta/Samir Antonio Talhami Bustillo" }, "geometry": { "type": "Point", "coordinates": [ -88.0366847, 15.51380082 ] } },
{ "type": "Feature", "properties": { "Latitud Origen": 15.51433333, "Longitud Origen": -88.0188611, "Usuario Origen": "Douglas Geovanny Bustillo/Andys Iraheta/Samir Antonio Talhami Bustillo" }, "geometry": { "type": "Point", "coordinates": [ -88.0188611, 15.51433333 ] } },
{ "type": "Feature", "properties": { "Latitud Origen": 15.51705816, "Longitud Origen": -88.0456139, "Usuario Origen": "Douglas Geovanny Bustillo/Andys Iraheta/Samir Antonio Talhami Bustillo" }, "geometry": { "type": "Point", "coordinates": [ -88.0456139, 15.51705816 ] } },
{ "type": "Feature", "properties": { "Latitud Origen": 15.51723829, "Longitud Origen": -88.0264837, "Usuario Origen": "Douglas Geovanny Bustillo/Andys Iraheta/Samir Antonio Talhami Bustillo" }, "geometry": { "type": "Point", "coordinates": [ -88.0264837, 15.51723829 ] } },
{ "type": "Feature", "properties": { "Latitud Origen": 15.51784, "Longitud Origen": -88.030801, "Usuario Origen": "Douglas Geovanny Bustillo/Andys Iraheta/Samir Antonio Talhami Bustillo" }, "geometry": { "type": "Point", "coordinates": [ -88.030801, 15.51784 ] } },
{ "type": "Feature", "properties": { "Latitud Origen": 15.52036067, "Longitud Origen": -88.0217815, "Usuario Origen": "Douglas Geovanny Bustillo/Andys Iraheta/Samir Antonio Talhami Bustillo" }, "geometry": { "type": "Point", "coordinates": [ -88.0217815, 15.52036067 ] } },
{ "type": "Feature", "properties": { "Latitud Origen": 15.52062222, "Longitud Origen": -87.6987778, "Usuario Origen": "Douglas Geovanny Bustillo/Andys Iraheta/Samir Antonio Talhami Bustillo" }, "geometry": { "type": "Point", "coordinates": [ -87.6987778, 15.52062222 ] } },
{ "type": "Feature", "properties": { "Latitud Origen": 15.52067475, "Longitud Origen": -88.0164035, "Usuario Origen": "Douglas Geovanny Bustillo/Andys Iraheta/Samir Antonio Talhami Bustillo" }, "geometry": { "type": "Point", "coordinates": [ -88.0164035, 15.52067475 ] } },
{ "type": "Feature", "properties": { "Latitud Origen": 15.52408333, "Longitud Origen": -88.0435833, "Usuario Origen": "Douglas Geovanny Bustillo/Andys Iraheta/Samir Antonio Talhami Bustillo" }, "geometry": { "type": "Point", "coordinates": [ -88.0435833, 15.52408333 ] } },
{ "type": "Feature", "properties": { "Latitud Origen": 15.524682, "Longitud Origen": -88.031441, "Usuario Origen": "Douglas Geovanny Bustillo/Andys Iraheta/Samir Antonio Talhami Bustillo" }, "geometry": { "type": "Point", "coordinates": [ -88.031441, 15.524682 ] } },
{ "type": "Feature", "properties": { "Latitud Origen": 15.52544279, "Longitud Origen": -88.0252749, "Usuario Origen": "Douglas Geovanny Bustillo/Andys Iraheta/Samir Antonio Talhami Bustillo" }, "geometry": { "type": "Point", "coordinates": [ -88.0252749, 15.52544279 ] } },
{ "type": "Feature", "properties": { "Latitud Origen": 15.52882, "Longitud Origen": -87.9527, "Usuario Origen": "Douglas Geovanny Bustillo/Andys Iraheta/Samir Antonio Talhami Bustillo" }, "geometry": { "type": "Point", "coordinates": [ -87.9527, 15.52882 ] } },
{ "type": "Feature", "properties": { "Latitud Origen": 15.52922825, "Longitud Origen": -88.0198765, "Usuario Origen": "Douglas Geovanny Bustillo/Andys Iraheta/Samir Antonio Talhami Bustillo" }, "geometry": { "type": "Point", "coordinates": [ -88.0198765, 15.52922825 ] } },
{ "type": "Feature", "properties": { "Latitud Origen": 15.53514445, "Longitud Origen": -88.023325, "Usuario Origen": "Douglas Geovanny Bustillo/Andys Iraheta/Samir Antonio Talhami Bustillo" }, "geometry": { "type": "Point", "coordinates": [ -88.023325, 15.53514445 ] } },
{ "type": "Feature", "properties": { "Latitud Origen": 15.53683333, "Longitud Origen": -87.6561389, "Usuario Origen": "Douglas Geovanny Bustillo/Andys Iraheta/Samir Antonio Talhami Bustillo" }, "geometry": { "type": "Point", "coordinates": [ -87.6561389, 15.53683333 ] } },
{ "type": "Feature", "properties": { "Latitud Origen": 15.53699499, "Longitud Origen": -88.0136116, "Usuario Origen": "Douglas Geovanny Bustillo/Andys Iraheta/Samir Antonio Talhami Bustillo" }, "geometry": { "type": "Point", "coordinates": [ -88.0136116, 15.53699499 ] } },
{ "type": "Feature", "properties": { "Latitud Origen": 15.53805556, "Longitud Origen": -88.0186111, "Usuario Origen": "Douglas Geovanny Bustillo/Andys Iraheta/Samir Antonio Talhami Bustillo" }, "geometry": { "type": "Point", "coordinates": [ -88.0186111, 15.53805556 ] } },
{ "type": "Feature", "properties": { "Latitud Origen": 15.53939015, "Longitud Origen": -88.0331668, "Usuario Origen": "Douglas Geovanny Bustillo/Andys Iraheta/Samir Antonio Talhami Bustillo" }, "geometry": { "type": "Point", "coordinates": [ -88.0331668, 15.53939015 ] } },
{ "type": "Feature", "properties": { "Latitud Origen": 15.54002, "Longitud Origen": -87.92042, "Usuario Origen": "Douglas Geovanny Bustillo/Andys Iraheta/Samir Antonio Talhami Bustillo" }, "geometry": { "type": "Point", "coordinates": [ -87.92042, 15.54002 ] } },
{ "type": "Feature", "properties": { "Latitud Origen": 15.542115, "Longitud Origen": -88.010774, "Usuario Origen": "Douglas Geovanny Bustillo/Andys Iraheta/Samir Antonio Talhami Bustillo" }, "geometry": { "type": "Point", "coordinates": [ -88.010774, 15.542115 ] } },
{ "type": "Feature", "properties": { "Latitud Origen": 15.5435, "Longitud Origen": -88.0006111, "Usuario Origen": "Douglas Geovanny Bustillo/Andys Iraheta/Samir Antonio Talhami Bustillo" }, "geometry": { "type": "Point", "coordinates": [ -88.0006111, 15.5435 ] } },
{ "type": "Feature", "properties": { "Latitud Origen": 15.54522413, "Longitud Origen": -88.0168595, "Usuario Origen": "Douglas Geovanny Bustillo/Andys Iraheta/Samir Antonio Talhami Bustillo" }, "geometry": { "type": "Point", "coordinates": [ -88.0168595, 15.54522413 ] } },
{ "type": "Feature", "properties": { "Latitud Origen": 15.55014862, "Longitud Origen": -88.0035027, "Usuario Origen": "Douglas Geovanny Bustillo/Andys Iraheta/Samir Antonio Talhami Bustillo" }, "geometry": { "type": "Point", "coordinates": [ -88.0035027, 15.55014862 ] } },
{ "type": "Feature", "properties": { "Latitud Origen": 15.55277, "Longitud Origen": -87.99824, "Usuario Origen": "Douglas Geovanny Bustillo/Andys Iraheta/Samir Antonio Talhami Bustillo" }, "geometry": { "type": "Point", "coordinates": [ -87.99824, 15.55277 ] } },
{ "type": "Feature", "properties": { "Latitud Origen": 15.555207, "Longitud Origen": -87.967496, "Usuario Origen": "Douglas Geovanny Bustillo/Andys Iraheta/Samir Antonio Talhami Bustillo" }, "geometry": { "type": "Point", "coordinates": [ -87.967496, 15.555207 ] } },
{ "type": "Feature", "properties": { "Latitud Origen": 15.55525278, "Longitud Origen": -87.9674889, "Usuario Origen": "Douglas Geovanny Bustillo/Andys Iraheta/Samir Antonio Talhami Bustillo" }, "geometry": { "type": "Point", "coordinates": [ -87.9674889, 15.55525278 ] } },
{ "type": "Feature", "properties": { "Latitud Origen": 15.55597222, "Longitud Origen": -87.9936389, "Usuario Origen": "Douglas Geovanny Bustillo/Andys Iraheta/Samir Antonio Talhami Bustillo" }, "geometry": { "type": "Point", "coordinates": [ -87.9936389, 15.55597222 ] } },
{ "type": "Feature", "properties": { "Latitud Origen": 15.55811111, "Longitud Origen": -88.0013889, "Usuario Origen": "Douglas Geovanny Bustillo/Andys Iraheta/Samir Antonio Talhami Bustillo" }, "geometry": { "type": "Point", "coordinates": [ -88.0013889, 15.55811111 ] } },
{ "type": "Feature", "properties": { "Latitud Origen": 15.56033333, "Longitud Origen": -88.0196389, "Usuario Origen": "Douglas Geovanny Bustillo/Andys Iraheta/Samir Antonio Talhami Bustillo" }, "geometry": { "type": "Point", "coordinates": [ -88.0196389, 15.56033333 ] } },
{ "type": "Feature", "properties": { "Latitud Origen": 15.56822222, "Longitud Origen": -87.9668889, "Usuario Origen": "Douglas Geovanny Bustillo/Andys Iraheta/Samir Antonio Talhami Bustillo" }, "geometry": { "type": "Point", "coordinates": [ -87.9668889, 15.56822222 ] } },
{ "type": "Feature", "properties": { "Latitud Origen": 15.57383333, "Longitud Origen": -87.9547778, "Usuario Origen": "Douglas Geovanny Bustillo/Andys Iraheta/Samir Antonio Talhami Bustillo" }, "geometry": { "type": "Point", "coordinates": [ -87.9547778, 15.57383333 ] } },
{ "type": "Feature", "properties": { "Latitud Origen": 15.57922549, "Longitud Origen": -87.9513616, "Usuario Origen": "Douglas Geovanny Bustillo/Andys Iraheta/Samir Antonio Talhami Bustillo" }, "geometry": { "type": "Point", "coordinates": [ -87.9513616, 15.57922549 ] } },
{ "type": "Feature", "properties": { "Latitud Origen": 15.58486111, "Longitud Origen": -87.9502778, "Usuario Origen": "Douglas Geovanny Bustillo/Andys Iraheta/Samir Antonio Talhami Bustillo" }, "geometry": { "type": "Point", "coordinates": [ -87.9502778, 15.58486111 ] } },
{ "type": "Feature", "properties": { "Latitud Origen": 15.58944642, "Longitud Origen": -87.6520796, "Usuario Origen": "Douglas Geovanny Bustillo/Andys Iraheta/Samir Antonio Talhami Bustillo" }, "geometry": { "type": "Point", "coordinates": [ -87.6520796, 15.58944642 ] } },
{ "type": "Feature", "properties": { "Latitud Origen": 15.59036111, "Longitud Origen": -87.9505556, "Usuario Origen": "Douglas Geovanny Bustillo/Andys Iraheta/Samir Antonio Talhami Bustillo" }, "geometry": { "type": "Point", "coordinates": [ -87.9505556, 15.59036111 ] } },
{ "type": "Feature", "properties": { "Latitud Origen": 15.59067111, "Longitud Origen": -87.2369135, "Usuario Origen": "Douglas Geovanny Bustillo/Andys Iraheta/Samir Antonio Talhami Bustillo" }, "geometry": { "type": "Point", "coordinates": [ -87.2369135, 15.59067111 ] } },
{ "type": "Feature", "properties": { "Latitud Origen": 15.59841709, "Longitud Origen": -87.2058994, "Usuario Origen": "Douglas Geovanny Bustillo/Andys Iraheta/Samir Antonio Talhami Bustillo" }, "geometry": { "type": "Point", "coordinates": [ -87.2058994, 15.59841709 ] } },
{ "type": "Feature", "properties": { "Latitud Origen": 15.60066667, "Longitud Origen": -87.9535556, "Usuario Origen": "Douglas Geovanny Bustillo/Andys Iraheta/Samir Antonio Talhami Bustillo" }, "geometry": { "type": "Point", "coordinates": [ -87.9535556, 15.60066667 ] } },
{ "type": "Feature", "properties": { "Latitud Origen": 15.606049, "Longitud Origen": -87.174817, "Usuario Origen": "Douglas Geovanny Bustillo/Andys Iraheta/Samir Antonio Talhami Bustillo" }, "geometry": { "type": "Point", "coordinates": [ -87.174817, 15.606049 ] } },
{ "type": "Feature", "properties": { "Latitud Origen": 15.60711111, "Longitud Origen": -87.9581944, "Usuario Origen": "Douglas Geovanny Bustillo/Andys Iraheta/Samir Antonio Talhami Bustillo" }, "geometry": { "type": "Point", "coordinates": [ -87.9581944, 15.60711111 ] } },
{ "type": "Feature", "properties": { "Latitud Origen": 15.60836111, "Longitud Origen": -87.9488056, "Usuario Origen": "Douglas Geovanny Bustillo/Andys Iraheta/Samir Antonio Talhami Bustillo" }, "geometry": { "type": "Point", "coordinates": [ -87.9488056, 15.60836111 ] } },
{ "type": "Feature", "properties": { "Latitud Origen": 15.61152778, "Longitud Origen": -87.9415278, "Usuario Origen": "Douglas Geovanny Bustillo/Andys Iraheta/Samir Antonio Talhami Bustillo" }, "geometry": { "type": "Point", "coordinates": [ -87.9415278, 15.61152778 ] } },
{ "type": "Feature", "properties": { "Latitud Origen": 15.61185081, "Longitud Origen": -87.9635445, "Usuario Origen": "Douglas Geovanny Bustillo/Andys Iraheta/Samir Antonio Talhami Bustillo" }, "geometry": { "type": "Point", "coordinates": [ -87.9635445, 15.61185081 ] } },
{ "type": "Feature", "properties": { "Latitud Origen": 15.61389, "Longitud Origen": -87.95104, "Usuario Origen": "Douglas Geovanny Bustillo/Andys Iraheta/Samir Antonio Talhami Bustillo" }, "geometry": { "type": "Point", "coordinates": [ -87.95104, 15.61389 ] } },
{ "type": "Feature", "properties": { "Latitud Origen": 15.615081, "Longitud Origen": -87.958607, "Usuario Origen": "Douglas Geovanny Bustillo/Andys Iraheta/Samir Antonio Talhami Bustillo" }, "geometry": { "type": "Point", "coordinates": [ -87.958607, 15.615081 ] } },
{ "type": "Feature", "properties": { "Latitud Origen": 15.61508149, "Longitud Origen": -87.9586066, "Usuario Origen": "Douglas Geovanny Bustillo/Andys Iraheta/Samir Antonio Talhami Bustillo" }, "geometry": { "type": "Point", "coordinates": [ -87.9586066, 15.61508149 ] } },
{ "type": "Feature", "properties": { "Latitud Origen": 15.62044123, "Longitud Origen": -87.9513379, "Usuario Origen": "Douglas Geovanny Bustillo/Andys Iraheta/Samir Antonio Talhami Bustillo" }, "geometry": { "type": "Point", "coordinates": [ -87.9513379, 15.62044123 ] } },
{ "type": "Feature", "properties": { "Latitud Origen": 15.62994444, "Longitud Origen": -87.9505, "Usuario Origen": "Douglas Geovanny Bustillo/Andys Iraheta/Samir Antonio Talhami Bustillo" }, "geometry": { "type": "Point", "coordinates": [ -87.9505, 15.62994444 ] } },
{ "type": "Feature", "properties": { "Latitud Origen": 15.63144444, "Longitud Origen": -87.2775278, "Usuario Origen": "Douglas Geovanny Bustillo/Andys Iraheta/Samir Antonio Talhami Bustillo" }, "geometry": { "type": "Point", "coordinates": [ -87.2775278, 15.63144444 ] } },
{ "type": "Feature", "properties": { "Latitud Origen": 15.64126, "Longitud Origen": -87.99543, "Usuario Origen": "Douglas Geovanny Bustillo/Andys Iraheta/Samir Antonio Talhami Bustillo" }, "geometry": { "type": "Point", "coordinates": [ -87.99543, 15.64126 ] } },
{ "type": "Feature", "properties": { "Latitud Origen": 15.64185, "Longitud Origen": -87.98334, "Usuario Origen": "Douglas Geovanny Bustillo/Andys Iraheta/Samir Antonio Talhami Bustillo" }, "geometry": { "type": "Point", "coordinates": [ -87.98334, 15.64185 ] } },
{ "type": "Feature", "properties": { "Latitud Origen": 15.64188889, "Longitud Origen": -87.0544167, "Usuario Origen": "Douglas Geovanny Bustillo/Andys Iraheta/Samir Antonio Talhami Bustillo" }, "geometry": { "type": "Point", "coordinates": [ -87.0544167, 15.64188889 ] } },
{ "type": "Feature", "properties": { "Latitud Origen": 15.64619, "Longitud Origen": -87.99181, "Usuario Origen": "Douglas Geovanny Bustillo/Andys Iraheta/Samir Antonio Talhami Bustillo" }, "geometry": { "type": "Point", "coordinates": [ -87.99181, 15.64619 ] } },
{ "type": "Feature", "properties": { "Latitud Origen": 15.65305556, "Longitud Origen": -87.9480278, "Usuario Origen": "Douglas Geovanny Bustillo/Andys Iraheta/Samir Antonio Talhami Bustillo" }, "geometry": { "type": "Point", "coordinates": [ -87.9480278, 15.65305556 ] } },
{ "type": "Feature", "properties": { "Latitud Origen": 15.65319444, "Longitud Origen": -87.5996667, "Usuario Origen": "Douglas Geovanny Bustillo/Andys Iraheta/Samir Antonio Talhami Bustillo" }, "geometry": { "type": "Point", "coordinates": [ -87.5996667, 15.65319444 ] } },
{ "type": "Feature", "properties": { "Latitud Origen": 15.66366834, "Longitud Origen": -86.4880561, "Usuario Origen": "Douglas Geovanny Bustillo/Andys Iraheta/Samir Antonio Talhami Bustillo" }, "geometry": { "type": "Point", "coordinates": [ -86.4880561, 15.66366834 ] } },
{ "type": "Feature", "properties": { "Latitud Origen": 15.66863889, "Longitud Origen": -87.0426389, "Usuario Origen": "Douglas Geovanny Bustillo/Andys Iraheta/Samir Antonio Talhami Bustillo" }, "geometry": { "type": "Point", "coordinates": [ -87.0426389, 15.66863889 ] } },
{ "type": "Feature", "properties": { "Latitud Origen": 15.66928486, "Longitud Origen": -87.6402206, "Usuario Origen": "Douglas Geovanny Bustillo/Andys Iraheta/Samir Antonio Talhami Bustillo" }, "geometry": { "type": "Point", "coordinates": [ -87.6402206, 15.66928486 ] } },
{ "type": "Feature", "properties": { "Latitud Origen": 15.67511111, "Longitud Origen": -87.9407222, "Usuario Origen": "Douglas Geovanny Bustillo/Andys Iraheta/Samir Antonio Talhami Bustillo" }, "geometry": { "type": "Point", "coordinates": [ -87.9407222, 15.67511111 ] } },
{ "type": "Feature", "properties": { "Latitud Origen": 15.68541342, "Longitud Origen": -87.3263876, "Usuario Origen": "Douglas Geovanny Bustillo/Andys Iraheta/Samir Antonio Talhami Bustillo" }, "geometry": { "type": "Point", "coordinates": [ -87.3263876, 15.68541342 ] } },
{ "type": "Feature", "properties": { "Latitud Origen": 15.68927778, "Longitud Origen": -86.5045278, "Usuario Origen": "Douglas Geovanny Bustillo/Andys Iraheta/Samir Antonio Talhami Bustillo" }, "geometry": { "type": "Point", "coordinates": [ -86.5045278, 15.68927778 ] } },
{ "type": "Feature", "properties": { "Latitud Origen": 15.70889109, "Longitud Origen": -87.9427783, "Usuario Origen": "Douglas Geovanny Bustillo/Andys Iraheta/Samir Antonio Talhami Bustillo" }, "geometry": { "type": "Point", "coordinates": [ -87.9427783, 15.70889109 ] } },
{ "type": "Feature", "properties": { "Latitud Origen": 15.71125, "Longitud Origen": -86.914583, "Usuario Origen": "Douglas Geovanny Bustillo/Andys Iraheta/Samir Antonio Talhami Bustillo" }, "geometry": { "type": "Point", "coordinates": [ -86.914583, 15.71125 ] } },
{ "type": "Feature", "properties": { "Latitud Origen": 15.71527485, "Longitud Origen": -85.8867222, "Usuario Origen": "Douglas Geovanny Bustillo/Andys Iraheta/Samir Antonio Talhami Bustillo" }, "geometry": { "type": "Point", "coordinates": [ -85.8867222, 15.71527485 ] } },
{ "type": "Feature", "properties": { "Latitud Origen": 15.73019444, "Longitud Origen": -87.5815, "Usuario Origen": "Douglas Geovanny Bustillo/Andys Iraheta/Samir Antonio Talhami Bustillo" }, "geometry": { "type": "Point", "coordinates": [ -87.5815, 15.73019444 ] } },
{ "type": "Feature", "properties": { "Latitud Origen": 15.73132943, "Longitud Origen": -86.4878931, "Usuario Origen": "Douglas Geovanny Bustillo/Andys Iraheta/Samir Antonio Talhami Bustillo" }, "geometry": { "type": "Point", "coordinates": [ -86.4878931, 15.73132943 ] } },
{ "type": "Feature", "properties": { "Latitud Origen": 15.7321434, "Longitud Origen": -87.5143363, "Usuario Origen": "Douglas Geovanny Bustillo/Andys Iraheta/Samir Antonio Talhami Bustillo" }, "geometry": { "type": "Point", "coordinates": [ -87.5143363, 15.7321434 ] } },
{ "type": "Feature", "properties": { "Latitud Origen": 15.7322277, "Longitud Origen": -87.900444, "Usuario Origen": "Douglas Geovanny Bustillo/Andys Iraheta/Samir Antonio Talhami Bustillo" }, "geometry": { "type": "Point", "coordinates": [ -87.900444, 15.7322277 ] } },
{ "type": "Feature", "properties": { "Latitud Origen": 15.73227778, "Longitud Origen": -87.9004444, "Usuario Origen": "Douglas Geovanny Bustillo/Andys Iraheta/Samir Antonio Talhami Bustillo" }, "geometry": { "type": "Point", "coordinates": [ -87.9004444, 15.73227778 ] } },
{ "type": "Feature", "properties": { "Latitud Origen": 15.74015867, "Longitud Origen": -87.3291631, "Usuario Origen": "Douglas Geovanny Bustillo/Andys Iraheta/Samir Antonio Talhami Bustillo" }, "geometry": { "type": "Point", "coordinates": [ -87.3291631, 15.74015867 ] } },
{ "type": "Feature", "properties": { "Latitud Origen": 15.747884, "Longitud Origen": -85.821619, "Usuario Origen": "Douglas Geovanny Bustillo/Andys Iraheta/Samir Antonio Talhami Bustillo" }, "geometry": { "type": "Point", "coordinates": [ -85.821619, 15.747884 ] } },
{ "type": "Feature", "properties": { "Latitud Origen": 15.75005278, "Longitud Origen": -86.842925, "Usuario Origen": "Douglas Geovanny Bustillo/Andys Iraheta/Samir Antonio Talhami Bustillo" }, "geometry": { "type": "Point", "coordinates": [ -86.842925, 15.75005278 ] } },
{ "type": "Feature", "properties": { "Latitud Origen": 15.75455, "Longitud Origen": -85.74643, "Usuario Origen": "Douglas Geovanny Bustillo/Andys Iraheta/Samir Antonio Talhami Bustillo" }, "geometry": { "type": "Point", "coordinates": [ -85.74643, 15.75455 ] } },
{ "type": "Feature", "properties": { "Latitud Origen": 15.7605, "Longitud Origen": -86.8132222, "Usuario Origen": "Douglas Geovanny Bustillo/Andys Iraheta/Samir Antonio Talhami Bustillo" }, "geometry": { "type": "Point", "coordinates": [ -86.8132222, 15.7605 ] } },
{ "type": "Feature", "properties": { "Latitud Origen": 15.760855, "Longitud Origen": -86.809771, "Usuario Origen": "Douglas Geovanny Bustillo/Andys Iraheta/Samir Antonio Talhami Bustillo" }, "geometry": { "type": "Point", "coordinates": [ -86.809771, 15.760855 ] } },
{ "type": "Feature", "properties": { "Latitud Origen": 15.76224724, "Longitud Origen": -86.8200851, "Usuario Origen": "Douglas Geovanny Bustillo/Andys Iraheta/Samir Antonio Talhami Bustillo" }, "geometry": { "type": "Point", "coordinates": [ -86.8200851, 15.76224724 ] } },
{ "type": "Feature", "properties": { "Latitud Origen": 15.7636, "Longitud Origen": -86.7886778, "Usuario Origen": "Douglas Geovanny Bustillo/Andys Iraheta/Samir Antonio Talhami Bustillo" }, "geometry": { "type": "Point", "coordinates": [ -86.7886778, 15.7636 ] } },
{ "type": "Feature", "properties": { "Latitud Origen": 15.7636, "Longitud Origen": -86.78868, "Usuario Origen": "Douglas Geovanny Bustillo/Andys Iraheta/Samir Antonio Talhami Bustillo" }, "geometry": { "type": "Point", "coordinates": [ -86.78868, 15.7636 ] } },
{ "type": "Feature", "properties": { "Latitud Origen": 15.76375169, "Longitud Origen": -87.4812194, "Usuario Origen": "Douglas Geovanny Bustillo/Andys Iraheta/Samir Antonio Talhami Bustillo" }, "geometry": { "type": "Point", "coordinates": [ -87.4812194, 15.76375169 ] } },
{ "type": "Feature", "properties": { "Latitud Origen": 15.76577143, "Longitud Origen": -86.8076002, "Usuario Origen": "Douglas Geovanny Bustillo/Andys Iraheta/Samir Antonio Talhami Bustillo" }, "geometry": { "type": "Point", "coordinates": [ -86.8076002, 15.76577143 ] } },
{ "type": "Feature", "properties": { "Latitud Origen": 15.7665274, "Longitud Origen": -86.775662, "Usuario Origen": "Douglas Geovanny Bustillo/Andys Iraheta/Samir Antonio Talhami Bustillo" }, "geometry": { "type": "Point", "coordinates": [ -86.775662, 15.7665274 ] } },
{ "type": "Feature", "properties": { "Latitud Origen": 15.76947223, "Longitud Origen": -86.7931945, "Usuario Origen": "Douglas Geovanny Bustillo/Andys Iraheta/Samir Antonio Talhami Bustillo" }, "geometry": { "type": "Point", "coordinates": [ -86.7931945, 15.76947223 ] } },
{ "type": "Feature", "properties": { "Latitud Origen": 15.76958611, "Longitud Origen": -86.7979972, "Usuario Origen": "Douglas Geovanny Bustillo/Andys Iraheta/Samir Antonio Talhami Bustillo" }, "geometry": { "type": "Point", "coordinates": [ -86.7979972, 15.76958611 ] } },
{ "type": "Feature", "properties": { "Latitud Origen": 15.76966796, "Longitud Origen": -87.4409687, "Usuario Origen": "Douglas Geovanny Bustillo/Andys Iraheta/Samir Antonio Talhami Bustillo" }, "geometry": { "type": "Point", "coordinates": [ -87.4409687, 15.76966796 ] } },
{ "type": "Feature", "properties": { "Latitud Origen": 15.769672, "Longitud Origen": -86.789942, "Usuario Origen": "Douglas Geovanny Bustillo/Andys Iraheta/Samir Antonio Talhami Bustillo" }, "geometry": { "type": "Point", "coordinates": [ -86.789942, 15.769672 ] } },
{ "type": "Feature", "properties": { "Latitud Origen": 15.77228, "Longitud Origen": -86.79282, "Usuario Origen": "Douglas Geovanny Bustillo/Andys Iraheta/Samir Antonio Talhami Bustillo" }, "geometry": { "type": "Point", "coordinates": [ -86.79282, 15.77228 ] } },
{ "type": "Feature", "properties": { "Latitud Origen": 15.77280556, "Longitud Origen": -87.8475278, "Usuario Origen": "Douglas Geovanny Bustillo/Andys Iraheta/Samir Antonio Talhami Bustillo" }, "geometry": { "type": "Point", "coordinates": [ -87.8475278, 15.77280556 ] } },
{ "type": "Feature", "properties": { "Latitud Origen": 15.775247, "Longitud Origen": -86.774667, "Usuario Origen": "Douglas Geovanny Bustillo/Andys Iraheta/Samir Antonio Talhami Bustillo" }, "geometry": { "type": "Point", "coordinates": [ -86.774667, 15.775247 ] } },
{ "type": "Feature", "properties": { "Latitud Origen": 15.77607905, "Longitud Origen": -86.8091683, "Usuario Origen": "Douglas Geovanny Bustillo/Andys Iraheta/Samir Antonio Talhami Bustillo" }, "geometry": { "type": "Point", "coordinates": [ -86.8091683, 15.77607905 ] } },
{ "type": "Feature", "properties": { "Latitud Origen": 15.77724722, "Longitud Origen": -86.8015556, "Usuario Origen": "Douglas Geovanny Bustillo/Andys Iraheta/Samir Antonio Talhami Bustillo" }, "geometry": { "type": "Point", "coordinates": [ -86.8015556, 15.77724722 ] } },
{ "type": "Feature", "properties": { "Latitud Origen": 15.77810833, "Longitud Origen": -87.3947167, "Usuario Origen": "Douglas Geovanny Bustillo/Andys Iraheta/Samir Antonio Talhami Bustillo" }, "geometry": { "type": "Point", "coordinates": [ -87.3947167, 15.77810833 ] } },
{ "type": "Feature", "properties": { "Latitud Origen": 15.77847223, "Longitud Origen": -86.7950556, "Usuario Origen": "Douglas Geovanny Bustillo/Andys Iraheta/Samir Antonio Talhami Bustillo" }, "geometry": { "type": "Point", "coordinates": [ -86.7950556, 15.77847223 ] } },
{ "type": "Feature", "properties": { "Latitud Origen": 15.78085711, "Longitud Origen": -87.8524724, "Usuario Origen": "Douglas Geovanny Bustillo/Andys Iraheta/Samir Antonio Talhami Bustillo" }, "geometry": { "type": "Point", "coordinates": [ -87.8524724, 15.78085711 ] } },
{ "type": "Feature", "properties": { "Latitud Origen": 15.78166545, "Longitud Origen": -87.8758344, "Usuario Origen": "Douglas Geovanny Bustillo/Andys Iraheta/Samir Antonio Talhami Bustillo" }, "geometry": { "type": "Point", "coordinates": [ -87.8758344, 15.78166545 ] } },
{ "type": "Feature", "properties": { "Latitud Origen": 15.78269444, "Longitud Origen": -86.7915833, "Usuario Origen": "Douglas Geovanny Bustillo/Andys Iraheta/Samir Antonio Talhami Bustillo" }, "geometry": { "type": "Point", "coordinates": [ -86.7915833, 15.78269444 ] } },
{ "type": "Feature", "properties": { "Latitud Origen": 15.78303489, "Longitud Origen": -87.4472435, "Usuario Origen": "Douglas Geovanny Bustillo/Andys Iraheta/Samir Antonio Talhami Bustillo" }, "geometry": { "type": "Point", "coordinates": [ -87.4472435, 15.78303489 ] } },
{ "type": "Feature", "properties": { "Latitud Origen": 15.78461499, "Longitud Origen": -86.7912808, "Usuario Origen": "Douglas Geovanny Bustillo/Andys Iraheta/Samir Antonio Talhami Bustillo" }, "geometry": { "type": "Point", "coordinates": [ -86.7912808, 15.78461499 ] } },
{ "type": "Feature", "properties": { "Latitud Origen": 15.7864984, "Longitud Origen": -86.794416, "Usuario Origen": "Douglas Geovanny Bustillo/Andys Iraheta/Samir Antonio Talhami Bustillo" }, "geometry": { "type": "Point", "coordinates": [ -86.794416, 15.7864984 ] } },
{ "type": "Feature", "properties": { "Latitud Origen": 15.79961111, "Longitud Origen": -87.8485833, "Usuario Origen": "Douglas Geovanny Bustillo/Andys Iraheta/Samir Antonio Talhami Bustillo" }, "geometry": { "type": "Point", "coordinates": [ -87.8485833, 15.79961111 ] } },
{ "type": "Feature", "properties": { "Latitud Origen": 15.80818, "Longitud Origen": -87.85048, "Usuario Origen": "Douglas Geovanny Bustillo/Andys Iraheta/Samir Antonio Talhami Bustillo" }, "geometry": { "type": "Point", "coordinates": [ -87.85048, 15.80818 ] } },
{ "type": "Feature", "properties": { "Latitud Origen": 15.819247, "Longitud Origen": -87.927912, "Usuario Origen": "Douglas Geovanny Bustillo/Andys Iraheta/Samir Antonio Talhami Bustillo" }, "geometry": { "type": "Point", "coordinates": [ -87.927912, 15.819247 ] } },
{ "type": "Feature", "properties": { "Latitud Origen": 15.82080556, "Longitud Origen": -87.9223333, "Usuario Origen": "Douglas Geovanny Bustillo/Andys Iraheta/Samir Antonio Talhami Bustillo" }, "geometry": { "type": "Point", "coordinates": [ -87.9223333, 15.82080556 ] } },
{ "type": "Feature", "properties": { "Latitud Origen": 15.82116667, "Longitud Origen": -87.8902778, "Usuario Origen": "Douglas Geovanny Bustillo/Andys Iraheta/Samir Antonio Talhami Bustillo" }, "geometry": { "type": "Point", "coordinates": [ -87.8902778, 15.82116667 ] } },
{ "type": "Feature", "properties": { "Latitud Origen": 15.82305658, "Longitud Origen": -87.8519487, "Usuario Origen": "Douglas Geovanny Bustillo/Andys Iraheta/Samir Antonio Talhami Bustillo" }, "geometry": { "type": "Point", "coordinates": [ -87.8519487, 15.82305658 ] } },
{ "type": "Feature", "properties": { "Latitud Origen": 15.82469167, "Longitud Origen": -87.9300528, "Usuario Origen": "Douglas Geovanny Bustillo/Andys Iraheta/Samir Antonio Talhami Bustillo" }, "geometry": { "type": "Point", "coordinates": [ -87.9300528, 15.82469167 ] } },
{ "type": "Feature", "properties": { "Latitud Origen": 15.827085, "Longitud Origen": -87.911548, "Usuario Origen": "Douglas Geovanny Bustillo/Andys Iraheta/Samir Antonio Talhami Bustillo" }, "geometry": { "type": "Point", "coordinates": [ -87.911548, 15.827085 ] } },
{ "type": "Feature", "properties": { "Latitud Origen": 15.82791667, "Longitud Origen": -87.9215556, "Usuario Origen": "Douglas Geovanny Bustillo/Andys Iraheta/Samir Antonio Talhami Bustillo" }, "geometry": { "type": "Point", "coordinates": [ -87.9215556, 15.82791667 ] } },
{ "type": "Feature", "properties": { "Latitud Origen": 15.83986111, "Longitud Origen": -87.9325556, "Usuario Origen": "Douglas Geovanny Bustillo/Andys Iraheta/Samir Antonio Talhami Bustillo" }, "geometry": { "type": "Point", "coordinates": [ -87.9325556, 15.83986111 ] } },
{ "type": "Feature", "properties": { "Latitud Origen": 15.84634, "Longitud Origen": -87.94788, "Usuario Origen": "Douglas Geovanny Bustillo/Andys Iraheta/Samir Antonio Talhami Bustillo" }, "geometry": { "type": "Point", "coordinates": [ -87.94788, 15.84634 ] } },
{ "type": "Feature", "properties": { "Latitud Origen": 15.84657778, "Longitud Origen": -87.9433583, "Usuario Origen": "Douglas Geovanny Bustillo/Andys Iraheta/Samir Antonio Talhami Bustillo" }, "geometry": { "type": "Point", "coordinates": [ -87.9433583, 15.84657778 ] } },
{ "type": "Feature", "properties": { "Latitud Origen": 15.84658, "Longitud Origen": -87.94336, "Usuario Origen": "Douglas Geovanny Bustillo/Andys Iraheta/Samir Antonio Talhami Bustillo" }, "geometry": { "type": "Point", "coordinates": [ -87.94336, 15.84658 ] } },
{ "type": "Feature", "properties": { "Latitud Origen": 15.85022222, "Longitud Origen": -87.9363333, "Usuario Origen": "Douglas Geovanny Bustillo/Andys Iraheta/Samir Antonio Talhami Bustillo" }, "geometry": { "type": "Point", "coordinates": [ -87.9363333, 15.85022222 ] } },
{ "type": "Feature", "properties": { "Latitud Origen": 15.86177778, "Longitud Origen": -87.9443056, "Usuario Origen": "Douglas Geovanny Bustillo/Andys Iraheta/Samir Antonio Talhami Bustillo" }, "geometry": { "type": "Point", "coordinates": [ -87.9443056, 15.86177778 ] } }
]
}
